-- Codes systeme
-- Paramètres annuels

DELETE FROM SCHEMA.FWCOUP where pcosid in(select pcosid from SCHEMA.FWCOSP where pptygr ='AMPARAM');
DELETE FROM SCHEMA.FWCOSP where pptygr ='AMPARAM';

INSERT INTO SCHEMA.FWCOSP(pcosid,pptygr,pconcs,pptycn,pptycl,pptysa,pcosli,pcosdf,pcosdm,pcosdp,pcoian,pcoide,pcodfi,pcoitc,pcoise, pspy)values (41000014,'AMPARAM',0,1,3,0,'Paramètres annuels',0,2,2,2,2,0,0,0, 'spy'); 
INSERT INTO SCHEMA.FWCOUP(pcosid,plaide,pcouid,pcolut, pspy)values (41000014,'F','1','Paramètres annuels','spy'); 
INSERT INTO SCHEMA.FWCOUP(pcosid,plaide,pcouid,pcolut, pspy)values (41000014,'D','1','Paramètres annuels','spy'); 

INSERT INTO SCHEMA.FWCOSP(pcosid,pptygr,pconcs,pptycn,pptycl,pptysa,pcosli,pcosdf,pcosdm,pcosdp,pcoian,pcoide,pcodfi,pcoitc,pcoise, pspy)values (42002200,'AMPARAM',1,1,0,0,'LIMITEREVENU',2,1,2,2,2,2,41000014,0, 'spy'); 
INSERT INTO SCHEMA.FWCOUP(pcosid,plaide,pcouid,pcolut, pspy)values (42002200,'F','LSUB','Limite de revenu pour subside','spy'); 
INSERT INTO SCHEMA.FWCOSP(pcosid,pptygr,pconcs,pptycn,pptycl,pptysa,pcosli,pcosdf,pcosdm,pcosdp,pcoian,pcoide,pcodfi,pcoitc,pcoise, pspy)values (42002201,'AMPARAM',2,1,0,0,'MONTANTENFANTCHARGE',2,1,2,2,2,2,41000014,0, 'spy'); 
INSERT INTO SCHEMA.FWCOUP(pcosid,plaide,pcouid,pcolut, pspy)values (42002201,'F','MAEC','Montant avec enfant à charge','spy'); 
INSERT INTO SCHEMA.FWCOSP(pcosid,pptygr,pconcs,pptycn,pptycl,pptysa,pcosli,pcosdf,pcosdm,pcosdp,pcoian,pcoide,pcodfi,pcoitc,pcoise, pspy)values (42002202,'AMPARAM',3,1,0,0,'MONTANTNBRENFANT<3',2,1,2,2,2,2,41000014,0, 'spy'); 
INSERT INTO SCHEMA.FWCOUP(pcosid,plaide,pcouid,pcolut, pspy)values (42002202,'F','MEN2','Montant pour nombre enfant <3','spy'); 
INSERT INTO SCHEMA.FWCOSP(pcosid,pptygr,pconcs,pptycn,pptycl,pptysa,pcosli,pcosdf,pcosdm,pcosdp,pcoian,pcoide,pcodfi,pcoitc,pcoise, pspy)values (42002203,'AMPARAM',4,1,0,0,'MONTANTNBRENFANT>=3',2,1,2,2,2,2,41000014,0, 'spy'); 
INSERT INTO SCHEMA.FWCOUP(pcosid,plaide,pcouid,pcolut, pspy)values (42002203,'F','MEN3','Montant pour nombre enfant >=3','spy'); 
INSERT INTO SCHEMA.FWCOSP(pcosid,pptygr,pconcs,pptycn,pptycl,pptysa,pcosli,pcosdf,pcosdm,pcosdp,pcoian,pcoide,pcodfi,pcoitc,pcoise, pspy)values (42002204,'AMPARAM',5,1,0,0,'MONTANTSANSENFANT',2,1,2,2,2,2,41000014,0, 'spy'); 
INSERT INTO SCHEMA.FWCOUP(pcosid,plaide,pcouid,pcolut, pspy)values (42002204,'F','MSEC','Montant sans enfant à charge','spy'); 
INSERT INTO SCHEMA.FWCOSP(pcosid,pptygr,pconcs,pptycn,pptycl,pptysa,pcosli,pcosdf,pcosdm,pcosdp,pcoian,pcoide,pcodfi,pcoitc,pcoise, pspy)values (42002205,'AMPARAM',6,1,0,0,'TAUXFORTIMP',2,1,2,2,2,2,41000014,0, 'spy'); 
INSERT INTO SCHEMA.FWCOUP(pcosid,plaide,pcouid,pcolut, pspy)values (42002205,'F','TAUX','Taux calcul fortune imposable','spy'); 
INSERT INTO SCHEMA.FWCOSP(pcosid,pptygr,pconcs,pptycn,pptycl,pptysa,pcosli,pcosdf,pcosdm,pcosdp,pcoian,pcoide,pcodfi,pcoitc,pcoise, pspy)values (42002206,'AMPARAM',7,1,0,0,'IPSLIMITEREVACSUPPL',2,1,2,2,2,2,41000014,0, 'spy'); 
INSERT INTO SCHEMA.FWCOUP(pcosid,plaide,pcouid,pcolut, pspy)values (42002206,'F','ILAS','IPS - Limite revenu AC supplémentaire','spy'); 
INSERT INTO SCHEMA.FWCOSP(pcosid,pptygr,pconcs,pptycn,pptycl,pptysa,pcosli,pcosdf,pcosdm,pcosdp,pcoian,pcoide,pcodfi,pcoitc,pcoise, pspy)values (42002207,'AMPARAM',8,1,0,0,'IPSLIMITEDEDUCASS',2,1,2,2,2,2,41000014,0, 'spy'); 
INSERT INTO SCHEMA.FWCOUP(pcosid,plaide,pcouid,pcolut, pspy)values (42002207,'F','ILDA','IPS - Limite déduction assurance','spy'); 
INSERT INTO SCHEMA.FWCOSP(pcosid,pptygr,pconcs,pptycn,pptycl,pptysa,pcosli,pcosdf,pcosdm,pcosdp,pcoian,pcoide,pcodfi,pcoitc,pcoise, pspy)values (42002208,'AMPARAM',9,1,0,0,'IPSLIMITEFRAISOBT',2,1,2,2,2,2,41000014,0, 'spy'); 
INSERT INTO SCHEMA.FWCOUP(pcosid,plaide,pcouid,pcolut, pspy)values (42002208,'F','ILFO','IPS - Limite frais d''obtention','spy'); 
INSERT INTO SCHEMA.FWCOSP(pcosid,pptygr,pconcs,pptycn,pptycl,pptysa,pcosli,pcosdf,pcosdm,pcosdp,pcoian,pcoide,pcodfi,pcoitc,pcoise, pspy)values (42002209,'AMPARAM',10,1,0,0,'IPSLIMITEPRIMESAANP',2,1,2,2,2,2,41000014,0, 'spy'); 
INSERT INTO SCHEMA.FWCOUP(pcosid,plaide,pcouid,pcolut, pspy)values (42002209,'F','ILPA','IPS - Limite primes AANP','spy'); 
INSERT INTO SCHEMA.FWCOSP(pcosid,pptygr,pconcs,pptycn,pptycl,pptysa,pcosli,pcosdf,pcosdm,pcosdp,pcoian,pcoide,pcodfi,pcoitc,pcoise, pspy)values (42002210,'AMPARAM',11,1,0,0,'IPSDEDUCDOUBLEGAIN',2,1,2,2,2,2,41000014,0, 'spy'); 
INSERT INTO SCHEMA.FWCOUP(pcosid,plaide,pcouid,pcolut, pspy)values (42002210,'F','IMDD','IPS - Déduction double gain','spy'); 
INSERT INTO SCHEMA.FWCOSP(pcosid,pptygr,pconcs,pptycn,pptycl,pptysa,pcosli,pcosdf,pcosdm,pcosdp,pcoian,pcoide,pcodfi,pcoitc,pcoise, pspy)values (42002211,'AMPARAM',12,1,0,0,'IPSMONTANTDEDENF<=2',2,1,2,2,2,2,41000014,0, 'spy'); 
INSERT INTO SCHEMA.FWCOUP(pcosid,plaide,pcouid,pcolut, pspy)values (42002211,'F','IME2','IPS - Montant déduction enfant<=2','spy'); 
INSERT INTO SCHEMA.FWCOSP(pcosid,pptygr,pconcs,pptycn,pptycl,pptysa,pcosli,pcosdf,pcosdm,pcosdp,pcoian,pcoide,pcodfi,pcoitc,pcoise, pspy)values (42002212,'AMPARAM',13,1,0,0,'IPSMONTANTDEDENF>2',2,1,2,2,2,2,41000014,0, 'spy'); 
INSERT INTO SCHEMA.FWCOUP(pcosid,plaide,pcouid,pcolut, pspy)values (42002212,'F','IME3','IPS - Montant déduction enfant>2','spy'); 
INSERT INTO SCHEMA.FWCOSP(pcosid,pptygr,pconcs,pptycn,pptycl,pptysa,pcosli,pcosdf,pcosdm,pcosdp,pcoian,pcoide,pcodfi,pcoitc,pcoise, pspy)values (42002213,'AMPARAM',14,1,0,0,'IPSMONTANTDEDSUPENF',2,1,2,2,2,2,41000014,0, 'spy'); 
INSERT INTO SCHEMA.FWCOUP(pcosid,plaide,pcouid,pcolut, pspy)values (42002213,'F','IMSE','IPS - Montant déduction sup. enfant','spy'); 
INSERT INTO SCHEMA.FWCOSP(pcosid,pptygr,pconcs,pptycn,pptycl,pptysa,pcosli,pcosdf,pcosdm,pcosdp,pcoian,pcoide,pcodfi,pcoitc,pcoise, pspy)values (42002214,'AMPARAM',15,1,0,0,'IPSTAUXCOTACSUPPL',2,1,2,2,2,2,41000014,0, 'spy'); 
INSERT INTO SCHEMA.FWCOUP(pcosid,plaide,pcouid,pcolut, pspy)values (42002214,'F','ISAC','IPS - Taux cotisation AC supplé.','spy'); 
INSERT INTO SCHEMA.FWCOSP(pcosid,pptygr,pconcs,pptycn,pptycl,pptysa,pcosli,pcosdf,pcosdm,pcosdp,pcoian,pcoide,pcodfi,pcoitc,pcoise, pspy)values (42002215,'AMPARAM',16,1,0,0,'IPSTAUXCOTAC',2,1,2,2,2,2,41000014,0, 'spy'); 
INSERT INTO SCHEMA.FWCOUP(pcosid,plaide,pcouid,pcolut, pspy)values (42002215,'F','ITAC','IPS - Taux cotisation AC','spy'); 
INSERT INTO SCHEMA.FWCOSP(pcosid,pptygr,pconcs,pptycn,pptycl,pptysa,pcosli,pcosdf,pcosdm,pcosdp,pcoian,pcoide,pcodfi,pcoitc,pcoise, pspy)values (42002216,'AMPARAM',17,1,0,0,'IPSTAUXCOTAVSAIAPG',2,1,2,2,2,2,41000014,0, 'spy'); 
INSERT INTO SCHEMA.FWCOUP(pcosid,plaide,pcouid,pcolut, pspy)values (42002216,'F','ITAV','IPS - Taux cotisation AVS/AI/APG','spy'); 
INSERT INTO SCHEMA.FWCOSP(pcosid,pptygr,pconcs,pptycn,pptycl,pptysa,pcosli,pcosdf,pcosdm,pcosdp,pcoian,pcoide,pcodfi,pcoitc,pcoise, pspy)values (42002217,'AMPARAM',18,1,0,0,'IPSTAUXCALCULREV',2,1,2,2,2,2,41000014,0, 'spy'); 
INSERT INTO SCHEMA.FWCOUP(pcosid,plaide,pcouid,pcolut, pspy)values (42002217,'F','ITAX','IPS - Taux calcul revenu','spy'); 
INSERT INTO SCHEMA.FWCOSP(pcosid,pptygr,pconcs,pptycn,pptycl,pptysa,pcosli,pcosdf,pcosdm,pcosdp,pcoian,pcoide,pcodfi,pcoitc,pcoise, pspy)values (42002218,'AMPARAM',19,1,0,0,'IPSTAUXDEDASSCOUPLE',2,1,2,2,2,2,41000014,0, 'spy'); 
INSERT INTO SCHEMA.FWCOUP(pcosid,plaide,pcouid,pcolut, pspy)values (42002218,'F','ITDA','IPS - Taux déduction assur. couple','spy'); 
INSERT INTO SCHEMA.FWCOSP(pcosid,pptygr,pconcs,pptycn,pptycl,pptysa,pcosli,pcosdf,pcosdm,pcosdp,pcoian,pcoide,pcodfi,pcoitc,pcoise, pspy)values (42002219,'AMPARAM',20,1,0,0,'IPSTAUXDEDFRAISOBT',2,1,2,2,2,2,41000014,0, 'spy'); 
INSERT INTO SCHEMA.FWCOUP(pcosid,plaide,pcouid,pcolut, pspy)values (42002219,'F','ITDF','IPS - Taux déduction frais obtention','spy'); 
INSERT INTO SCHEMA.FWCOSP(pcosid,pptygr,pconcs,pptycn,pptycl,pptysa,pcosli,pcosdf,pcosdm,pcosdp,pcoian,pcoide,pcodfi,pcoitc,pcoise, pspy)values (42002220,'AMPARAM',21,1,0,0,'IPSTAUXPRIMESLPP',2,1,2,2,2,2,41000014,0, 'spy'); 
INSERT INTO SCHEMA.FWCOUP(pcosid,plaide,pcouid,pcolut, pspy)values (42002220,'F','ITLP','IPS - Taux primes LPP','spy'); 
INSERT INTO SCHEMA.FWCOSP(pcosid,pptygr,pconcs,pptycn,pptycl,pptysa,pcosli,pcosdf,pcosdm,pcosdp,pcoian,pcoide,pcodfi,pcoitc,pcoise, pspy)values (42002221,'AMPARAM',22,1,0,0,'IPSTAUXPRIMESAANP',2,1,2,2,2,2,41000014,0, 'spy'); 
INSERT INTO SCHEMA.FWCOUP(pcosid,plaide,pcouid,pcolut, pspy)values (42002221,'F','ITPA','IPS - Taux primes AANP','spy'); 
INSERT INTO SCHEMA.FWCOSP(pcosid,pptygr,pconcs,pptycn,pptycl,pptysa,pcosli,pcosdf,pcosdm,pcosdp,pcoian,pcoide,pcodfi,pcoitc,pcoise, pspy)values (42002222,'AMPARAM',23,1,0,0,'IPSTXDEDASSCELIB',2,1,2,2,2,2,41000014,0, 'spy'); 
INSERT INTO SCHEMA.FWCOUP(pcosid,plaide,pcouid,pcolut, pspy)values (42002222,'F','ITDS','IPS - Taux déduction assur. célibataire','spy'); 
INSERT INTO SCHEMA.FWCOSP(pcosid,pptygr,pconcs,pptycn,pptycl,pptysa,pcosli,pcosdf,pcosdm,pcosdp,pcoian,pcoide,pcodfi,pcoitc,pcoise, pspy)values (42002223,'AMPARAM',24,1,0,0,'SIMBESVITMARIE',2,1,2,2,2,2,41000014,0, 'spy'); 
INSERT INTO SCHEMA.FWCOUP(pcosid,plaide,pcouid,pcolut, pspy)values (42002223,'F','SBMA','Simulation besoins vitaux marié','spy'); 
INSERT INTO SCHEMA.FWCOSP(pcosid,pptygr,pconcs,pptycn,pptycl,pptysa,pcosli,pcosdf,pcosdm,pcosdp,pcoian,pcoide,pcodfi,pcoitc,pcoise, pspy)values (42002224,'AMPARAM',25,1,0,0,'SIMBESVITNONMARIE',2,1,2,2,2,2,41000014,0, 'spy'); 
INSERT INTO SCHEMA.FWCOUP(pcosid,plaide,pcouid,pcolut, pspy)values (42002224,'F','SBNM','Simulation besoins vitaux non-marié','spy'); 
INSERT INTO SCHEMA.FWCOSP(pcosid,pptygr,pconcs,pptycn,pptycl,pptysa,pcosli,pcosdf,pcosdm,pcosdp,pcoian,pcoide,pcodfi,pcoitc,pcoise, pspy)values (42002225,'AMPARAM',26,1,0,0,'SIMBESVIT12ENF',2,1,2,2,2,2,41000014,0, 'spy'); 
INSERT INTO SCHEMA.FWCOUP(pcosid,plaide,pcouid,pcolut, pspy)values (42002225,'F','SE12','Simulation besoins vitaux 1/2 enfant','spy'); 
INSERT INTO SCHEMA.FWCOSP(pcosid,pptygr,pconcs,pptycn,pptycl,pptysa,pcosli,pcosdf,pcosdm,pcosdp,pcoian,pcoide,pcodfi,pcoitc,pcoise, pspy)values (42002226,'AMPARAM',27,1,0,0,'SIMBESVIT34ENF',2,1,2,2,2,2,41000014,0, 'spy'); 
INSERT INTO SCHEMA.FWCOUP(pcosid,plaide,pcouid,pcolut, pspy)values (42002226,'F','SE34','Simulation besoins vitaux 3/4 enfant','spy'); 
INSERT INTO SCHEMA.FWCOSP(pcosid,pptygr,pconcs,pptycn,pptycl,pptysa,pcosli,pcosdf,pcosdm,pcosdp,pcoian,pcoide,pcodfi,pcoitc,pcoise, pspy)values (42002227,'AMPARAM',28,1,0,0,'SIMBESVIT5+ENF',2,1,2,2,2,2,41000014,0, 'spy'); 
INSERT INTO SCHEMA.FWCOUP(pcosid,plaide,pcouid,pcolut, pspy)values (42002227,'F','SE5X','Simulation besoins vitaux 5/+ enfant','spy'); 
INSERT INTO SCHEMA.FWCOSP(pcosid,pptygr,pconcs,pptycn,pptycl,pptysa,pcosli,pcosdf,pcosdm,pcosdp,pcoian,pcoide,pcodfi,pcoitc,pcoise, pspy)values (42002228,'AMPARAM',29,1,0,0,'SIMMONTANTLOYER',2,1,2,2,2,2,41000014,0, 'spy'); 
INSERT INTO SCHEMA.FWCOUP(pcosid,plaide,pcouid,pcolut, pspy)values (42002228,'F','SLOY','Simulation montant loyer','spy'); 
INSERT INTO SCHEMA.FWCOSP(pcosid,pptygr,pconcs,pptycn,pptycl,pptysa,pcosli,pcosdf,pcosdm,pcosdp,pcoian,pcoide,pcodfi,pcoitc,pcoise, pspy)values (42002229,'AMPARAM',30,1,0,0,'SIMPRIMEASSADULTE',2,1,2,2,2,2,41000014,0, 'spy'); 
INSERT INTO SCHEMA.FWCOUP(pcosid,plaide,pcouid,pcolut, pspy)values (42002229,'F','SPAD','Simulation prime assurances adulte','spy'); 
INSERT INTO SCHEMA.FWCOSP(pcosid,pptygr,pconcs,pptycn,pptycl,pptysa,pcosli,pcosdf,pcosdm,pcosdp,pcoian,pcoide,pcodfi,pcoitc,pcoise, pspy)values (42002230,'AMPARAM',31,1,0,0,'SIMPRIMEASSENFANT',2,1,2,2,2,2,41000014,0, 'spy'); 
INSERT INTO SCHEMA.FWCOUP(pcosid,plaide,pcouid,pcolut, pspy)values (42002230,'F','SPEN','Simulation prime assurances enfant','spy'); 
INSERT INTO SCHEMA.FWCOSP(pcosid,pptygr,pconcs,pptycn,pptycl,pptysa,pcosli,pcosdf,pcosdm,pcosdp,pcoian,pcoide,pcodfi,pcoitc,pcoise, pspy)values (42002231,'AMPARAM',32,1,0,0,'IPSDEDUCASSENFANT',2,1,2,2,2,2,41000014,0, 'spy'); 
INSERT INTO SCHEMA.FWCOUP(pcosid,plaide,pcouid,pcolut, pspy)values (42002231,'F','IDEE','IPS - déduction assurance enfant','spy'); 
INSERT INTO SCHEMA.FWCOSP(pcosid,pptygr,pconcs,pptycn,pptycl,pptysa,pcosli,pcosdf,pcosdm,pcosdp,pcoian,pcoide,pcodfi,pcoitc,pcoise, pspy)values (42002232,'AMPARAM',33,1,0,0,'IPSDEDUCASSJEUNE',2,1,2,2,2,2,41000014,0, 'spy'); 
INSERT INTO SCHEMA.FWCOUP(pcosid,plaide,pcouid,pcolut, pspy)values (42002232,'F','IDEJ','IPS - déduction assurance jeune','spy'); 
INSERT INTO SCHEMA.FWCOSP(pcosid,pptygr,pconcs,pptycn,pptycl,pptysa,pcosli,pcosdf,pcosdm,pcosdp,pcoian,pcoide,pcodfi,pcoitc,pcoise, pspy)values (42002233,'AMPARAM',34,1,0,0,'IPSLIMITEREVAC',2,1,2,2,2,2,41000014,0, 'spy'); 
INSERT INTO SCHEMA.FWCOUP(pcosid,plaide,pcouid,pcolut, pspy)values (42002233,'F','ILAC','IPS - limite revenu AC','spy'); 
INSERT INTO SCHEMA.FWCOSP(pcosid,pptygr,pconcs,pptycn,pptycl,pptysa,pcosli,pcosdf,pcosdm,pcosdp,pcoian,pcoide,pcodfi,pcoitc,pcoise, pspy)values (42002234,'AMPARAM',35,1,0,0,'REVENUMINSUBS',2,1,2,2,2,2,41000014,0, 'spy'); 
INSERT INTO SCHEMA.FWCOUP(pcosid,plaide,pcouid,pcolut, pspy)values (42002234,'F','SBMN','Revenu minimum pour subside','spy'); 
INSERT INTO SCHEMA.FWCOSP(pcosid,pptygr,pconcs,pptycn,pptycl,pptysa,pcosli,pcosdf,pcosdm,pcosdp,pcoian,pcoide,pcodfi,pcoitc,pcoise, pspy)values (42002235,'AMPARAM',36,1,0,0,'REVENUMAXSUBS',2,1,2,2,2,2,41000014,0, 'spy'); 
INSERT INTO SCHEMA.FWCOUP(pcosid,plaide,pcouid,pcolut, pspy)values (42002235,'F','SBMX','Revenu maximum pour subside','spy'); 
INSERT INTO SCHEMA.FWCOSP(pcosid,pptygr,pconcs,pptycn,pptycl,pptysa,pcosli,pcosdf,pcosdm,pcosdp,pcoian,pcoide,pcodfi,pcoitc,pcoise, pspy)values (42002236,'AMPARAM',37,1,0,0,'MONTANTSUBSFAM1',2,1,2,2,2,2,41000014,0, 'spy'); 
INSERT INTO SCHEMA.FWCOUP(pcosid,plaide,pcouid,pcolut, pspy)values (42002236,'F','SPP1','Montant subside famille 1 pers.','spy'); 
INSERT INTO SCHEMA.FWCOSP(pcosid,pptygr,pconcs,pptycn,pptycl,pptysa,pcosli,pcosdf,pcosdm,pcosdp,pcoian,pcoide,pcodfi,pcoitc,pcoise, pspy)values (42002237,'AMPARAM',38,1,0,0,'MONTANTSUBSFAM2',2,1,2,2,2,2,41000014,0, 'spy'); 
INSERT INTO SCHEMA.FWCOUP(pcosid,plaide,pcouid,pcolut, pspy)values (42002237,'F','SPP2','Montant subside famille 2 pers.','spy'); 
INSERT INTO SCHEMA.FWCOSP(pcosid,pptygr,pconcs,pptycn,pptycl,pptysa,pcosli,pcosdf,pcosdm,pcosdp,pcoian,pcoide,pcodfi,pcoitc,pcoise, pspy)values (42002266,'AMPARAM',39,1,0,0,'SUBMONOPARENTALE',2,1,2,2,2,2,41000014,0, 'spy'); 
INSERT INTO SCHEMA.FWCOUP(pcosid,plaide,pcouid,pcolut, pspy)values (42002266,'F','SMONO','Montant subside PC famille monoparentale','spy'); 
INSERT INTO SCHEMA.FWCOSP(pcosid,pptygr,pconcs,pptycn,pptycl,pptysa,pcosli,pcosdf,pcosdm,pcosdp,pcoian,pcoide,pcodfi,pcoitc,pcoise, pspy)values (42002267,'AMPARAM',40,1,0,0,'SUBBIPARENTALE',2,1,2,2,2,2,41000014,0, 'spy'); 
INSERT INTO SCHEMA.FWCOUP(pcosid,plaide,pcouid,pcolut, pspy)values (42002267,'F','SBI','Montant subside PC famille biparentale','spy'); 
INSERT INTO SCHEMA.FWCOSP(pcosid,pptygr,pconcs,pptycn,pptycl,pptysa,pcosli,pcosdf,pcosdm,pcosdp,pcoian,pcoide,pcodfi,pcoitc,pcoise, pspy)values (42002238,'AMPARAM',41,1,0,0,'MONTANTMAXREV',2,1,2,2,2,2,41000014,0, 'spy'); 
INSERT INTO SCHEMA.FWCOUP(pcosid,plaide,pcouid,pcolut, pspy)values (42002238,'F','SPRD','Montant maximum de revenu','spy'); 
INSERT INTO SCHEMA.FWCOSP(pcosid,pptygr,pconcs,pptycn,pptycl,pptysa,pcosli,pcosdf,pcosdm,pcosdp,pcoian,pcoide,pcodfi,pcoitc,pcoise, pspy)values (42002239,'AMPARAM',42,1,0,0,'RUBRIQUEALFA',2,1,2,2,2,2,41000014,0, 'spy'); 
INSERT INTO SCHEMA.FWCOUP(pcosid,plaide,pcouid,pcolut, pspy)values (42002239,'F','ALFA','Rubrique - Allocation famille','spy'); 
INSERT INTO SCHEMA.FWCOSP(pcosid,pptygr,pconcs,pptycn,pptycl,pptysa,pcosli,pcosdf,pcosdm,pcosdp,pcoian,pcoide,pcodfi,pcoitc,pcoise, pspy)values (42002240,'AMPARAM',43,1,0,0,'RUBRIQUEREVNETEMPL',2,1,2,2,2,2,41000014,0, 'spy'); 
INSERT INTO SCHEMA.FWCOUP(pcosid,plaide,pcouid,pcolut, pspy)values (42002240,'F','RNEM','Rubrique - Revenu net emploi','spy'); 
INSERT INTO SCHEMA.FWCOSP(pcosid,pptygr,pconcs,pptycn,pptycl,pptysa,pcosli,pcosdf,pcosdm,pcosdp,pcoian,pcoide,pcodfi,pcoitc,pcoise, pspy)values (42002241,'AMPARAM',44,1,0,0,'RUBRIQUEREVNETEPS',2,1,2,2,2,2,41000014,0, 'spy'); 
INSERT INTO SCHEMA.FWCOUP(pcosid,plaide,pcouid,pcolut, pspy)values (42002241,'F','RNEP','Rubrique - Revenu net épouse','spy'); 
INSERT INTO SCHEMA.FWCOSP(pcosid,pptygr,pconcs,pptycn,pptycl,pptysa,pcosli,pcosdf,pcosdm,pcosdp,pcoian,pcoide,pcodfi,pcoitc,pcoise, pspy)values (42002242,'AMPARAM',45,1,0,0,'RUBRIQUEINDEMNIMPOS',2,1,2,2,2,2,41000014,0, 'spy'); 
INSERT INTO SCHEMA.FWCOUP(pcosid,plaide,pcouid,pcolut, pspy)values (42002242,'F','INIM','Rubrique - Indemnité imposable','spy'); 
INSERT INTO SCHEMA.FWCOSP(pcosid,pptygr,pconcs,pptycn,pptycl,pptysa,pcosli,pcosdf,pcosdm,pcosdp,pcoian,pcoide,pcodfi,pcoitc,pcoise, pspy)values (42002243,'AMPARAM',46,1,0,0,'RUBRIQUERDMFORPRIV',2,1,2,2,2,2,41000014,0, 'spy'); 
INSERT INTO SCHEMA.FWCOUP(pcosid,plaide,pcouid,pcolut, pspy)values (42002243,'F','RFOP','Rubrique - Rendement fortune immo. privée','spy'); 
INSERT INTO SCHEMA.FWCOSP(pcosid,pptygr,pconcs,pptycn,pptycl,pptysa,pcosli,pcosdf,pcosdm,pcosdp,pcoian,pcoide,pcodfi,pcoitc,pcoise, pspy)values (42002244,'AMPARAM',47,1,0,0,'RUBRIQUERDMTFORTIMMOCOMM',2,1,2,2,2,2,41000014,0, 'spy'); 
INSERT INTO SCHEMA.FWCOUP(pcosid,plaide,pcouid,pcolut, pspy)values (42002244,'F','RFOC','Rubrique - Rendement fortune immo. commerciale','spy'); 
INSERT INTO SCHEMA.FWCOSP(pcosid,pptygr,pconcs,pptycn,pptycl,pptysa,pcosli,pcosdf,pcosdm,pcosdp,pcoian,pcoide,pcodfi,pcoitc,pcoise, pspy)values (42002245,'AMPARAM',48,1,0,0,'RUBRIQUETOTAUXREVNETS',2,1,2,2,2,2,41000014,0, 'spy'); 
INSERT INTO SCHEMA.FWCOUP(pcosid,plaide,pcouid,pcolut, pspy)values (42002245,'F','TREN','Rubrique - Totaux revenus nets','spy'); 
INSERT INTO SCHEMA.FWCOSP(pcosid,pptygr,pconcs,pptycn,pptycl,pptysa,pcosli,pcosdf,pcosdm,pcosdp,pcoian,pcoide,pcodfi,pcoitc,pcoise, pspy)values (42002246,'AMPARAM',49,1,0,0,'RUBRIQUEINTOPASSPRIV',2,1,2,2,2,2,41000014,0, 'spy'); 
INSERT INTO SCHEMA.FWCOUP(pcosid,plaide,pcouid,pcolut, pspy)values (42002246,'F','INPP','Rubrique - Intérêts passifs privés','spy'); 
INSERT INTO SCHEMA.FWCOSP(pcosid,pptygr,pconcs,pptycn,pptycl,pptysa,pcosli,pcosdf,pcosdm,pcosdp,pcoian,pcoide,pcodfi,pcoitc,pcoise, pspy)values (42002247,'AMPARAM',50,1,0,0,'RUBRIQUEINTOPASSCOMM',2,1,2,2,2,2,41000014,0, 'spy'); 
INSERT INTO SCHEMA.FWCOUP(pcosid,plaide,pcouid,pcolut, pspy)values (42002247,'F','INPC','Rubrique - Intérêts passifs commerciaux','spy'); 
INSERT INTO SCHEMA.FWCOSP(pcosid,pptygr,pconcs,pptycn,pptycl,pptysa,pcosli,pcosdf,pcosdm,pcosdp,pcoian,pcoide,pcodfi,pcoitc,pcoise, pspy)values (42002248,'AMPARAM',51,1,0,0,'RUBRIQUEEXCDEPPROPIMMOPRIV',2,1,2,2,2,2,41000014,0, 'spy'); 
INSERT INTO SCHEMA.FWCOUP(pcosid,plaide,pcouid,pcolut, pspy)values (42002248,'F','EDPP','Rubrique - Excédents dépenses prop. immo. privé','spy'); 
INSERT INTO SCHEMA.FWCOSP(pcosid,pptygr,pconcs,pptycn,pptycl,pptysa,pcosli,pcosdf,pcosdm,pcosdp,pcoian,pcoide,pcodfi,pcoitc,pcoise, pspy)values (42002249,'AMPARAM',52,1,0,0,'RUBRIQUEEXCDEPPROPIMMOCOMM',2,1,2,2,2,2,41000014,0, 'spy'); 
INSERT INTO SCHEMA.FWCOUP(pcosid,plaide,pcouid,pcolut, pspy)values (42002249,'F','EDPC','Rubrique - Excédents dépenses prop. immo. comm.','spy'); 
INSERT INTO SCHEMA.FWCOSP(pcosid,pptygr,pconcs,pptycn,pptycl,pptysa,pcosli,pcosdf,pcosdm,pcosdp,pcoian,pcoide,pcodfi,pcoitc,pcoise, pspy)values (42002250,'AMPARAM',53,1,0,0,'RUBRIQUEPERTESEXCOMM',2,1,2,2,2,2,41000014,0, 'spy'); 
INSERT INTO SCHEMA.FWCOUP(pcosid,plaide,pcouid,pcolut, pspy)values (42002250,'F','PEXC','Rubrique - Pertes exercices commerciaux','spy'); 
INSERT INTO SCHEMA.FWCOSP(pcosid,pptygr,pconcs,pptycn,pptycl,pptysa,pcosli,pcosdf,pcosdm,pcosdp,pcoian,pcoide,pcodfi,pcoitc,pcoise, pspy)values (42002251,'AMPARAM',54,1,0,0,'RUBRIQUEPERTEACTIVINDEP',2,1,2,2,2,2,41000014,0, 'spy'); 
INSERT INTO SCHEMA.FWCOUP(pcosid,plaide,pcouid,pcolut, pspy)values (42002251,'F','PACI','Rubrique - Perte activité indép.','spy'); 
INSERT INTO SCHEMA.FWCOSP(pcosid,pptygr,pconcs,pptycn,pptycl,pptysa,pcosli,pcosdf,pcosdm,pcosdp,pcoian,pcoide,pcodfi,pcoitc,pcoise, pspy)values (42002268,'AMPARAM',55,1,0,0,'RUBRIQUEREVENUACTIVINDEP',2,1,2,2,2,2,41000014,0, 'spy'); 
INSERT INTO SCHEMA.FWCOUP(pcosid,plaide,pcouid,pcolut, pspy)values (42002268,'F','RIND','Rubrique - Revenu activité indép.','spy'); 
INSERT INTO SCHEMA.FWCOSP(pcosid,pptygr,pconcs,pptycn,pptycl,pptysa,pcosli,pcosdf,pcosdm,pcosdp,pcoian,pcoide,pcodfi,pcoitc,pcoise, pspy)values (42002269,'AMPARAM',56,1,0,0,'RUBRIQUEREVENUACTIVINDEPEPOUSE',2,1,2,2,2,2,41000014,0, 'spy'); 
INSERT INTO SCHEMA.FWCOUP(pcosid,plaide,pcouid,pcolut, pspy)values (42002269,'F','PINE','Rubrique - Revenu activité indép. épouse','spy'); 
INSERT INTO SCHEMA.FWCOSP(pcosid,pptygr,pconcs,pptycn,pptycl,pptysa,pcosli,pcosdf,pcosdm,pcosdp,pcoian,pcoide,pcodfi,pcoitc,pcoise, pspy)values (42002252,'AMPARAM',57,1,0,0,'RUBRIQUEPERTEACTIVAGRIC',2,1,2,2,2,2,41000014,0, 'spy'); 
INSERT INTO SCHEMA.FWCOUP(pcosid,plaide,pcouid,pcolut, pspy)values (42002252,'F','PAAG','Rubrique - Perte activité agricole','spy'); 
INSERT INTO SCHEMA.FWCOSP(pcosid,pptygr,pconcs,pptycn,pptycl,pptysa,pcosli,pcosdf,pcosdm,pcosdp,pcoian,pcoide,pcodfi,pcoitc,pcoise, pspy)values (42002270,'AMPARAM',58,1,0,0,'RUBRIQUEREVENUACTIVAGRIC',2,1,2,2,2,2,41000014,0, 'spy'); 
INSERT INTO SCHEMA.FWCOUP(pcosid,plaide,pcouid,pcolut, pspy)values (42002270,'F','RAGR','Rubrique - Revenu activité agricole','spy'); 
INSERT INTO SCHEMA.FWCOSP(pcosid,pptygr,pconcs,pptycn,pptycl,pptysa,pcosli,pcosdf,pcosdm,pcosdp,pcoian,pcoide,pcodfi,pcoitc,pcoise, pspy)values (42002271,'AMPARAM',59,1,0,0,'RUBRIQUEREVENUACTIVAGRICEPOUSE',2,1,2,2,2,2,41000014,0, 'spy'); 
INSERT INTO SCHEMA.FWCOUP(pcosid,plaide,pcouid,pcolut, pspy)values (42002271,'F','RAGE','Rubrique - Revenu activité agricole épouse','spy'); 
INSERT INTO SCHEMA.FWCOSP(pcosid,pptygr,pconcs,pptycn,pptycl,pptysa,pcosli,pcosdf,pcosdm,pcosdp,pcoian,pcoide,pcodfi,pcoitc,pcoise, pspy)values (42002253,'AMPARAM',60,1,0,0,'RUBRIQUEPERTESOCIETE',2,1,2,2,2,2,41000014,0, 'spy'); 
INSERT INTO SCHEMA.FWCOUP(pcosid,plaide,pcouid,pcolut, pspy)values (42002253,'F','PSOC','Rubrique - Perte société','spy'); 
INSERT INTO SCHEMA.FWCOSP(pcosid,pptygr,pconcs,pptycn,pptycl,pptysa,pcosli,pcosdf,pcosdm,pcosdp,pcoian,pcoide,pcodfi,pcoitc,pcoise, pspy)values (42002254,'AMPARAM',61,1,0,0,'RUBRIQUEPERTEACTIVACCESSINDEP',2,1,2,2,2,2,41000014,0, 'spy'); 
INSERT INTO SCHEMA.FWCOUP(pcosid,plaide,pcouid,pcolut, pspy)values (42002254,'F','PAAI','Rubrique - Perte activité accessoire indép.','spy'); 
INSERT INTO SCHEMA.FWCOSP(pcosid,pptygr,pconcs,pptycn,pptycl,pptysa,pcosli,pcosdf,pcosdm,pcosdp,pcoian,pcoide,pcodfi,pcoitc,pcoise, pspy)values (42002255,'AMPARAM',62,1,0,0,'RUBRIQUEEXCEDDEPSUCCNONPART',2,1,2,2,2,2,41000014,0, 'spy'); 
INSERT INTO SCHEMA.FWCOUP(pcosid,plaide,pcouid,pcolut, pspy)values (42002255,'F','ESUC','Rubrique - Excédent dépenses succ. non part.','spy'); 
INSERT INTO SCHEMA.FWCOSP(pcosid,pptygr,pconcs,pptycn,pptycl,pptysa,pcosli,pcosdf,pcosdm,pcosdp,pcoian,pcoide,pcodfi,pcoitc,pcoise, pspy)values (42002256,'AMPARAM',63,1,0,0,'RUBRIQUEPERSCHENF',2,1,2,2,2,2,41000014,0, 'spy'); 
INSERT INTO SCHEMA.FWCOUP(pcosid,plaide,pcouid,pcolut, pspy)values (42002256,'F','PCHA','Rubrique - Personnes à charges / enfants','spy'); 
INSERT INTO SCHEMA.FWCOSP(pcosid,pptygr,pconcs,pptycn,pptycl,pptysa,pcosli,pcosdf,pcosdm,pcosdp,pcoian,pcoide,pcodfi,pcoitc,pcoise, pspy)values (42002257,'AMPARAM',64,1,0,0,'RUBRIQUEDEDUCAPPRETUD',2,1,2,2,2,2,41000014,0, 'spy'); 
INSERT INTO SCHEMA.FWCOUP(pcosid,plaide,pcouid,pcolut, pspy)values (42002257,'F','IPOS','Rubrique - Déductions apprentis et étudiants','spy'); 
INSERT INTO SCHEMA.FWCOSP(pcosid,pptygr,pconcs,pptycn,pptycl,pptysa,pcosli,pcosdf,pcosdm,pcosdp,pcoian,pcoide,pcodfi,pcoitc,pcoise, pspy)values (42002258,'AMPARAM',65,1,0,0,'RUBRIQUEREVIMPO',2,1,2,2,2,2,41000014,0, 'spy'); 
INSERT INTO SCHEMA.FWCOUP(pcosid,plaide,pcouid,pcolut, pspy)values (42002258,'F','RIMP','Rubrique - Revenu imposable','spy'); 
INSERT INTO SCHEMA.FWCOSP(pcosid,pptygr,pconcs,pptycn,pptycl,pptysa,pcosli,pcosdf,pcosdm,pcosdp,pcoian,pcoide,pcodfi,pcoitc,pcoise, pspy)values (42002259,'AMPARAM',66,1,0,0,'RUBRIQUEREVTAUX',2,1,2,2,2,2,41000014,0, 'spy'); 
INSERT INTO SCHEMA.FWCOUP(pcosid,plaide,pcouid,pcolut, pspy)values (42002259,'F','RTAU','Rubrique - Revenu taux','spy'); 
INSERT INTO SCHEMA.FWCOSP(pcosid,pptygr,pconcs,pptycn,pptycl,pptysa,pcosli,pcosdf,pcosdm,pcosdp,pcoian,pcoide,pcodfi,pcoitc,pcoise, pspy)values (42002260,'AMPARAM',67,1,0,0,'RUBRIQUEFORTIMPO',2,1,2,2,2,2,41000014,0, 'spy'); 
INSERT INTO SCHEMA.FWCOUP(pcosid,plaide,pcouid,pcolut, pspy)values (42002260,'F','FIMP','Rubrique - Fortune imposable','spy'); 
INSERT INTO SCHEMA.FWCOSP(pcosid,pptygr,pconcs,pptycn,pptycl,pptysa,pcosli,pcosdf,pcosdm,pcosdp,pcoian,pcoide,pcodfi,pcoitc,pcoise, pspy)values (42002261,'AMPARAM',68,1,0,0,'RUBRIQUEFORTUNETAUX',2,1,2,2,2,2,41000014,0, 'spy'); 
INSERT INTO SCHEMA.FWCOUP(pcosid,plaide,pcouid,pcolut, pspy)values (42002261,'F','FTAU','Rubrique - Fortune taux','spy'); 
INSERT INTO SCHEMA.FWCOSP(pcosid,pptygr,pconcs,pptycn,pptycl,pptysa,pcosli,pcosdf,pcosdm,pcosdp,pcoian,pcoide,pcodfi,pcoitc,pcoise, pspy)values (42002262,'AMPARAM',69,1,0,0,'PERTEREPEXCOM',2,1,2,2,2,2,41000014,0, 'spy'); 
INSERT INTO SCHEMA.FWCOUP(pcosid,plaide,pcouid,pcolut, pspy)values (42002262,'F','PREP','Rubrique - Perte reportée des exercices commerciaux','spy'); 
INSERT INTO SCHEMA.FWCOSP(pcosid,pptygr,pconcs,pptycn,pptycl,pptysa,pcosli,pcosdf,pcosdm,pcosdp,pcoian,pcoide,pcodfi,pcoitc,pcoise, pspy)values (42002263,'AMPARAM',70,1,0,0,'PERTELIQUIDATION',2,1,2,2,2,2,41000014,0, 'spy'); 
INSERT INTO SCHEMA.FWCOUP(pcosid,plaide,pcouid,pcolut, pspy)values (42002263,'F','PLIQ','Rubrique - Perte de liquidation','spy'); 
INSERT INTO SCHEMA.FWCOSP(pcosid,pptygr,pconcs,pptycn,pptycl,pptysa,pcosli,pcosdf,pcosdm,pcosdp,pcoian,pcoide,pcodfi,pcoitc,pcoise, pspy)values (42002264,'AMPARAM',71,1,0,0,'RDUMAXIMUM',2,1,2,2,2,2,41000014,0, 'spy'); 
INSERT INTO SCHEMA.FWCOUP(pcosid,plaide,pcouid,pcolut, pspy)values (42002264,'F','RDUM','RDU maximum','spy'); 
INSERT INTO SCHEMA.FWCOSP(pcosid,pptygr,pconcs,pptycn,pptycl,pptysa,pcosli,pcosdf,pcosdm,pcosdp,pcoian,pcoide,pcodfi,pcoitc,pcoise, pspy)values (42002265,'AMPARAM',72,1,0,0,'DEDCOUPLESMARIES',2,1,2,2,2,2,41000014,0, 'spy'); 
INSERT INTO SCHEMA.FWCOUP(pcosid,plaide,pcouid,pcolut, pspy)values (42002265,'F','DCMAR','Rubrique - Déd. couples mariés','spy'); 

-- Update MAPARAM avec les nouvelles rubriques 140, 140c, 150 et 150c
INSERT INTO SCHEMA.MAPARAM (IDPARAM,ANPARAM,COTYAN,VALSTR,PAVALUE,CSPY,PSPY) VALUES ((SELECT INCVAL + 1 FROM SCHEMA.JADEINCR WHERE TBNAME = 'MAPARAM'),2008,42002268,'140', 0.00,'spy','spy');
INSERT INTO SCHEMA.MAPARAM (IDPARAM,ANPARAM,COTYAN,VALSTR,PAVALUE,CSPY,PSPY) VALUES ((SELECT INCVAL + 2 FROM SCHEMA.JADEINCR WHERE TBNAME = 'MAPARAM'),2008,42002269,'140c', 0.00,'spy','spy');
INSERT INTO SCHEMA.MAPARAM (IDPARAM,ANPARAM,COTYAN,VALSTR,PAVALUE,CSPY,PSPY) VALUES ((SELECT INCVAL + 3 FROM SCHEMA.JADEINCR WHERE TBNAME = 'MAPARAM'),2008,42002270,'150', 0.00,'spy','spy');
INSERT INTO SCHEMA.MAPARAM (IDPARAM,ANPARAM,COTYAN,VALSTR,PAVALUE,CSPY,PSPY) VALUES ((SELECT INCVAL + 4 FROM SCHEMA.JADEINCR WHERE TBNAME = 'MAPARAM'),2008,42002271,'150C', 0.00,'spy','spy');
UPDATE SCHEMA.JADEINCR SET INCVAL = (SELECT INCVAL + 4 FROM SCHEMA.JADEINCR WHERE TBNAME = 'MAPARAM') WHERE TBNAME = 'MAPARAM';

-- JADEPROP
DELETE FROM SCHEMA.JADEPROP WHERE PROPNAME = 'amal.subsidesPartiels.startDate';
INSERT INTO SCHEMA.JADEPROP (PROPNAME,PROPVAL, CSPY, PSPY) VALUES 	('amal.subsidesPartiels.startDate', '01.2019', (replace(char(current date), '-', '') concat replace(char(current time), '.', '') concat user), (replace(char(current date), '-', '') concat replace(char(current time), '.', '') concat user)) ;

-- Rajout de 2 columns dans MAPARAM
ALTER TABLE SCHEMA.MAPARAM ADD PVALFROM decimal(12,2);
ALTER TABLE SCHEMA.MAPARAM ADD PVALTO decimal(12,2);
REORG TABLE SCHEMA.MAPARAM;

-- Rajout de 4 columns dans MAREVSTD
ALTER TABLE SCHEMA.MAREVSTD ADD REACIN decimal(15,2);
ALTER TABLE SCHEMA.MAREVSTD ADD REINEP decimal(15,2);
ALTER TABLE SCHEMA.MAREVSTD ADD REACAG decimal(15,2);
ALTER TABLE SCHEMA.MAREVSTD ADD REAGEP decimal(15,2);
REORG TABLE SCHEMA.MAREVSTD;

-- CALL SYSPROC.ADMIN_CMD ('REORG TABLE SCHEMA.tableName');
