
-- Création des nouveauy codes systèmes
INSERT INTO SCHEMA.fwcosp (PCOSID,PPTYGR,PCONCS,PPTYCN,PPTYCL,PPTYSA,PCOSLI,PCOSDF,PCOSDM,PCOSDP,PCOIAN,PCOIDE,PCODFI,PCOITC,PCOISE,PSPY) VALUES (52001069,'APGENSERVI',1,1,0,0,'SALARIE_PERSONNE_VULNERABLE',2,1,2,2,2,2,51000001,0,'20210118000000globrje');
INSERT INTO SCHEMA.fwcoup (PCOSID,PLAIDE,PCOUID,PCOLUT,PSPY) VALUES (52001069,'D','419       ','[de]Salarié - Personne vulnérable','20210118000000globrje');
INSERT INTO SCHEMA.fwcoup (PCOSID,PLAIDE,PCOUID,PCOLUT,PSPY) VALUES (52001069,'F','419       ','Salarié - Personne vulnérable','20210118000000globrje');

INSERT INTO SCHEMA.fwcosp (PCOSID,PPTYGR,PCONCS,PPTYCN,PPTYCL,PPTYSA,PCOSLI,PCOSDF,PCOSDM,PCOSDP,PCOIAN,PCOIDE,PCODFI,PCOITC,PCOISE,PSPY) VALUES (52001070,'APGENSERVI',1,1,0,0,'INDEPENDANT_PERSONNE_VULNERABLE',2,1,2,2,2,2,51000001,0,'20210118000000globrje');
INSERT INTO SCHEMA.fwcoup (PCOSID,PLAIDE,PCOUID,PCOLUT,PSPY) VALUES (52001070,'D','420       ','[de]Indépendant - Personne vulnérable','20210118000000globrje');
INSERT INTO SCHEMA.fwcoup (PCOSID,PLAIDE,PCOUID,PCOLUT,PSPY) VALUES (52001070,'F','420       ','Indépendant - Personne vulnérable','20210118000000globrje');

-- Ajout nouvel plage de valeur
INSERT INTO SCHEMA.FWPARP (PPARAP,PPACDI,PPARIA,PPADDE,PPARPD,PCOSID,PPARPF,PPARVA,PPRAVN,PPRADE,CSTYUN,PCOITC,PSPY) VALUES ('APG','PANVULDATD',0,20210118,0.000000,1,0.000000,'',0,'Directive janvier 2021',0,0,'20210118000000globrje');
INSERT INTO SCHEMA.FWPARP (PPARAP,PPACDI,PPARIA,PPADDE,PPARPD,PCOSID,PPARPF,PPARVA,PPRAVN,PPRADE,CSTYUN,PCOITC,PSPY) VALUES ('APG','PANVULDATF',0,20210228,0.000000,1,0.000000,'',0,'Directive 01.2021 Date de fin',0,0,'20210118000000globrje');

-- Ajout des nouvelles références rubriques
INSERT INTO SCHEMA.fwcosp (PCOSID,PPTYGR,PCONCS,PPTYCN,PPTYCL,PPTYSA,PCOSLI,PCOSDF,PCOSDM,PCOSDP,PCOIAN,PCOIDE,PCODFI,PCOITC,PCOISE,PSPY)
	VALUES (237458,'OSIREFRUB ',1,1,0,0,'SALARIE_PERSONNE_VULNERABLE',2,2,2,2,2,2,10200037,0,'20210118000000globrje');
INSERT INTO SCHEMA.fwcoup (PCOSID,PLAIDE,PCOUID,PCOLUT,PSPY) VALUES (237458,'D','          ','[de]Salarié - personne vulnérable','20210118000000globrje');
INSERT INTO SCHEMA.fwcoup (PCOSID,PLAIDE,PCOUID,PCOLUT,PSPY) VALUES (237458,'F','          ','Salarié - personne vulnérable','20210118000000globrje');
INSERT INTO SCHEMA.fwcosp (PCOSID,PPTYGR,PCONCS,PPTYCN,PPTYCL,PPTYSA,PCOSLI,PCOSDF,PCOSDM,PCOSDP,PCOIAN,PCOIDE,PCODFI,PCOITC,PCOISE,PSPY)
	VALUES (237459,'OSIREFRUB ',1,1,0,0,'RESTIT_SALARIE_PERSONNE_VULNERABLE',2,2,2,2,2,2,10200037,0,'20210118000000globrje');
INSERT INTO SCHEMA.fwcoup (PCOSID,PLAIDE,PCOUID,PCOLUT,PSPY) VALUES (237459,'D','          ','[de]Rückerstattung Salarié - personne vulnérable','20210118000000globrje');
INSERT INTO SCHEMA.fwcoup (PCOSID,PLAIDE,PCOUID,PCOLUT,PSPY) VALUES (237459,'F','          ','Restit. Salarié - personne vulnérable','20210118000000globrje');

INSERT INTO SCHEMA.fwcosp (PCOSID,PPTYGR,PCONCS,PPTYCN,PPTYCL,PPTYSA,PCOSLI,PCOSDF,PCOSDM,PCOSDP,PCOIAN,PCOIDE,PCODFI,PCOITC,PCOISE,PSPY)
	VALUES (237460,'OSIREFRUB ',1,1,0,0,'INDEPENDANT_PERSONNE_VULNERABLE',2,2,2,2,2,2,10200037,0,'20210118000000globrje');
INSERT INTO SCHEMA.fwcoup (PCOSID,PLAIDE,PCOUID,PCOLUT,PSPY) VALUES (237460,'D','          ','[de]Indépendant - personne vulnérable','20210118000000globrje');
INSERT INTO SCHEMA.fwcoup (PCOSID,PLAIDE,PCOUID,PCOLUT,PSPY) VALUES (237460,'F','          ','Indépendant - personne vulnérable','20210118000000globrje');
INSERT INTO SCHEMA.fwcosp (PCOSID,PPTYGR,PCONCS,PPTYCN,PPTYCL,PPTYSA,PCOSLI,PCOSDF,PCOSDM,PCOSDP,PCOIAN,PCOIDE,PCODFI,PCOITC,PCOISE,PSPY)
	VALUES (237461,'OSIREFRUB ',1,1,0,0,'RESTIT_INDEPENDANT_PERSONNE_VULNERABLE',2,2,2,2,2,2,10200037,0,'20210118000000globrje');
INSERT INTO SCHEMA.fwcoup (PCOSID,PLAIDE,PCOUID,PCOLUT,PSPY) VALUES (237461,'D','          ','[de]Rückerstattung Indépendant - personne vulnérable','20210118000000globrje');
INSERT INTO SCHEMA.fwcoup (PCOSID,PLAIDE,PCOUID,PCOLUT,PSPY) VALUES (237461,'F','          ','Restit. Indépendant - personne vulnérable','20210118000000globrje');
-- Ajout des secteurs et des comptes
DELETE from SCHEMA.CGPCAVP WHERE numero in(3057) and exists (select 0 from SCHEMA.CGPCAVP WHERE numero in (3056));
insert into SCHEMA.CGPCAVP (TYPE, NUMERO, ESTCLASSE, LIBELLEFR, LIBELLEDE, LIBELLEIT)
	values (3, 3057, NULL, 'Indemnités pour salarié - personne vulnérable', '[de]Entschädigung für salarié - personne vulnérable', NULL);

DELETE from SCHEMA.CGPCAVP WHERE numero in(4677) and exists (select 0 from SCHEMA.CGPCAVP WHERE numero in (4676));
insert into SCHEMA.CGPCAVP (TYPE, NUMERO, ESTCLASSE, LIBELLEFR, LIBELLEDE, LIBELLEIT)
    values (3, 4677, NULL, 'Indemnités pour salarié - personne vulnérable à restituer', '[de]Rückforderung Entschäd. salarié - personne vulnérable', NULL);

DELETE from SCHEMA.CGPCAVP WHERE numero in(3058) and exists (select 0 from SCHEMA.CGPCAVP WHERE numero in (3058));
insert into SCHEMA.CGPCAVP (TYPE, NUMERO, ESTCLASSE, LIBELLEFR, LIBELLEDE, LIBELLEIT)
	values (3, 3058, NULL, 'Indemnités pour indépendant - personne vulnérable', '[de]Entschädigung für indépendant - personne vulnérable', NULL);

DELETE from SCHEMA.CGPCAVP WHERE numero in(4678) and exists (select 0 from SCHEMA.CGPCAVP WHERE numero in (4676));
insert into SCHEMA.CGPCAVP (TYPE, NUMERO, ESTCLASSE, LIBELLEFR, LIBELLEDE, LIBELLEIT)
	values (3, 4678, NULL, 'Indemnités pour indépendant - personne vulnérable à restituer', '[de]Rückforderung Entschäd. indépendant - personne vulnérable', NULL);

