-- Création de la table droit proche aidant
CREATE TABLE APDROITPROCHEAIDANT
(
    ID_DROIT DECIMAL(15)  NOT NULL,
    PSPY VARCHAR(24),
    VBBDUP DECIMAL(1),
    VBISIF DECIMAL(15),
    VBNNCP DECIMAL(9),
    VBNNOC DECIMAL(9),
    VBTREV DECIMAL(8),
    REMARQUE VARCHAR (8000),
    PRIMARY KEY (ID_DROIT)
);

-- Nouveau type de demande
insert into schema.fwcosp (pcosid,pptygr,pconcs,pptycn,pptycl,pptysa,pcosli,pcosdf,pcosdm,pcosdp,pcoian,pcoide,pcodfi,pcoitc,pcoise,pspy) values (52201010,'PRTYPDEMAN',2,1,0,0,'TYPE_PROCHE_AIDANT',2, 1,2,2,2,2,51200001,0,'20210401120000spy');
insert into schema.fwcoup (pcosid,plaide,pcouid,pcolut,pspy) values (52201010,'D','PAI','Betreuenden Angehörigen','20210401120000spy');
insert into schema.fwcoup (pcosid,plaide,pcouid,pcolut,pspy) values (52201010,'F','PAI','Proche aidant','20210401120000spy');

-- type de genre de service
INSERT INTO SCHEMA.FWCOSP (PCOSID, PPTYGR, PCONCS, PPTYCN, PPTYCL, PPTYSA, PCOSLI, PCOSDF, PCOSDM, PCOSDP, PCOIAN, PCOIDE, PCODFI, PCOITC, PCOISE, PSPY) VALUES (52001018, 'APGENSERVI', 1, 1, 0, 0, 'Allocation_proche_aidant', 2, 1, 2, 2, 2, 2, 51000001, 0, '20210401120000spy');
INSERT INTO SCHEMA.FWCOUP (PCOSID, PLAIDE, PCOUID, PCOLUT, PSPY) VALUES (52001018, 'D', '92', 'Betreuenden Angehörigen', '20210401120000spy');
INSERT INTO SCHEMA.FWCOUP (PCOSID, PLAIDE, PCOUID, PCOLUT, PSPY) VALUES (52001018, 'F', '92', 'Proche aidant', '20210401120000spy');

-- Création nouveau genre de prestation
INSERT INTO SCHEMA.FWCOSP (PCOSID, PPTYGR, PCONCS, PPTYCN, PPTYCL, PPTYSA, PCOSLI, PCOSDF, PCOSDM, PCOSDP, PCOIAN, PCOIDE, PCODFI, PCOITC, PCOISE, PSPY) VALUES (52015010, 'APGENRPRES', 3, 1, 0, 0, 'PROCHE_AIDANT', 2, 1, 2, 2, 2, 2, 51000015, 0, '20210401120000spy');
INSERT INTO SCHEMA.FWCOUP (PCOSID, PLAIDE, PCOUID, PCOLUT, PSPY) VALUES (52015010, 'F', 'PAI', 'PROCHE_AIDANT', '20210401120000spy');
INSERT INTO SCHEMA.FWCOUP (PCOSID, PLAIDE, PCOUID, PCOLUT, PSPY) VALUES (52015010, 'D', 'PAI', '[de]PROCHE_AIDANT', '20210401120000spy');

INSERT INTO SCHEMA.FWPARP (PPARAP,PPACDI,PPARIA,PPADDE,PPARPD,PCOSID,PPARPF,PPARVA,PPRAVN,PPRADE,CSTYUN,PCOITC,PSPY) VALUES ('APG','PROAIDDATE',0,20210101,0.000000,1,0.000000,'',0,'Proche aidant, date de début',0,0,'20210401120000spy');

INSERT INTO SCHEMA.FWPARP (PPARAP,PPACDI,PPARIA,PPADDE,PPARPD,PCOSID,PPARPF,PPARVA,PPRAVN,PPRADE,CSTYUN,PCOITC,PSPY) VALUES ('APG','PAIJOURMAX',0,20210101,0.000000,1,0.000000,'',98,'ProcheAidant - Jours maximum',0,52201009,'202104201000000globaz');

INSERT INTO SCHEMA.FWPARP (PPARAP,PPACDI,PPARIA,PPADDE,PPARPD,PCOSID,PPARPF,PPARVA,PPRAVN,PPRADE,CSTYUN,PCOITC,PSPY) VALUES ('APG','PAIMOISMAX',0,20210101,0.000000,1,0.000000,'',18,'ProcheAidant - Durée en mois maximum',0,52201009,'202104201000000globaz');


ALTER TABLE SCHEMA.APPERIP
    ADD COLUMN VCNNBJOURSUP DECIMAL(4);

-- DOMAINE ADRESSE PROCHE AIDANT
INSERT INTO JADEPROP (PROPNAME, PROPVAL, CSPY, PSPY)
VALUES ('apg.domaine.adresse.proche.aidant', '', '202001202120000Globaz    ', '202001202120000Globaz    ');


-- Ajout code système du groupe domaine catalogue de texte pour le domaine proche aidant
INSERT INTO FWCOSP (PCOSID, PPTYGR, PCONCS, PPTYCN, PPTYCL, PPTYSA, PCOSLI, PCOSDF, PCOSDM, PCOSDP, PCOIAN,
                    PCOIDE, PCODFI, PCOITC, PCOISE, PSPY)
VALUES (52000041, 'PAIDOMAINE', 0, 1, 3, 0, 'Groupe Domaine Catalogue Texte PAI', 0, 2, 2, 2, 2, 0, 0, 0,
        'spy                     ');
INSERT INTO FWCOUP (PCOSID, PLAIDE, PCOUID, PCOLUT, PSPY)
VALUES (52000041, 'F', '1         ', 'Groupe Domaine Catalogue Texte PAI', 'spy                     ');
INSERT INTO FWCOUP (PCOSID, PLAIDE, PCOUID, PCOLUT, PSPY)
VALUES (52000041, 'D', '1         ', 'Groupe Domaine Catalogue Texte PAI', 'spy                     ');

INSERT INTO FWCOSP (PCOSID, PPTYGR, PCONCS, PPTYCN, PPTYCL, PPTYSA, PCOSLI, PCOSDF, PCOSDM, PCOSDP, PCOIAN,
                    PCOIDE, PCODFI, PCOITC, PCOISE, PSPY)
VALUES (53041001, 'PAIDOMAINE', 1, 1, 0, 0, 'PROCHE AIDANT', 2, 1, 2, 2, 2, 2, 52000041, 0, 'spy                     ');
INSERT INTO FWCOUP (PCOSID, PLAIDE, PCOUID, PCOLUT, PSPY)
VALUES (53041001, 'D', '          ', '[de]Proche aidant', 'spy                     ');
INSERT INTO FWCOUP (PCOSID, PLAIDE, PCOUID, PCOLUT, PSPY)
VALUES (53041001, 'F', '          ', 'Proche aidant', 'spy                     ');
INSERT INTO FWCOUP (PCOSID, PLAIDE, PCOUID, PCOLUT, PSPY)
VALUES (53041001, 'I', '          ', '[it]Proche aidant', 'spy                     ');


-- Ajout code système du groupe Type Doc catalogue de texte pour le domaine proche aidant
INSERT INTO FWCOSP (PCOSID, PPTYGR, PCONCS, PPTYCN, PPTYCL, PPTYSA, PCOSLI, PCOSDF, PCOSDM, PCOSDP, PCOIAN,
                    PCOIDE, PCODFI, PCOITC, PCOISE, PSPY)
VALUES (52000042, 'PAITYPES  ', 0, 1, 3, 0, 'Groupe Type Doc Catalogue Texte PAI', 0, 2, 2, 2, 2, 0, 0, 0,
        'spy                     ');
INSERT INTO FWCOUP (PCOSID, PLAIDE, PCOUID, PCOLUT, PSPY)
VALUES (52000042, 'F', '1         ', 'Groupe Type Doc Catalogue Texte PAI', 'spy                     ');
INSERT INTO FWCOUP (PCOSID, PLAIDE, PCOUID, PCOLUT, PSPY)
VALUES (52000042, 'D', '1         ', 'Groupe Type Doc Catalogue Texte PAI', 'spy                     ');

-- Ajout code système pour Type catalogue texte proche aidant décision
INSERT INTO FWCOSP (PCOSID, PPTYGR, PCONCS, PPTYCN, PPTYCL, PPTYSA, PCOSLI, PCOSDF, PCOSDM, PCOSDP, PCOIAN,
                    PCOIDE, PCODFI, PCOITC, PCOISE, PSPY)
VALUES (53042001, 'PAITYPES  ', 1, 1, 0, 0, 'DECISION', 2, 1, 2, 2, 2, 2, 52000042, 0, 'spy                     ');
INSERT INTO FWCOUP (PCOSID, PLAIDE, PCOUID, PCOLUT, PSPY)
VALUES (53042001, 'D', '1         ', '[de]Décision', 'spy                     ');
INSERT INTO FWCOUP (PCOSID, PLAIDE, PCOUID, PCOLUT, PSPY)
VALUES (53042001, 'F', '1         ', 'Décision', 'spy                     ');

-- Ajout code système pour Type catalogue texte proche aidant Décompte
INSERT INTO FWCOSP (PCOSID, PPTYGR, PCONCS, PPTYCN, PPTYCL, PPTYSA, PCOSLI, PCOSDF, PCOSDM, PCOSDP, PCOIAN,
                    PCOIDE, PCODFI, PCOITC, PCOISE, PSPY)
VALUES (53042002, 'PAITYPES  ', 2, 1, 0, 0, 'DECOMPTE', 2, 1, 2, 2, 2, 2, 52000042, 0, 'spy                     ');
INSERT INTO FWCOUP (PCOSID, PLAIDE, PCOUID, PCOLUT, PSPY)
VALUES (53042002, 'F', '2         ', 'Décompte', 'spy                     ');
INSERT INTO FWCOUP (PCOSID, PLAIDE, PCOUID, PCOLUT, PSPY)
VALUES (53042002, 'D', '2         ', '[de]Décompte', 'spy                     ');

-- Ajout code système pour Type catalogue texte proche aidant Communication
INSERT INTO FWCOSP (PCOSID, PPTYGR, PCONCS, PPTYCN, PPTYCL, PPTYSA, PCOSLI, PCOSDF, PCOSDM, PCOSDP, PCOIAN,
                    PCOIDE, PCODFI, PCOITC, PCOISE, PSPY)
VALUES (53042003, 'PATTYPES  ', 3, 1, 0, 0, 'COMMUNICATION', 2, 1, 2, 2, 2, 2, 52000042, 0, 'spy                     ');
INSERT INTO FWCOUP (PCOSID, PLAIDE, PCOUID, PCOLUT, PSPY)
VALUES (53042003, 'F', '2         ', 'Communication', 'spy                     ');
INSERT INTO FWCOUP (PCOSID, PLAIDE, PCOUID, PCOLUT, PSPY)
VALUES (53042003, 'D', '2         ', '[de]Communication', 'spy                     ');

-- Ajout code système pour Type catalogue texte proche aidant - Restitution
INSERT INTO FWCOSP (PCOSID, PPTYGR, PCONCS, PPTYCN, PPTYCL, PPTYSA, PCOSLI, PCOSDF, PCOSDM, PCOSDP, PCOIAN,
                    PCOIDE, PCODFI, PCOITC, PCOISE, PSPY)
VALUES (53042004, 'PATTYPES  ', 4, 1, 0, 0, 'RESTITUTION', 2, 1, 2, 2, 2, 2, 52000042, 0, 'spy                     ');
INSERT INTO FWCOUP (PCOSID, PLAIDE, PCOUID, PCOLUT, PSPY)
VALUES (53042004, 'F', '4         ', 'Restitution', 'spy                     ');
INSERT INTO FWCOUP (PCOSID, PLAIDE, PCOUID, PCOLUT, PSPY)
VALUES (53042004, 'D', '4         ', '[de]Restitution', 'spy                     ');

-- Ajout code système pour Type catalogue texte proche aidant - Attestation
INSERT INTO FWCOSP (PCOSID, PPTYGR, PCONCS, PPTYCN, PPTYCL, PPTYSA, PCOSLI, PCOSDF, PCOSDM, PCOSDP, PCOIAN,
                    PCOIDE, PCODFI, PCOITC, PCOISE, PSPY)
VALUES (53042005, 'PATTYPES  ', 5, 1, 0, 0, 'ATTESTATION', 2, 1, 2, 2, 2, 2, 52000042, 0, 'spy                     ');
INSERT INTO FWCOUP (PCOSID, PLAIDE, PCOUID, PCOLUT, PSPY)
VALUES (53042005, 'F', '5         ', 'Attestation', 'spy                     ');
INSERT INTO FWCOUP (PCOSID, PLAIDE, PCOUID, PCOLUT, PSPY)
VALUES (53042005, 'D', '5         ', '[de]Attestation', 'spy                     ');

-- Ajout code système pour Type catalogue texte proche aidant - Récapitulatif
INSERT INTO FWCOSP (PCOSID, PPTYGR, PCONCS, PPTYCN, PPTYCL, PPTYSA, PCOSLI, PCOSDF, PCOSDM, PCOSDP, PCOIAN,
                    PCOIDE, PCODFI, PCOITC, PCOISE, PSPY)
VALUES (53042006, 'PATTYPES  ', 6, 1, 0, 0, 'RECAPITULATION', 2, 1, 2, 2, 2, 2, 52000042, 0,
        'spy                     ');
INSERT INTO FWCOUP (PCOSID, PLAIDE, PCOUID, PCOLUT, PSPY)
VALUES (53042006, 'F', '6         ', 'Liste récapitulation', 'spy                     ');
INSERT INTO FWCOUP (PCOSID, PLAIDE, PCOUID, PCOLUT, PSPY)
VALUES (53042006, 'D', '6         ', '[de]Liste récapitulation', 'spy                     ');

-- Ajout code système pour Type catalogue texte proche aidant - Attestation fiscale
INSERT INTO FWCOSP (PCOSID, PPTYGR, PCONCS, PPTYCN, PPTYCL, PPTYSA, PCOSLI, PCOSDF, PCOSDM, PCOSDP, PCOIAN,
                    PCOIDE, PCODFI, PCOITC, PCOISE, PSPY)
VALUES (53042007, 'PATTYPES  ', 7, 1, 0, 0, 'ATTESTATION_FISCALE', 2, 1, 2, 2, 2, 2, 52000042, 0,
        'spy                     ');
INSERT INTO FWCOUP (PCOSID, PLAIDE, PCOUID, PCOLUT, PSPY)
VALUES (53042007, 'F', '7         ', 'Attestation fiscale', 'spy                     ');
INSERT INTO FWCOUP (PCOSID, PLAIDE, PCOUID, PCOLUT, PSPY)
VALUES (53042007, 'D', '7         ', '[de]Attestation fiscale', 'spy                     ');

-- Ajout code système pour Type catalogue texte proche aidant - Lettre entête
INSERT INTO FWCOSP (PCOSID, PPTYGR, PCONCS, PPTYCN, PPTYCL, PPTYSA, PCOSLI, PCOSDF, PCOSDM, PCOSDP, PCOIAN,
                    PCOIDE, PCODFI, PCOITC, PCOISE, PSPY)
VALUES (53042008, 'PATTYPES  ', 8, 1, 0, 0, 'LETTRE_ENTETE', 2, 1, 2, 2, 2, 2, 52000042, 0, 'spy                     ');
INSERT INTO FWCOUP (PCOSID, PLAIDE, PCOUID, PCOLUT, PSPY)
VALUES (53042008, 'F', '8         ', 'Lettre en-tête', 'spy                     ');
INSERT INTO FWCOUP (PCOSID, PLAIDE, PCOUID, PCOLUT, PSPY)
VALUES (53042008, 'D', '8         ', '[de]Lettre en-tête', 'spy                     ');
INSERT INTO CTTYPDOC (CAITYD, CATDOM, CATTYP, PSPY, CANBIN, CAIGAN) VALUES (42101, 53041001, 53042001, '                        ', 42101000000, null);
INSERT INTO CTTYPDOC (CAITYD, CATDOM, CATTYP, PSPY, CANBIN, CAIGAN) VALUES (42500, 53041001, 53042007, '                        ', 85144000000, null);

--CATALOGUE DE TEXTE
--DECISION - ASSURE - CTDOCUME
INSERT INTO CTDOCUME (CBITYD, CBIDOC, CBDDES, CBBACT, CBLNOM, CBTEDI, CBTDES, CBBDEF, CBBSTY, PSPY) VALUES (42101, 42101000000+1, 0, '1', 'normal', 34000001, 34005001, '1', '1', '20210201120000globaz');


--Creation rubriques comptable

INSERT INTO SCHEMA.fwcoup (PCOSID,PLAIDE,PCOUID,PCOLUT,PSPY) VALUES (237372,'D','          ','BetreuendeAngehorige Arbeitgeber mit ALV','202104151000000globaz');
INSERT INTO SCHEMA.fwcoup (PCOSID,PLAIDE,PCOUID,PCOLUT,PSPY) VALUES (237372,'F','          ','ProcheAidant Employeur avec AC','202104151000000globaz');
INSERT INTO SCHEMA.fwcoup (PCOSID,PLAIDE,PCOUID,PCOLUT,PSPY) VALUES (237373,'D','          ','BetreuendeAngehorige Arbeitgeber ohne ALV','202104151000000globaz');
INSERT INTO SCHEMA.fwcoup (PCOSID,PLAIDE,PCOUID,PCOLUT,PSPY) VALUES (237373,'F','          ','ProcheAidant Employeur sans AC','202104151000000globaz');
INSERT INTO SCHEMA.fwcoup (PCOSID,PLAIDE,PCOUID,PCOLUT,PSPY) VALUES (237374,'D','          ','BetreuendeAngehorige Versicherte mit ALV','202104151000000globaz');
INSERT INTO SCHEMA.fwcoup (PCOSID,PLAIDE,PCOUID,PCOLUT,PSPY) VALUES (237374,'F','          ','ProcheAidant Assuré avec AC','202104151000000globaz');
INSERT INTO SCHEMA.fwcoup (PCOSID,PLAIDE,PCOUID,PCOLUT,PSPY) VALUES (237375,'D','          ','BetreuendeAngehorige Versicherte ohne ALV','202104151000000globaz');
INSERT INTO SCHEMA.fwcoup (PCOSID,PLAIDE,PCOUID,PCOLUT,PSPY) VALUES (237375,'F','          ','ProcheAidant Assuré sans AC','202104151000000globaz');
INSERT INTO SCHEMA.fwcoup (PCOSID,PLAIDE,PCOUID,PCOLUT,PSPY) VALUES (237376,'D','          ','BetreuendeAngehorige ohne Beiträge','202104151000000globaz');
INSERT INTO SCHEMA.fwcoup (PCOSID,PLAIDE,PCOUID,PCOLUT,PSPY) VALUES (237376,'F','          ','ProcheAidant Sans cotisations','202104151000000globaz');
INSERT INTO SCHEMA.fwcoup (PCOSID,PLAIDE,PCOUID,PCOLUT,PSPY) VALUES (237377,'D','          ','BetreuendeAngehorige Zurückzuerstattende Leistungen Versicherte','202104151000000globaz');
INSERT INTO SCHEMA.fwcoup (PCOSID,PLAIDE,PCOUID,PCOLUT,PSPY) VALUES (237377,'F','          ','ProcheAidant Prestations à restituer Assuré','202104151000000globaz');
INSERT INTO SCHEMA.fwcoup (PCOSID,PLAIDE,PCOUID,PCOLUT,PSPY) VALUES (237378,'D','          ','BetreuendeAngehorige AHV Beiträge Versicherte','202104151000000globaz');
INSERT INTO SCHEMA.fwcoup (PCOSID,PLAIDE,PCOUID,PCOLUT,PSPY) VALUES (237378,'F','          ','ProcheAidant Cotisations AVS Assuré','202104151000000globaz');
INSERT INTO SCHEMA.fwcoup (PCOSID,PLAIDE,PCOUID,PCOLUT,PSPY) VALUES (237379,'D','          ','BetreuendeAngehorige ALV Beiträge Versicherte','202104151000000globaz');
INSERT INTO SCHEMA.fwcoup (PCOSID,PLAIDE,PCOUID,PCOLUT,PSPY) VALUES (237379,'F','          ','ProcheAidant Cotisations AC Assuré','202104151000000globaz');
INSERT INTO SCHEMA.fwcoup (PCOSID,PLAIDE,PCOUID,PCOLUT,PSPY) VALUES (237380,'D','          ','BetreuendeAngehorige Verrechungsfonds Versicherte','202104151000000globaz');
INSERT INTO SCHEMA.fwcoup (PCOSID,PLAIDE,PCOUID,PCOLUT,PSPY) VALUES (237380,'F','          ','ProcheAidant Fonds de compensation Assuré','202104151000000globaz');
INSERT INTO SCHEMA.fwcoup (PCOSID,PLAIDE,PCOUID,PCOLUT,PSPY) VALUES (237381,'D','          ','BetreuendeAngehorige Quellensteuer Versicherte','202104151000000globaz');
INSERT INTO SCHEMA.fwcoup (PCOSID,PLAIDE,PCOUID,PCOLUT,PSPY) VALUES (237381,'F','          ','ProcheAidant Impôt à la source Assuré','202104151000000globaz');
INSERT INTO SCHEMA.fwcoup (PCOSID,PLAIDE,PCOUID,PCOLUT,PSPY) VALUES (237382,'D','          ','BetreuendeAngehorige FLG Beiträge','202104151000000globaz');
INSERT INTO SCHEMA.fwcoup (PCOSID,PLAIDE,PCOUID,PCOLUT,PSPY) VALUES (237382,'F','          ','ProcheAidant Cotisations LFA','202104151000000globaz');
INSERT INTO SCHEMA.fwcoup (PCOSID,PLAIDE,PCOUID,PCOLUT,PSPY) VALUES (237383,'D','          ','BetreuendeAngehorige Verwaltungskosten','202104151000000globaz');
INSERT INTO SCHEMA.fwcoup (PCOSID,PLAIDE,PCOUID,PCOLUT,PSPY) VALUES (237383,'F','          ','ProcheAidant Frais d''administration','202104151000000globaz');
INSERT INTO SCHEMA.fwcoup (PCOSID,PLAIDE,PCOUID,PCOLUT,PSPY) VALUES (237384,'D','          ','BetreuendeAngehorige Selbständigerwerb. mit ALV','202104151000000globaz');
INSERT INTO SCHEMA.fwcoup (PCOSID,PLAIDE,PCOUID,PCOLUT,PSPY) VALUES (237384,'F','          ','ProcheAidant Indépendant avec AC','202104151000000globaz');
INSERT INTO SCHEMA.fwcoup (PCOSID,PLAIDE,PCOUID,PCOLUT,PSPY) VALUES (237385,'D','          ','BetreuendeAngehorige Selbständigerwerb. ohne ALV','202104151000000globaz');
INSERT INTO SCHEMA.fwcoup (PCOSID,PLAIDE,PCOUID,PCOLUT,PSPY) VALUES (237385,'F','          ','ProcheAidant Indépendant sans AC','202104151000000globaz');
INSERT INTO SCHEMA.fwcoup (PCOSID,PLAIDE,PCOUID,PCOLUT,PSPY) VALUES (237386,'D','          ','BetreuendeAngehorige Zurückzuerstattende Leistungen Selbständigerwerb.','202104151000000globaz');
INSERT INTO SCHEMA.fwcoup (PCOSID,PLAIDE,PCOUID,PCOLUT,PSPY) VALUES (237386,'F','          ','ProcheAidant Prestations à restituer Indépendant','202104151000000globaz');
INSERT INTO SCHEMA.fwcoup (PCOSID,PLAIDE,PCOUID,PCOLUT,PSPY) VALUES (237387,'D','          ','BetreuendeAngehorige Zurückzuerstattende Leistungen Arbeitgeber','202104151000000globaz');
INSERT INTO SCHEMA.fwcoup (PCOSID,PLAIDE,PCOUID,PCOLUT,PSPY) VALUES (237387,'F','          ','ProcheAidant Prestations à restituer Employeur','202104151000000globaz');
INSERT INTO SCHEMA.fwcoup (PCOSID,PLAIDE,PCOUID,PCOLUT,PSPY) VALUES (237388,'D','          ','BetreuendeAngehorige AHV Beiträge Selbständigerwerb.','202104151000000globaz');
INSERT INTO SCHEMA.fwcoup (PCOSID,PLAIDE,PCOUID,PCOLUT,PSPY) VALUES (237388,'F','          ','ProcheAidant Cotisations AVS Indépendant','202104151000000globaz');
INSERT INTO SCHEMA.fwcoup (PCOSID,PLAIDE,PCOUID,PCOLUT,PSPY) VALUES (237389,'D','          ','BetreuendeAngehorige ALV Beiträge Selbständigerwerb.','202104151000000globaz');
INSERT INTO SCHEMA.fwcoup (PCOSID,PLAIDE,PCOUID,PCOLUT,PSPY) VALUES (237389,'F','          ','ProcheAidant Cotisations AC Indépendant','202104151000000globaz');
INSERT INTO SCHEMA.fwcoup (PCOSID,PLAIDE,PCOUID,PCOLUT,PSPY) VALUES (237390,'D','          ','BetreuendeAngehorige Verrechungsfonds Arbeitgeber','202104151000000globaz');
INSERT INTO SCHEMA.fwcoup (PCOSID,PLAIDE,PCOUID,PCOLUT,PSPY) VALUES (237391,'F','          ','ProcheAidant Fonds de compensation Employeur','202104151000000globaz');
INSERT INTO SCHEMA.fwcoup (PCOSID,PLAIDE,PCOUID,PCOLUT,PSPY) VALUES (237392,'D','          ','BetreuendeAngehorige Verrechungsfonds Selbständigerwerb.','202104151000000globaz');
INSERT INTO SCHEMA.fwcoup (PCOSID,PLAIDE,PCOUID,PCOLUT,PSPY) VALUES (237392,'F','          ','ProcheAidant Fonds de compensation Indépendant','202104151000000globaz');
INSERT INTO SCHEMA.fwcoup (PCOSID,PLAIDE,PCOUID,PCOLUT,PSPY) VALUES (237393,'D','          ','BetreuendeAngehorige Quellensteuer Selbständigerwerb.','202104151000000globaz');
INSERT INTO SCHEMA.fwcoup (PCOSID,PLAIDE,PCOUID,PCOLUT,PSPY) VALUES (237393,'F','          ','ProcheAidant Impôt à la source Indépendant','202104151000000globaz');
INSERT INTO SCHEMA.fwcosp (PCOSID,PPTYGR,PCONCS,PPTYCN,PPTYCL,PPTYSA,PCOSLI,PCOSDF,PCOSDM,PCOSDP,PCOIAN,PCOIDE,PCODFI,PCOITC,PCOISE,PSPY) VALUES (237372,'OSIREFRUB ',1,1,0,0,'PROCHEAIDANT_EMPL_AVEC_AC',2,2,2,2,2,2,10200037,0,'202104151000000globaz');
INSERT INTO SCHEMA.fwcosp (PCOSID,PPTYGR,PCONCS,PPTYCN,PPTYCL,PPTYSA,PCOSLI,PCOSDF,PCOSDM,PCOSDP,PCOIAN,PCOIDE,PCODFI,PCOITC,PCOISE,PSPY) VALUES (237373,'OSIREFRUB ',1,1,0,0,'PROCHEAIDANT_EMPL_SANS_AC',2,2,2,2,2,2,10200037,0,'202104151000000globaz');
INSERT INTO SCHEMA.fwcosp (PCOSID,PPTYGR,PCONCS,PPTYCN,PPTYCL,PPTYSA,PCOSLI,PCOSDF,PCOSDM,PCOSDP,PCOIAN,PCOIDE,PCODFI,PCOITC,PCOISE,PSPY) VALUES (237374,'OSIREFRUB ',1,1,0,0,'PROCHEAIDANT_ASSURE_AVEC_AC',2,2,2,2,2,2,10200037,0,'202104151000000globaz');
INSERT INTO SCHEMA.fwcosp (PCOSID,PPTYGR,PCONCS,PPTYCN,PPTYCL,PPTYSA,PCOSLI,PCOSDF,PCOSDM,PCOSDP,PCOIAN,PCOIDE,PCODFI,PCOITC,PCOISE,PSPY) VALUES (237375,'OSIREFRUB ',1,1,0,0,'PROCHEAIDANT_ASSURE_SANS_AC',2,2,2,2,2,2,10200037,0,'202104151000000globaz');
INSERT INTO SCHEMA.fwcosp (PCOSID,PPTYGR,PCONCS,PPTYCN,PPTYCL,PPTYSA,PCOSLI,PCOSDF,PCOSDM,PCOSDP,PCOIAN,PCOIDE,PCODFI,PCOITC,PCOISE,PSPY) VALUES (237376,'OSIREFRUB ',1,1,0,0,'PROCHEAIDANT_SANS_COTISATIONS',2,2,2,2,2,2,10200037,0,'202104151000000globaz');
INSERT INTO SCHEMA.fwcosp (PCOSID,PPTYGR,PCONCS,PPTYCN,PPTYCL,PPTYSA,PCOSLI,PCOSDF,PCOSDM,PCOSDP,PCOIAN,PCOIDE,PCODFI,PCOITC,PCOISE,PSPY) VALUES (237377,'OSIREFRUB ',1,1,0,0,'PROCHEAIDANT_PRESTATIONS_RESTITUER_ASSURE',2,2,2,2,2,2,10200037,0,'202104151000000globaz');
INSERT INTO SCHEMA.fwcosp (PCOSID,PPTYGR,PCONCS,PPTYCN,PPTYCL,PPTYSA,PCOSLI,PCOSDF,PCOSDM,PCOSDP,PCOIAN,PCOIDE,PCODFI,PCOITC,PCOISE,PSPY) VALUES (237378,'OSIREFRUB ',1,1,0,0,'PROCHEAIDANT_COTISATIONS_AVS_ASSURE',2,2,2,2,2,2,10200037,0,'202104151000000globaz');
INSERT INTO SCHEMA.fwcosp (PCOSID,PPTYGR,PCONCS,PPTYCN,PPTYCL,PPTYSA,PCOSLI,PCOSDF,PCOSDM,PCOSDP,PCOIAN,PCOIDE,PCODFI,PCOITC,PCOISE,PSPY) VALUES (237379,'OSIREFRUB ',1,1,0,0,'PROCHEAIDANT_COTISATIONS_AC_ASSURE',2,2,2,2,2,2,10200037,0,'202104151000000globaz');
INSERT INTO SCHEMA.fwcosp (PCOSID,PPTYGR,PCONCS,PPTYCN,PPTYCL,PPTYSA,PCOSLI,PCOSDF,PCOSDM,PCOSDP,PCOIAN,PCOIDE,PCODFI,PCOITC,PCOISE,PSPY) VALUES (237380,'OSIREFRUB ',1,1,0,0,'PROCHEAIDANT_FONDS_COMPENSATIONS_ASSURE',2,2,2,2,2,2,10200037,0,'202104151000000globaz');
INSERT INTO SCHEMA.fwcosp (PCOSID,PPTYGR,PCONCS,PPTYCN,PPTYCL,PPTYSA,PCOSLI,PCOSDF,PCOSDM,PCOSDP,PCOIAN,PCOIDE,PCODFI,PCOITC,PCOISE,PSPY) VALUES (237381,'OSIREFRUB ',1,1,0,0,'PROCHEAIDANT_IMPOT_SOURCE_ASSURE',2,2,2,2,2,2,10200037,0,'202104151000000globaz');
INSERT INTO SCHEMA.fwcosp (PCOSID,PPTYGR,PCONCS,PPTYCN,PPTYCL,PPTYSA,PCOSLI,PCOSDF,PCOSDM,PCOSDP,PCOIAN,PCOIDE,PCODFI,PCOITC,PCOISE,PSPY) VALUES (237382,'OSIREFRUB ',1,1,0,0,'PROCHEAIDANT_COTISATIONS_LFA',2,2,2,2,2,2,10200037,0,'202104151000000globaz');
INSERT INTO SCHEMA.fwcosp (PCOSID,PPTYGR,PCONCS,PPTYCN,PPTYCL,PPTYSA,PCOSLI,PCOSDF,PCOSDM,PCOSDP,PCOIAN,PCOIDE,PCODFI,PCOITC,PCOISE,PSPY) VALUES (237383,'OSIREFRUB ',1,1,0,0,'PROCHEAIDANT_FRAIS_ADMINISTRATION',2,2,2,2,2,2,10200037,0,'202104151000000globaz');
INSERT INTO SCHEMA.fwcosp (PCOSID,PPTYGR,PCONCS,PPTYCN,PPTYCL,PPTYSA,PCOSLI,PCOSDF,PCOSDM,PCOSDP,PCOIAN,PCOIDE,PCODFI,PCOITC,PCOISE,PSPY) VALUES (237384,'OSIREFRUB ',1,1,0,0,'PROCHEAIDANT_INDEPENDANT_AVEC_AC',2,2,2,2,2,2,10200037,0,'202104151000000globaz');
INSERT INTO SCHEMA.fwcosp (PCOSID,PPTYGR,PCONCS,PPTYCN,PPTYCL,PPTYSA,PCOSLI,PCOSDF,PCOSDM,PCOSDP,PCOIAN,PCOIDE,PCODFI,PCOITC,PCOISE,PSPY) VALUES (237385,'OSIREFRUB ',1,1,0,0,'PROCHEAIDANT_INDEPENDANT_SANS_AC',2,2,2,2,2,2,10200037,0,'202104151000000globaz');
INSERT INTO SCHEMA.fwcosp (PCOSID,PPTYGR,PCONCS,PPTYCN,PPTYCL,PPTYSA,PCOSLI,PCOSDF,PCOSDM,PCOSDP,PCOIAN,PCOIDE,PCODFI,PCOITC,PCOISE,PSPY) VALUES (237386,'OSIREFRUB ',1,1,0,0,'PROCHEAIDANT_PRESTATIONS_RESTITUER_INDEPENDANT',2,2,2,2,2,2,10200037,0,'202104151000000globaz');
INSERT INTO SCHEMA.fwcosp (PCOSID,PPTYGR,PCONCS,PPTYCN,PPTYCL,PPTYSA,PCOSLI,PCOSDF,PCOSDM,PCOSDP,PCOIAN,PCOIDE,PCODFI,PCOITC,PCOISE,PSPY) VALUES (237387,'OSIREFRUB ',1,1,0,0,'PROCHEAIDANT_PRESTATIONS_RESTITUER_EMPLOYEUR',2,2,2,2,2,2,10200037,0,'202104151000000globaz');
INSERT INTO SCHEMA.fwcosp (PCOSID,PPTYGR,PCONCS,PPTYCN,PPTYCL,PPTYSA,PCOSLI,PCOSDF,PCOSDM,PCOSDP,PCOIAN,PCOIDE,PCODFI,PCOITC,PCOISE,PSPY) VALUES (237388,'OSIREFRUB ',1,1,0,0,'PROCHEAIDANT_COTISATIONS_AVS_INDEPENDANT',2,2,2,2,2,2,10200037,0,'202104151000000globaz');
INSERT INTO SCHEMA.fwcosp (PCOSID,PPTYGR,PCONCS,PPTYCN,PPTYCL,PPTYSA,PCOSLI,PCOSDF,PCOSDM,PCOSDP,PCOIAN,PCOIDE,PCODFI,PCOITC,PCOISE,PSPY) VALUES (237389,'OSIREFRUB ',1,1,0,0,'PROCHEAIDANT_COTISATIONS_AC_INDEPENDANT',2,2,2,2,2,2,10200037,0,'202104151000000globaz');
INSERT INTO SCHEMA.fwcosp (PCOSID,PPTYGR,PCONCS,PPTYCN,PPTYCL,PPTYSA,PCOSLI,PCOSDF,PCOSDM,PCOSDP,PCOIAN,PCOIDE,PCODFI,PCOITC,PCOISE,PSPY) VALUES (237390,'OSIREFRUB ',1,1,0,0,'PROCHEAIDANT_FONDS_COMPENSATIONS_EMPLOYEUR',2,2,2,2,2,2,10200037,0,'202104151000000globaz');
INSERT INTO SCHEMA.fwcosp (PCOSID,PPTYGR,PCONCS,PPTYCN,PPTYCL,PPTYSA,PCOSLI,PCOSDF,PCOSDM,PCOSDP,PCOIAN,PCOIDE,PCODFI,PCOITC,PCOISE,PSPY) VALUES (237391,'OSIREFRUB ',1,1,0,0,'PROCHEAIDANT_FONDS_COMPENSATIONS_INDEPENDANT',2,2,2,2,2,2,10200037,0,'202104151000000globaz');
INSERT INTO SCHEMA.fwcosp (PCOSID,PPTYGR,PCONCS,PPTYCN,PPTYCL,PPTYSA,PCOSLI,PCOSDF,PCOSDM,PCOSDP,PCOIAN,PCOIDE,PCODFI,PCOITC,PCOISE,PSPY) VALUES (237392,'OSIREFRUB ',1,1,0,0,'PROCHEAIDANT_IMPOT_SOURCE_INDEPENDANT',2,2,2,2,2,2,10200037,0,'202104151000000globaz');
