INSERT INTO SCHEMA.FWCOSP (PCOSID,PPTYGR,PCONCS,PPTYCN,PPTYCL,PPTYSA,PCOSLI,PCOSDF,PCOSDM,PCOSDP,PCOIAN,PCOIDE,PCODFI,PCOITC,PCOISE,PSPY) VALUES (212004,'OSIOGRLSV ',1,1,0,0,'CAMT054_CHDD',2,1,2,2,2,2,10200012,0,'                        ');
INSERT INTO SCHEMA.FWCOUP (PCOSID,PLAIDE,PCOUID,PCOLUT,PSPY) VALUES (212004,'D','','camt054 CH-DD','');
INSERT INTO SCHEMA.FWCOUP (PCOSID,PLAIDE,PCOUID,PCOLUT,PSPY) VALUES (212004,'F','','camt054 CH-DD','');

INSERT INTO SCHEMA.FWCOSP (PCOSID,PPTYGR,PCONCS,PPTYCN,PPTYCL,PPTYSA,PCOSLI,PCOSDF,PCOSDM,PCOSDP,PCOIAN,PCOIDE,PCODFI,PCOITC,PCOISE,PSPY) VALUES (212005,'OSIOGRLSV ',1,1,0,0,'CAMT054_CHTA',2,1,2,2,2,2,10200012,0,'                        ');
INSERT INTO SCHEMA.FWCOUP (PCOSID,PLAIDE,PCOUID,PCOLUT,PSPY) VALUES (212005,'D','','camt054 CH-TA','');
INSERT INTO SCHEMA.FWCOUP (PCOSID,PLAIDE,PCOUID,PCOLUT,PSPY) VALUES (212005,'F','','camt054 CH-TA','');

UPDATE SCHEMA.FWCOSP SET PCOSLI = 'CAMT054_BVR' WHERE PCOSID = 211003;
UPDATE SCHEMA.FWCOUP SET PCOLUT = 'camt054 BVR' WHERE PCOSID = 211003 AND PLAIDE = 'F';
UPDATE SCHEMA.FWCOUP SET PCOLUT = 'camt054 ESR' WHERE PCOSID = 211003 AND PLAIDE = 'D';

UPDATE SCHEMA.FWCOUP SET PCOLUT = 'ISO 20022' WHERE PCOSID = 258003 AND PLAIDE = 'F';
UPDATE SCHEMA.FWCOUP SET PCOLUT = 'ISO 20022' WHERE PCOSID = 258003 AND PLAIDE = 'D';

INSERT INTO SCHEMA.FWCOSP (PCOSID,PPTYGR,PCONCS,PPTYCN,PPTYCL,PPTYSA,PCOSLI,PCOSDF,PCOSDM,PCOSDP,PCOIAN,PCOIDE,PCODFI,PCOITC,PCOISE,PSPY) VALUES (260005,'OSIOGSET',5,1,0,0,'validé',2,2,2,2,2,2,10200060,0,'20160727120000globaz');
INSERT INTO SCHEMA.FWCOUP (PCOSID,PLAIDE,PCOUID,PCOLUT,PSPY) VALUES (260005,'D','','validiert','20160727120000globaz');
INSERT INTO SCHEMA.FWCOUP (PCOSID,PLAIDE,PCOUID,PCOLUT,PSPY) VALUES (260005,'F','','validé','20160727120000globaz');

INSERT INTO SCHEMA.JADEPROP (PROPNAME, PROPVAL) VALUES ('osiris.iso.sepa.ftp.lsvpost.folder', '');


INSERT INTO SCHEMA.JADEPROP (PROPNAME, PROPVAL) VALUES ('osiris.iso.sepa.ftp.camt054.host', '');
INSERT INTO SCHEMA.JADEPROP (PROPNAME, PROPVAL) VALUES ('osiris.iso.sepa.ftp.camt054.port', '');
INSERT INTO SCHEMA.JADEPROP (PROPNAME, PROPVAL) VALUES ('osiris.iso.sepa.ftp.camt054.user', '');
INSERT INTO SCHEMA.JADEPROP (PROPNAME, PROPVAL) VALUES ('osiris.iso.sepa.ftp.camt054.pass', '');
INSERT INTO SCHEMA.JADEPROP (PROPNAME, PROPVAL) VALUES ('osiris.iso.sepa.ftp.camt054.folder', '');

UPDATE SCHEMA.JADEPROP SET PROPVAL = (SELECT PROPVAL FROM SCHEMA.JADEPROP WHERE PROPNAME = 'osiris.iso.sepa.ftp.host') WHERE PROPNAME = 'osiris.iso.sepa.ftp.camt054.host';
UPDATE SCHEMA.JADEPROP SET PROPVAL = (SELECT PROPVAL FROM SCHEMA.JADEPROP WHERE PROPNAME = 'osiris.iso.sepa.ftp.port') WHERE PROPNAME = 'osiris.iso.sepa.ftp.camt054.port';
UPDATE SCHEMA.JADEPROP SET PROPVAL = (SELECT PROPVAL FROM SCHEMA.JADEPROP WHERE PROPNAME = 'osiris.iso.sepa.ftp.user') WHERE PROPNAME = 'osiris.iso.sepa.ftp.camt054.user';
UPDATE SCHEMA.JADEPROP SET PROPVAL = (SELECT PROPVAL FROM SCHEMA.JADEPROP WHERE PROPNAME = 'osiris.iso.sepa.ftp.pass') WHERE PROPNAME = 'osiris.iso.sepa.ftp.camt054.pass';
UPDATE SCHEMA.JADEPROP SET PROPVAL = (SELECT PROPVAL FROM SCHEMA.JADEPROP WHERE PROPNAME = 'osiris.iso.sepa.ftp.ack.folder') WHERE PROPNAME = 'osiris.iso.sepa.ftp.camt054.folder';

INSERT INTO SCHEMA.JADEPROP (PROPNAME, PROPVAL) VALUES ('osiris.iso.sepa.enableIbanPostal', 'false');

INSERT INTO SCHEMA.JADEPROP (PROPNAME, PROPVAL) VALUES ('osiris.iso.sepa.typeprelevement.code.chta', 'LSV+');
INSERT INTO SCHEMA.JADEPROP (PROPNAME, PROPVAL) VALUES ('osiris.iso.sepa.typeprelevement.code.chdd', 'DDCOR1');

ALTER TABLE SCHEMA.CAOPRDP ADD COLUMN ACCTSVCRREF VARCHAR(255);
ALTER TABLE SCHEMA.CAOPRDP ADD COLUMN BKTXCD VARCHAR(255);
ALTER TABLE SCHEMA.CAOPRDP ADD COLUMN DBTR VARCHAR(255);
reorg table SCHEMA.CAOPRDP;

INSERT INTO SCHEMA.JADEPROP (PROPNAME, PROPVAL) VALUES ('osiris.iso.sepa.ftp.ack.folder2', '');

-- S160704_002

insert into SCHEMA.fwcosp (pcosid,pptygr,pconcs,pptycn,pptycl,pptysa,pcosli,pcosdf,pcosdm,pcosdp,pcoian,pcoide,pcodfi,pcoitc,pcoise,pspy) values (237592,'OSIREFRUB',1,1,0,0,'PC_PART_CANTONALE_AVS',2, 2,2,2,2,2,10200037,0,'spy');
insert into SCHEMA.fwcoup (pcosid,plaide,pcouid,pcolut,pspy) values (237592,'D','','EL AHV - Kantonale Anteil','spy');
insert into SCHEMA.fwcoup (pcosid,plaide,pcouid,pcolut,pspy) values (237592,'F','','PC AVS - part cantonale','spy');

insert into SCHEMA.fwcosp (pcosid,pptygr,pconcs,pptycn,pptycl,pptysa,pcosli,pcosdf,pcosdm,pcosdp,pcoian,pcoide,pcodfi,pcoitc,pcoise,pspy) values (237593,'OSIREFRUB',1,1,0,0,'PC_PART_CANTONALE_AI',2, 2,2,2,2,2,10200037,0,'spy');
insert into SCHEMA.fwcoup (pcosid,plaide,pcouid,pcolut,pspy) values (237593,'D','','EL IV - Kantonale Anteil','spy');
insert into SCHEMA.fwcoup (pcosid,plaide,pcouid,pcolut,pspy) values (237593,'F','','PC AI - part cantonale','spy');