INSERT INTO SCHEMA.JADEPROP (PROPNAME,PROPVAL,CSPY,PSPY) VALUES ('pegasus.rpc.nb.mois.annonces.renvoie','1','202103191120000Globaz    ','202103191120000Globaz    ');

-- Propriété pour forcer mise en Ged lors de l'impression des décisions PC
INSERT INTO SCHEMA.JADEPROP (PROPNAME, PROPVAL, CSPY, PSPY) VALUES ('pegasus.pegasus.decision.forcer.mise.ged', 'false', null, '20210423122228Globaz   ');

--Restitutions PC
DROP TABLE SCHEMA.PC_RESTIT;
create table SCHEMA.PC_RESTIT
(
    RESPC_ID_RESTIT       INTEGER not null
        primary key,
    RESPC_ID_DOS          DECIMAL(15),
    RESPC_MONTANT_AVS_FED DECIMAL(15, 2),
    RESPC_TYPE_AVS_FED    DECIMAL(8),
    RESPC_MONTANT_AI_FED  DECIMAL(15, 2),
    RESPC_TYPE_AI_FED     DECIMAL(8),
    RESPC_MONTANT_AVS_SUB DECIMAL(15, 2),
    RESPC_TYPE_AVS_SUB    DECIMAL(8),
    RESPC_MONTANT_AI_SUB  DECIMAL(15, 2),
    RESPC_TYPE_AI_SUB     DECIMAL(8),
    RESPC_MONTANT_AVS_CAN DECIMAL(15, 2),
    RESPC_TYPE_AVS_CAN    DECIMAL(8),
    RESPC_MONTANT_AI_CAN  DECIMAL(15, 2),
    RESPC_TYPE_AI_CAN     DECIMAL(8),
    RESPC_MONTANT_RFM_AVS DECIMAL(15, 2),
    RESPC_TYPE_RFM_AVS    DECIMAL(8),
    RESPC_MONTANT_RFM_AI  DECIMAL(15, 2),
    RESPC_TYPE_RFM_AI     DECIMAL(8),
    IDJOURNAL             DECIMAL(9),
    CSPY                  VARCHAR(24),
    PSPY                  VARCHAR(24)
);
UPDATE SCHEMA.JADEINCR
SET INCVAL = 1,
    PSPY   = '20210414143015ccjuglo   '
WHERE TBNAME = 'PC_RESTIT                  ';
INSERT INTO SCHEMA.FWCOSP (PCOSID, PPTYGR, PCONCS, PPTYCN, PPTYCL, PPTYSA, PCOSLI, PCOSDF, PCOSDM, PCOSDP, PCOIAN,
                            PCOIDE, PCODFI, PCOITC, PCOISE, PSPY)
VALUES (64082001, 'PCRESTITYP', 1, 1, 0, 0, 'DOMICILE', 2, 1, 2, 2, 2, 2, 63000082, 0, '20200526120000Globaz');
INSERT INTO SCHEMA.FWCOUP (PCOSID, PLAIDE, PCOUID, PCOLUT, PSPY)
VALUES (64082001, 'F', '          ', 'Domicile', '20200526120000Globaz');
INSERT INTO SCHEMA.FWCOUP (PCOSID, PLAIDE, PCOUID, PCOLUT, PSPY)
VALUES (64082001, 'D', '          ', 'Wohnsitz', '20200526120000Globaz');
INSERT INTO SCHEMA.FWCOSP (PCOSID, PPTYGR, PCONCS, PPTYCN, PPTYCL, PPTYSA, PCOSLI, PCOSDF, PCOSDM, PCOSDP, PCOIAN,
                            PCOIDE, PCODFI, PCOITC, PCOISE, PSPY)
VALUES (64082002, 'PCRESTITYP', 1, 1, 0, 0, 'HOME_EMS', 2, 1, 2, 2, 2, 2, 63000082, 0, '20200526120000Globaz');
INSERT INTO SCHEMA.FWCOUP (PCOSID, PLAIDE, PCOUID, PCOLUT, PSPY)
VALUES (64082002, 'F', '          ', 'Home EMS', '20200526120000Globaz');
INSERT INTO SCHEMA.FWCOUP (PCOSID, PLAIDE, PCOUID, PCOLUT, PSPY)
VALUES (64082002, 'D', '          ', 'Heim PHS', '20200526120000Globaz');
INSERT INTO SCHEMA.FWCOSP (PCOSID, PPTYGR, PCONCS, PPTYCN, PPTYCL, PPTYSA, PCOSLI, PCOSDF, PCOSDM, PCOSDP, PCOIAN,
                            PCOIDE, PCODFI, PCOITC, PCOISE, PSPY)
VALUES (64082003, 'PCRESTITYP', 1, 1, 0, 0, 'HOME_ESE', 2, 1, 2, 2, 2, 2, 63000082, 0, '20200526120000Globaz');
INSERT INTO SCHEMA.FWCOUP (PCOSID, PLAIDE, PCOUID, PCOLUT, PSPY)
VALUES (64082003, 'F', '          ', 'Home ESE', '20200526120000Globaz');
INSERT INTO SCHEMA.FWCOUP (PCOSID, PLAIDE, PCOUID, PCOLUT, PSPY)
VALUES (64082003, 'D', '          ', 'Heim SPE', '20200526120000Globaz');
INSERT INTO SCHEMA.FWCOSP (PCOSID, PPTYGR, PCONCS, PPTYCN, PPTYCL, PPTYSA, PCOSLI, PCOSDF, PCOSDM, PCOSDP, PCOIAN,
                            PCOIDE, PCODFI, PCOITC, PCOISE, PSPY)
VALUES (64082004, 'PCRESTITYP', 1, 1, 0, 0, 'HOME_EPSM', 2, 1, 2, 2, 2, 2, 63000082, 0, '20200526120000Globaz');
INSERT INTO SCHEMA.FWCOUP (PCOSID, PLAIDE, PCOUID, PCOLUT, PSPY)
VALUES (64082004, 'F', '          ', 'Home EPSM', '20200526120000Globaz');
INSERT INTO SCHEMA.FWCOUP (PCOSID, PLAIDE, PCOUID, PCOLUT, PSPY)
VALUES (64082004, 'D', '          ', 'Heim PSME', '20200526120000Globaz');

--DELETE FROM SCHEMA.FWCOSP WHERE PCOSID >= 237602 AND PCOSID <=237633
--DELETE FROM SCHEMA.FWCOUP WHERE PCOSID >= 237602 AND PCOSID <=237633
INSERT INTO SCHEMA.fwcosp (PCOSID,PPTYGR,PCONCS,PPTYCN,PPTYCL,PPTYSA,PCOSLI,PCOSDF,PCOSDM,PCOSDP,PCOIAN,PCOIDE,PCODFI,PCOITC,PCOISE,PSPY) VALUES (237602,'OSIREFRUB ',1,1,0,0,'PC_RESTI_AVS_FED_DOMCILE',2,2,2,2,2,2,10200037,0,'202105311000000globaz');
INSERT INTO SCHEMA.fwcosp (PCOSID,PPTYGR,PCONCS,PPTYCN,PPTYCL,PPTYSA,PCOSLI,PCOSDF,PCOSDM,PCOSDP,PCOIAN,PCOIDE,PCODFI,PCOITC,PCOISE,PSPY) VALUES (237603,'OSIREFRUB ',1,1,0,0,'PC_REST_AVS_FED_HOME_EMS',2,2,2,2,2,2,10200037,0,'202104151000000globaz');
INSERT INTO SCHEMA.fwcosp (PCOSID,PPTYGR,PCONCS,PPTYCN,PPTYCL,PPTYSA,PCOSLI,PCOSDF,PCOSDM,PCOSDP,PCOIAN,PCOIDE,PCODFI,PCOITC,PCOISE,PSPY) VALUES (237604,'OSIREFRUB ',1,1,0,0,'PC_REST_AVS_FED_HOME_ESE',2,2,2,2,2,2,10200037,0,'202104151000000globaz');
INSERT INTO SCHEMA.fwcosp (PCOSID,PPTYGR,PCONCS,PPTYCN,PPTYCL,PPTYSA,PCOSLI,PCOSDF,PCOSDM,PCOSDP,PCOIAN,PCOIDE,PCODFI,PCOITC,PCOISE,PSPY) VALUES (237605,'OSIREFRUB ',1,1,0,0,'PC_REST_AVS_FED_HOME_EPSM',2,2,2,2,2,2,10200037,0,'202104151000000globaz');

INSERT INTO SCHEMA.fwcosp (PCOSID,PPTYGR,PCONCS,PPTYCN,PPTYCL,PPTYSA,PCOSLI,PCOSDF,PCOSDM,PCOSDP,PCOIAN,PCOIDE,PCODFI,PCOITC,PCOISE,PSPY) VALUES (237606,'OSIREFRUB ',1,1,0,0,'PC_REST_AI_FED_DOMICILE',2,2,2,2,2,2,10200037,0,'202104151000000globaz');
INSERT INTO SCHEMA.fwcosp (PCOSID,PPTYGR,PCONCS,PPTYCN,PPTYCL,PPTYSA,PCOSLI,PCOSDF,PCOSDM,PCOSDP,PCOIAN,PCOIDE,PCODFI,PCOITC,PCOISE,PSPY) VALUES (237607,'OSIREFRUB ',1,1,0,0,'PC_REST_AI_FED_HOME_EMS',2,2,2,2,2,2,10200037,0,'202104151000000globaz');
INSERT INTO SCHEMA.fwcosp (PCOSID,PPTYGR,PCONCS,PPTYCN,PPTYCL,PPTYSA,PCOSLI,PCOSDF,PCOSDM,PCOSDP,PCOIAN,PCOIDE,PCODFI,PCOITC,PCOISE,PSPY) VALUES (237608,'OSIREFRUB ',1,1,0,0,'PC_REST_AI_FED_HOME_ESE',2,2,2,2,2,2,10200037,0,'202104151000000globaz');
INSERT INTO SCHEMA.fwcosp (PCOSID,PPTYGR,PCONCS,PPTYCN,PPTYCL,PPTYSA,PCOSLI,PCOSDF,PCOSDM,PCOSDP,PCOIAN,PCOIDE,PCODFI,PCOITC,PCOISE,PSPY) VALUES (237609,'OSIREFRUB ',1,1,0,0,'PC_REST_AI_FED_HOME_EPSM',2,2,2,2,2,2,10200037,0,'202104151000000globaz');

INSERT INTO SCHEMA.fwcosp (PCOSID,PPTYGR,PCONCS,PPTYCN,PPTYCL,PPTYSA,PCOSLI,PCOSDF,PCOSDM,PCOSDP,PCOIAN,PCOIDE,PCODFI,PCOITC,PCOISE,PSPY) VALUES (237610,'OSIREFRUB ',1,1,0,0,'PC_REST_AVS_SUB_DOMICILE',2,2,2,2,2,2,10200037,0,'202104151000000globaz');
INSERT INTO SCHEMA.fwcosp (PCOSID,PPTYGR,PCONCS,PPTYCN,PPTYCL,PPTYSA,PCOSLI,PCOSDF,PCOSDM,PCOSDP,PCOIAN,PCOIDE,PCODFI,PCOITC,PCOISE,PSPY) VALUES (237611,'OSIREFRUB ',1,1,0,0,'PC_REST_AVS_SUB_HOME_EMS',2,2,2,2,2,2,10200037,0,'202104151000000globaz');

INSERT INTO SCHEMA.fwcosp (PCOSID,PPTYGR,PCONCS,PPTYCN,PPTYCL,PPTYSA,PCOSLI,PCOSDF,PCOSDM,PCOSDP,PCOIAN,PCOIDE,PCODFI,PCOITC,PCOISE,PSPY) VALUES (237612,'OSIREFRUB ',1,1,0,0,'PC_REST_AI_SUB_DOMICILE',2,2,2,2,2,2,10200037,0,'202104151000000globaz');
INSERT INTO SCHEMA.fwcosp (PCOSID,PPTYGR,PCONCS,PPTYCN,PPTYCL,PPTYSA,PCOSLI,PCOSDF,PCOSDM,PCOSDP,PCOIAN,PCOIDE,PCODFI,PCOITC,PCOISE,PSPY) VALUES (237613,'OSIREFRUB ',1,1,0,0,'PC_REST_AI_SUB_HOME_EMS',2,2,2,2,2,2,10200037,0,'202104151000000globaz');

INSERT INTO SCHEMA.fwcosp (PCOSID,PPTYGR,PCONCS,PPTYCN,PPTYCL,PPTYSA,PCOSLI,PCOSDF,PCOSDM,PCOSDP,PCOIAN,PCOIDE,PCODFI,PCOITC,PCOISE,PSPY) VALUES (237614,'OSIREFRUB ',1,1,0,0,'PC_REST_AVS_CANT_DOMICILE',2,2,2,2,2,2,10200037,0,'202104151000000globaz');
INSERT INTO SCHEMA.fwcosp (PCOSID,PPTYGR,PCONCS,PPTYCN,PPTYCL,PPTYSA,PCOSLI,PCOSDF,PCOSDM,PCOSDP,PCOIAN,PCOIDE,PCODFI,PCOITC,PCOISE,PSPY) VALUES (237615,'OSIREFRUB ',1,1,0,0,'PC_REST_AVS_CANT_HOME_EMS',2,2,2,2,2,2,10200037,0,'202104151000000globaz');

INSERT INTO SCHEMA.fwcosp (PCOSID,PPTYGR,PCONCS,PPTYCN,PPTYCL,PPTYSA,PCOSLI,PCOSDF,PCOSDM,PCOSDP,PCOIAN,PCOIDE,PCODFI,PCOITC,PCOISE,PSPY) VALUES (237616,'OSIREFRUB ',1,1,0,0,'PC_REST_AI_CANT_DOMICILE',2,2,2,2,2,2,10200037,0,'202104151000000globaz');
INSERT INTO SCHEMA.fwcosp (PCOSID,PPTYGR,PCONCS,PPTYCN,PPTYCL,PPTYSA,PCOSLI,PCOSDF,PCOSDM,PCOSDP,PCOIAN,PCOIDE,PCODFI,PCOITC,PCOISE,PSPY) VALUES (237617,'OSIREFRUB ',1,1,0,0,'PC_REST_AI_CANT_HOME_EMS',2,2,2,2,2,2,10200037,0,'202104151000000globaz');

INSERT INTO SCHEMA.fwcosp (PCOSID,PPTYGR,PCONCS,PPTYCN,PPTYCL,PPTYSA,PCOSLI,PCOSDF,PCOSDM,PCOSDP,PCOIAN,PCOIDE,PCODFI,PCOITC,PCOISE,PSPY) VALUES (237618,'OSIREFRUB ',1,1,0,0,'PC_REST_AVS_RFM_DOMICILE',2,2,2,2,2,2,10200037,0,'202104151000000globaz');
INSERT INTO SCHEMA.fwcosp (PCOSID,PPTYGR,PCONCS,PPTYCN,PPTYCL,PPTYSA,PCOSLI,PCOSDF,PCOSDM,PCOSDP,PCOIAN,PCOIDE,PCODFI,PCOITC,PCOISE,PSPY) VALUES (237619,'OSIREFRUB ',1,1,0,0,'PC_REST_AVS_RFM_HOME_EMS',2,2,2,2,2,2,10200037,0,'202104151000000globaz');

INSERT INTO SCHEMA.fwcosp (PCOSID,PPTYGR,PCONCS,PPTYCN,PPTYCL,PPTYSA,PCOSLI,PCOSDF,PCOSDM,PCOSDP,PCOIAN,PCOIDE,PCODFI,PCOITC,PCOISE,PSPY) VALUES (237620,'OSIREFRUB ',1,1,0,0,'PC_REST_AVS_RFM_DOMICILE',2,2,2,2,2,2,10200037,0,'202104151000000globaz');
INSERT INTO SCHEMA.fwcosp (PCOSID,PPTYGR,PCONCS,PPTYCN,PPTYCL,PPTYSA,PCOSLI,PCOSDF,PCOSDM,PCOSDP,PCOIAN,PCOIDE,PCODFI,PCOITC,PCOISE,PSPY) VALUES (237621,'OSIREFRUB ',1,1,0,0,'PC_REST_AVS_RFM_HOME_EMS',2,2,2,2,2,2,10200037,0,'202104151000000globaz');



INSERT INTO SCHEMA.fwcoup (PCOSID,PLAIDE,PCOUID,PCOLUT,PSPY) VALUES (237602,'D','          ','Rückerstattung AHV-EL Wohnsitz, rechtmässig erhalten','202104151000000globaz');
INSERT INTO SCHEMA.fwcoup (PCOSID,PLAIDE,PCOUID,PCOLUT,PSPY) VALUES (237602,'F','          ','PC AVS Domicile légalement perçues à restituer','202104151000000globaz');
INSERT INTO SCHEMA.fwcoup (PCOSID,PLAIDE,PCOUID,PCOLUT,PSPY) VALUES (237603,'D','          ','Rückerstattung AHV-EL Alters- und Pflegeheim, rechtmässig erhalten','202104151000000globaz');
INSERT INTO SCHEMA.fwcoup (PCOSID,PLAIDE,PCOUID,PCOLUT,PSPY) VALUES (237603,'F','          ','PC AVS Home EMS légalement perçues à restituer','202104151000000globaz');
INSERT INTO SCHEMA.fwcoup (PCOSID,PLAIDE,PCOUID,PCOLUT,PSPY) VALUES (237604,'D','          ','Rückerstattung AHV-EL Sozialpädagogische Institution, rechtmässig erhalten','202104151000000globaz');
INSERT INTO SCHEMA.fwcoup (PCOSID,PLAIDE,PCOUID,PCOLUT,PSPY) VALUES (237604,'F','          ','PC AVS Home ESE légalement perçues à restituer','202104151000000globaz');
INSERT INTO SCHEMA.fwcoup (PCOSID,PLAIDE,PCOUID,PCOLUT,PSPY) VALUES (237605,'D','          ','Rückerstattung AHV-EL Institut für Psychosoziale Medizin, rechtmässig erhalten','202104151000000globaz');
INSERT INTO SCHEMA.fwcoup (PCOSID,PLAIDE,PCOUID,PCOLUT,PSPY) VALUES (237605,'F','          ','PC AVS Home EPSM légalement perçues à restituer','202104151000000globaz');

INSERT INTO SCHEMA.fwcoup (PCOSID,PLAIDE,PCOUID,PCOLUT,PSPY) VALUES (237606,'D','          ','Rückerstattung IV-EL Wohnsitz, rechtmässig erhalten','202104151000000globaz');
INSERT INTO SCHEMA.fwcoup (PCOSID,PLAIDE,PCOUID,PCOLUT,PSPY) VALUES (237606,'F','          ','PC AI Domicile légalement perçues à restituer ','202104151000000globaz');
INSERT INTO SCHEMA.fwcoup (PCOSID,PLAIDE,PCOUID,PCOLUT,PSPY) VALUES (237607,'D','          ','Rückerstattung IV-EL Alters- und Pflegeheim, rechtmässig erhalten','202104151000000globaz');
INSERT INTO SCHEMA.fwcoup (PCOSID,PLAIDE,PCOUID,PCOLUT,PSPY) VALUES (237607,'F','          ','PC AI Home EMS légalement perçues à restituer ','202104151000000globaz');
INSERT INTO SCHEMA.fwcoup (PCOSID,PLAIDE,PCOUID,PCOLUT,PSPY) VALUES (237608,'D','          ','Rückerstattung IV-EL Sozialpädagogische Institution, rechtmässig erhalten','202104151000000globaz');
INSERT INTO SCHEMA.fwcoup (PCOSID,PLAIDE,PCOUID,PCOLUT,PSPY) VALUES (237608,'F','          ','PC AI Home ESE légalement perçues à restituer ','202104151000000globaz');
INSERT INTO SCHEMA.fwcoup (PCOSID,PLAIDE,PCOUID,PCOLUT,PSPY) VALUES (237609,'D','          ','Rückerstattung IV-EL Institut für Psychosoziale Medizin, rechtmässig erhalten','202104151000000globaz');
INSERT INTO SCHEMA.fwcoup (PCOSID,PLAIDE,PCOUID,PCOLUT,PSPY) VALUES (237609,'F','          ','PC AI Home EPSM légalement perçues à restituer ','202104151000000globaz');

INSERT INTO SCHEMA.fwcoup (PCOSID,PLAIDE,PCOUID,PCOLUT,PSPY) VALUES (237610,'D','          ','Rückerstattung Subventionen AHV-EL Wohnsitz, rechtmässig erhalten','202104151000000globaz');
INSERT INTO SCHEMA.fwcoup (PCOSID,PLAIDE,PCOUID,PCOLUT,PSPY) VALUES (237610,'F','          ','PC AVS Domicile subsides légalement perçues à restituer','202104151000000globaz');
INSERT INTO SCHEMA.fwcoup (PCOSID,PLAIDE,PCOUID,PCOLUT,PSPY) VALUES (237611,'D','          ','Rückerstattung Subventionen AHV-EL Alters- und Pflegeheim, rechtmässig erhalten','202104151000000globaz');
INSERT INTO SCHEMA.fwcoup (PCOSID,PLAIDE,PCOUID,PCOLUT,PSPY) VALUES (237611,'F','          ','PC AVS Home EMS subsides légalement perçues à restituer','202104151000000globaz');

INSERT INTO SCHEMA.fwcoup (PCOSID,PLAIDE,PCOUID,PCOLUT,PSPY) VALUES (237612,'D','          ','Rückerstattung Subventionen IV-EL Wohnsitz, rechtmässig erhalten','202104151000000globaz');
INSERT INTO SCHEMA.fwcoup (PCOSID,PLAIDE,PCOUID,PCOLUT,PSPY) VALUES (237612,'F','          ','PC AI Domicile subsides légalement perçues à restituer','202104151000000globaz');
INSERT INTO SCHEMA.fwcoup (PCOSID,PLAIDE,PCOUID,PCOLUT,PSPY) VALUES (237613,'D','          ','Rückerstattung Subventionen IV-EL Alters- und Pflegeheim, rechtmässig erhalten','202104151000000globaz');
INSERT INTO SCHEMA.fwcoup (PCOSID,PLAIDE,PCOUID,PCOLUT,PSPY) VALUES (237613,'F','          ','PC AI Home EMS subsides légalement perçues à restituer','202104151000000globaz');

INSERT INTO SCHEMA.fwcoup (PCOSID,PLAIDE,PCOUID,PCOLUT,PSPY) VALUES (237614,'D','          ','Rückerstattung kantonale AHV-EL Wohnsitz, rechtmässig erhalten','202104151000000globaz');
INSERT INTO SCHEMA.fwcoup (PCOSID,PLAIDE,PCOUID,PCOLUT,PSPY) VALUES (237614,'F','          ','PC AVS Domicile cantonale légalement perçues à restituer','202104151000000globaz');
INSERT INTO SCHEMA.fwcoup (PCOSID,PLAIDE,PCOUID,PCOLUT,PSPY) VALUES (237615,'D','          ','Rückerstattung Subventionen IV-EL Alters- und Pflegeheim, rechtmässig erhalten','202104151000000globaz');
INSERT INTO SCHEMA.fwcoup (PCOSID,PLAIDE,PCOUID,PCOLUT,PSPY) VALUES (237615,'F','          ','PC AVS Home EMS cantonale légalement perçues à restituer','202104151000000globaz');

INSERT INTO SCHEMA.fwcoup (PCOSID,PLAIDE,PCOUID,PCOLUT,PSPY) VALUES (237616,'D','          ','Rückerstattung kantonale AHV-EL Wohnsitz, rechtmässig erhalten','202104151000000globaz');
INSERT INTO SCHEMA.fwcoup (PCOSID,PLAIDE,PCOUID,PCOLUT,PSPY) VALUES (237616,'F','          ','PC AI Domicile cantonale légalement perçues à restituer','202104151000000globaz');
INSERT INTO SCHEMA.fwcoup (PCOSID,PLAIDE,PCOUID,PCOLUT,PSPY) VALUES (237617,'D','          ','Rückerstattung kantonale AHV-EL Alters- und Pflegeheim, rechtmässig erhalten','202104151000000globaz');
INSERT INTO SCHEMA.fwcoup (PCOSID,PLAIDE,PCOUID,PCOLUT,PSPY) VALUES (237617,'F','          ','PC AI Home EMS cantonale légalement perçues à restituer','202104151000000globaz');

INSERT INTO SCHEMA.fwcoup (PCOSID,PLAIDE,PCOUID,PCOLUT,PSPY) VALUES (237618,'D','          ','Rückerstattung kantonale IV-EL Wohnsitz, rechtmässig erhalten','202104151000000globaz');
INSERT INTO SCHEMA.fwcoup (PCOSID,PLAIDE,PCOUID,PCOLUT,PSPY) VALUES (237618,'F','          ','PC AVS Domicile RFM légalement perçues à restituer','202104151000000globaz');
INSERT INTO SCHEMA.fwcoup (PCOSID,PLAIDE,PCOUID,PCOLUT,PSPY) VALUES (237619,'D','          ','Rückerstattung kantonale IV-EL Alters- und Pflegeheim, rechtmässig erhalten','202104151000000globaz');
INSERT INTO SCHEMA.fwcoup (PCOSID,PLAIDE,PCOUID,PCOLUT,PSPY) VALUES (237619,'F','          ','PC AVS Home EMS RFM légalement perçues à restituer','202104151000000globaz');

INSERT INTO SCHEMA.fwcoup (PCOSID,PLAIDE,PCOUID,PCOLUT,PSPY) VALUES (237620,'D','          ','Rückerstattung der Vergütung Krankheitskosten AHV-EL Wohnsitz, rechtmässig erhalten','202104151000000globaz');
INSERT INTO SCHEMA.fwcoup (PCOSID,PLAIDE,PCOUID,PCOLUT,PSPY) VALUES (237620,'F','          ','PC AI Domicile RFM légalement perçues à restituer','202104151000000globaz');
INSERT INTO SCHEMA.fwcoup (PCOSID,PLAIDE,PCOUID,PCOLUT,PSPY) VALUES (237621,'D','          ','Rückerstattung der Vergütung Krankheitskosten AHV-EL Alters- und Pflegeheim,rechtmässig erhalten','202104151000000globaz');
INSERT INTO SCHEMA.fwcoup (PCOSID,PLAIDE,PCOUID,PCOLUT,PSPY) VALUES (237621,'F','          ','PC AI Home EMS RFM légalement perçues à restituer','202104151000000globaz');
