CREATE TABLE SCHEMA.PCFRAISGARDE
(
 FGIARE DECIMAL(15) PRIMARY KEY NOT NULL,
 FGIDFH DECIMAL(15),
 FGLLIB VARCHAR(255),
 FGNMON DECIMAL(15,2),
 CSPY VARCHAR(24),
 PSPY VARCHAR(24)
);
insert into SCHEMA.JADEINCR (TBNAME, INCVAL, PSPY) values ('PCFRAISGARDE', 1, '20200720172102GLOBAZ     ');

-- WEBAVS-8102 Assurance maladie
CREATE TABLE SCHEMA.PCPRIMEASSURANCEMALADIE
(
    AMID                   INT PRIMARY KEY NOT NULL,
    AMIDDONNEESFINANCIERES DECIMAL(15),
    AMMONTANT              DECIMAL(15,2),
    CSPY                   VARCHAR(24),
    PSPY                  VARCHAR(24)
);
-- Ajout de la table PCPrimeAssuranceMaladie à la table des incréments
insert into SCHEMA.JADEINCR (TBNAME, INCVAL, PSPY) values ('PCPRIMEASSURANCEMALADIE', 1, '20200720172102GLOBAZ     ');

CREATE TABLE SCHEMA.PCSUBSIDEASSURANCEMALADIE
(
    SUBID                   INT PRIMARY KEY NOT NULL,
    SUBIDDONNEESFINANCIERES DECIMAL(15),
    SUBMONTANT              DECIMAL(15,2),
    CSPY                   VARCHAR(24),
    PSPY                  VARCHAR(24)
);
-- Ajout de la table PCSubsideAssuranceMaladie à la table des incréments
insert into SCHEMA.JADEINCR (TBNAME, INCVAL, PSPY) values ('PCSUBSIDEASSURANCEMALADIE', 1, '20200720172102GLOBAZ     ');

CREATE TABLE SCHEMA.PC_SEJOUR_MOIS_PARTIEL_HOME
(
    ID                      DECIMAL(15) PRIMARY KEY NOT NULL,
    ID_DONNEE_FINANCIERE    DECIMAL(15),
    PRIX_JOURNALIER         DECIMAL(15,2),
    FRAIS_NOURRITURE        DECIMAL(15,2),
    NOMBRE_JOURS            DECIMAL(6),
    ID_HOME                 DECIMAL(15),
    ID_TYPE_CHAMBRE         DECIMAL(15),
    TEXTE_LIBRE             VARCHAR(255),
    IS_VERSEMENT_DIRECT     DECIMAL(1),
    ID_ADRESSE_PAIEMENT     DECIMAL(15),
    CSPY                   VARCHAR(24),
    PSPY                   VARCHAR(24)
);
insert into SCHEMA.JADEINCR (TBNAME, INCVAL, PSPY) values ('PC_SEJOUR_MOIS_PARTIEL_HOME', 1, '20200720172102GLOBAZ     ');

-- Création de la table de restitution des PC.
CREATE TABLE SCHEMA.PC_RESTIT
(
    RESPC_ID_RESTIT         INT PRIMARY KEY NOT NULL,
    RESPC_ID_DOS            DECIMAL(15),
    RESPC_MONTANT_AVS_FED   DECIMAL(15,2),
    RESPC_MONTANT_AI_FED    DECIMAL(15,2),
    RESPC_MONTANT_AVS_SUB   DECIMAL(15,2),
    RESPC_MONTANT_AI_SUB    DECIMAL(15,2),
    RESPC_MONTANT_AVS_CAN   DECIMAL(15,2),
    RESPC_MONTANT_AI_CAN    DECIMAL(15,2),
    RESPC_MONTANT_RFM_AVS   DECIMAL(15,2),
    RESPC_MONTANT_RFM_AI    DECIMAL(15,2),
    CSPY                    VARCHAR(24),
    PSPY                    VARCHAR(24)
);
insert into SCHEMA.JADEINCR (TBNAME, INCVAL, PSPY) values ('PC_RESTIT', 1, '20200720172102GLOBAZ     ');

CREATE TABLE SCHEMA.PCCREANCEHISTORIQUE
(
    ID                      INT PRIMARY KEY NOT NULL,
    CREANCEACCORDE_DEIDCA        DECIMAL(15),
    CREANCEACCORDE_DEIDOV        DECIMAL(15),
    CREANCEACCORDE_PSPY          VARCHAR(24),
    CREANCEACCORDE_CSPY          VARCHAR(24),
    CREANCEACCORDE_DEIDPA        DECIMAL(15),
    CREANCEACCORDE_DEIDCR        DECIMAL(15),
    CREANCEACCORDE_DEMMNT        DECIMAL(15,2),
    CREANCIER_DDCSTC   DECIMAL(15),
    CREANCIER_DDCSET   DECIMAL(15),
    CREANCIER_PSPY     VARCHAR(24),
    CREANCIER_CSPY     VARCHAR(24),
    CREANCIER_DDLREP   VARCHAR(40),
    CREANCIER_DDIDTR   DECIMAL(15),
    CREANCIER_DDIDDE   DECIMAL(15),
    CREANCIER_DDBBLO   DECIMAL(1),
    CREANCIER_DDIDTA   DECIMAL(15),
    CREANCIER_DDIDDA   DECIMAL(15),
    CREANCIER_DDIDTI   DECIMAL(15),
    CREANCIER_DDIDAA   DECIMAL(15),
    CREANCIER_DDMMON   DECIMAL(15,2),
    CREANCIER_DDISCALCULE DECIMAL(1) default 0,
    CREANCIER_DDISHOME DECIMAL(1) default 0,
    CSPY                    VARCHAR(24),
    PSPY                    VARCHAR(24)
);
insert into SCHEMA.JADEINCR (TBNAME, INCVAL, PSPY) values ('PCCREANCEHISTORIQUE', 1, '20200720172102GLOBAZ     ');

ALTER TABLE SCHEMA.PCPLCAL ADD CVBRPC DECIMAL(1,0);
ALTER TABLE SCHEMA.PCPLCAL ADD CVBPLNR DECIMAL(1) default 0;
--CALL SYSPROC.ADMIN_CMD ('REORG TABLE SCHEMA.PCPLCAL');
REORG TABLE SCHEMA.PCPLCAL;

ALTER TABLE SCHEMA.PCZONFOR ADD DATYPE NUMERIC(8,0) default 1;
--CALL SYSPROC.ADMIN_CMD ('REORG TABLE SCHEMA.PCZONFOR');
REORG TABLE SCHEMA.PCZONFOR;

ALTER TABLE SCHEMA.PCLIZOLO ADD DBPRCT DECIMAL(15,5);
--CALL SYSPROC.ADMIN_CMD ('REORG TABLE SCHEMA.PCLIZOLO');
REORG TABLE SCHEMA.PCLIZOLO;

ALTER TABLE SCHEMA.PCLOYER ADD CRLOCA NUMERIC(8,0);
ALTER TABLE SCHEMA.PCLOYER ADD CRTXLB VARCHAR(255);
--CALL SYSPROC.ADMIN_CMD ('REORG TABLE SCHEMA.PCLOYER');
REORG TABLE SCHEMA.PCLOYER;

-- Ajout d'une colonne montant prime réduction max cantonale à la table des forfaits
ALTER TABLE SCHEMA.PCFOPRAM ADD DCMONREDMAX NUMERIC(15,2);
--CALL SYSPROC.ADMIN_CMD ('REORG TABLE SCHEMA.PCFOPRAM');
REORG TABLE SCHEMA.PCFOPRAM;

--Frais de garde : Revenus ajout de champs
ALTER TABLE SCHEMA.PCRALDE ADD BYNFDG NUMERIC(15,2)  default 0;
--CALL SYSPROC.ADMIN_CMD ('REORG TABLE SCHEMA.PCRALDE');
REORG TABLE SCHEMA.PCRALDE;

ALTER TABLE SCHEMA.PCRALIN ADD BXIFDG NUMERIC(15,2)  default 0;
--CALL SYSPROC.ADMIN_CMD ('REORG TABLE SCHEMA.PCRALIN');
REORG TABLE SCHEMA.PCRALIN;

-- Modification de la table donnee financiere header pour ajouter le Type de dessaisissement
ALTER TABLE SCHEMA.PCDOFINH
    ADD COLUMN BGBDTY DECIMAL(2) default 0;
REORG TABLE PCDOFINH;
-- Call Sysproc.admin_cmd ('reorg Table PCDOFINH');

-- Modification de la table decision header pour ajouter l'info provisoire ou non
ALTER TABLE SCHEMA.PCDECHEA
    ADD COLUMN DHPROV DECIMAL(1);
    --CALL SYSPROC.ADMIN_CMD ('REORG TABLE SCHEMA.PCDECHEA');
REORG TABLE PCDECHEA;

-- Modification de la table pca pour ajouter l'info provisoire ou non
ALTER TABLE SCHEMA.PCPCACC
    ADD COLUMN CUPROV DECIMAL(1);
    --CALL SYSPROC.ADMIN_CMD ('REORG TABLE SCHEMA.PCPCACC');
REORG TABLE PCPCACC;

-- Modification de la table decision header pour ajouter l'info provisoire ou non
ALTER TABLE SCHEMA.PCDEMPC
    ADD COLUMN BBCATR DECIMAL(1);
    --CALL SYSPROC.ADMIN_CMD ('REORG TABLE SCHEMA.PCDEMPC');
REORG TABLE PCDEMPC;

-- Modif pour le versement en home
ALTER TABLE SCHEMA.PCTAJOHO
    ADD COLUMN CSIADP DECIMAL(15);
    --CALL SYSPROC.ADMIN_CMD ('REORG TABLE SCHEMA.PCTAJOHO');
REORG TABLE SCHEMA.PCTAJOHO;
ALTER TABLE SCHEMA.PCTAJOHO
    ADD COLUMN CSVEDT DECIMAL(1)default 0;
    --CALL SYSPROC.ADMIN_CMD ('REORG TABLE SCHEMA.PCTAJOHO');
REORG TABLE SCHEMA.PCTAJOHO;
ALTER TABLE SCHEMA.PCCREANC
    ADD COLUMN DDISCALCULE DECIMAL(1)default 0;
    --CALL SYSPROC.ADMIN_CMD ('REORG TABLE SCHEMA.PCCREANC');
REORG TABLE SCHEMA.PCCREANC;
ALTER TABLE SCHEMA.PCCREANC
    ADD COLUMN DDISHOME DECIMAL(1)default 0;
    --CALL SYSPROC.ADMIN_CMD ('REORG TABLE SCHEMA.PCCREANC');
REORG TABLE SCHEMA.PCCREANC;

-- Modification de la table simple personne dans le plan de calcul pour ajouter l'info "est sans rente"
ALTER TABLE SCHEMA.PCPERPCA
    ADD COLUMN CXRENTE  DECIMAL(1);
    --CALL SYSPROC.ADMIN_CMD ('REORG TABLE SCHEMA.PCPERPCA');
REORG TABLE PCPERPCA;

-- Modification table Simple plan de calcul pour décisions
ALTER TABLE SCHEMA.PCPLCAL
    ADD CVMMHO  DECIMAL(15,2);

ALTER TABLE SCHEMA.PCPLCAL
    ADD CVMPVA  DECIMAL(15,2);
REORG TABLE SCHEMA.PCPLCAL;

--CALL SYSPROC.ADMIN_CMD ('REORG TABLE PCPLCAL');

ALTER TABLE SCHEMA.PCVERDRO
    ADD COLUMN BDDEINI DECIMAL(1) DEFAULT 0;
REORG Table PCVERDRO;
-- Call Sysproc.admin_cmd('reorg Table PCVERDRO');

-- Ajout des propriétés jade
INSERT INTO SCHEMA.JADEPROP (PROPNAME,PROPVAL,CSPY,PSPY) VALUES ('pegasus.activer.reforme.pc','false','20200101120000Globaz    ','20200101120000Globaz    ');
INSERT INTO SCHEMA.JADEPROP (PROPNAME,PROPVAL,CSPY,PSPY) VALUES ('pegasus.date.reforme.pc','01.01.2021','20200101120000Globaz    ','20200101120000Globaz    ');

-- Ajout de codes systèmes plan de calcul
INSERT INTO SCHEMA.FWCOSP (PCOSID,PPTYGR,PCONCS,PPTYCN,PPTYCL,PPTYSA,PCOSLI,PCOSDF,PCOSDM,PCOSDP,PCOIAN,PCOIDE,PCODFI,PCOITC,PCOISE,PSPY) VALUES (64039158,'PCKYVPC',1,1,0,0,'KEY_FORTUNE_NETTE_PART',2,1,2,2,2,2,63000039,0,'20200101120000Globaz  ');
INSERT INTO SCHEMA.FWCOUP (PCOSID,PLAIDE,PCOUID,PCOLUT,PSPY) VALUES (64039158,'D','1','Total Nettovermögen (Ihr Anteil {fraction})','20200101120000Globaz  ');
INSERT INTO SCHEMA.FWCOUP (PCOSID,PLAIDE,PCOUID,PCOLUT,PSPY) VALUES (64039158,'F','1','Total de la fortune nette (votre part {fraction})','20200101120000Globaz  ');
INSERT INTO SCHEMA.FWCOSP (PCOSID,PPTYGR,PCONCS,PPTYCN,PPTYCL,PPTYSA,PCOSLI,PCOSDF,PCOSDM,PCOSDP,PCOIAN,PCOIDE,PCODFI,PCOITC,PCOISE,PSPY) VALUES (64039159,'PCKYVPC',1,1,0,0,'CLE_REVEN_ACT_LUCR_ACTIVITE_DEPENDANTE_CONJOINT',2,1,2,2,2,2,63000039,0,'20200101120000Globaz  ');
INSERT INTO SCHEMA.FWCOUP (PCOSID,PLAIDE,PCOUID,PCOLUT,PSPY) VALUES (64039159,'D','1','Einkommen aus unselbständiger Erwerbstätigkeit des Ehepartners','20200101120000Globaz  ');
INSERT INTO SCHEMA.FWCOUP (PCOSID,PLAIDE,PCOUID,PCOLUT,PSPY) VALUES (64039159,'F','1','Revenu activité lucrative dépendante du conjoint','20200101120000Globaz  ');
INSERT INTO SCHEMA.FWCOSP (PCOSID,PPTYGR,PCONCS,PPTYCN,PPTYCL,PPTYSA,PCOSLI,PCOSDF,PCOSDM,PCOSDP,PCOIAN,PCOIDE,PCODFI,PCOITC,PCOISE,PSPY) VALUES (64039160,'PCKYVPC',1,1,0,0,'CLE_REVEN_ACT_LUCR_ACTIVITE_INDEPENDANTE_CONJOINT',2,1,2,2,2,2,63000039,0,'20200101120000Globaz  ');
INSERT INTO SCHEMA.FWCOUP (PCOSID,PLAIDE,PCOUID,PCOLUT,PSPY) VALUES (64039160,'D','1','Einkommen aus selbständiger Erwerbstätigkeit des Ehepartners','20200101120000Globaz  ');
INSERT INTO SCHEMA.FWCOUP (PCOSID,PLAIDE,PCOUID,PCOLUT,PSPY) VALUES (64039160,'F','1','Revenu activité lucrative indépendante du conjoint','20200101120000Globaz  ');
INSERT INTO SCHEMA.FWCOSP (PCOSID,PPTYGR,PCONCS,PPTYCN,PPTYCL,PPTYSA,PCOSLI,PCOSDF,PCOSDM,PCOSDP,PCOIAN,PCOIDE,PCODFI,PCOITC,PCOISE,PSPY) VALUES (64039161,'PCKYVPC',1,1,0,0,'CLE_REVEN_ACT_LUCR_ACTIVITE_INDEPENDANTE_AGRICOLE_CONJOINT',2,1,2,2,2,2,63000039,0,'20200101120000Globaz  ');
INSERT INTO SCHEMA.FWCOUP (PCOSID,PLAIDE,PCOUID,PCOLUT,PSPY) VALUES (64039161,'D','1','Einkommen aus selbständiger landwirtschaftlicher Erwerbstätigkeit des Ehepartners','20200101120000Globaz  ');
INSERT INTO SCHEMA.FWCOUP (PCOSID,PLAIDE,PCOUID,PCOLUT,PSPY) VALUES (64039161,'F','1','Revenu activité lucrative indépendante agricole du conjoint','20200101120000Globaz  ');
INSERT INTO SCHEMA.FWCOSP (PCOSID,PPTYGR,PCONCS,PPTYCN,PPTYCL,PPTYSA,PCOSLI,PCOSDF,PCOSDM,PCOSDP,PCOIAN,PCOIDE,PCODFI,PCOITC,PCOISE,PSPY) VALUES (64039162,'PCKYVPC',1,1,0,0,'CLE_REVEN_ACT_LUCR_REVENU_HYPOTHETIQUE_CONJOINT',2,1,2,2,2,2,63000039,0,'20200101120000Globaz  ');
INSERT INTO SCHEMA.FWCOUP (PCOSID,PLAIDE,PCOUID,PCOLUT,PSPY) VALUES (64039162,'D','1','Hypothetisches Erwerbseinkommen des Ehepartners','20200101120000Globaz  ');
INSERT INTO SCHEMA.FWCOUP (PCOSID,PLAIDE,PCOUID,PCOLUT,PSPY) VALUES (64039162,'F','1','Revenu hypothétique du conjoint','20200101120000Globaz  ');
INSERT INTO SCHEMA.FWCOSP (PCOSID,PPTYGR,PCONCS,PPTYCN,PPTYCL,PPTYSA,PCOSLI,PCOSDF,PCOSDM,PCOSDP,PCOIAN,PCOIDE,PCODFI,PCOITC,PCOISE,PSPY) VALUES (64039163,'PCKYVPC',1,1,0,0,'CLE_REVEN_ACT_LUCR_DEDUCTION_LPP_CONJOINT',2,1,2,2,2,2,63000039,0,'20200101120000Globaz  ');
INSERT INTO SCHEMA.FWCOUP (PCOSID,PLAIDE,PCOUID,PCOLUT,PSPY) VALUES (64039163,'D','1','BVG-Abzüge des Ehepartners','20200101120000Globaz  ');
INSERT INTO SCHEMA.FWCOUP (PCOSID,PLAIDE,PCOUID,PCOLUT,PSPY) VALUES (64039163,'F','1','Déductions LPP du conjoint','20200101120000Globaz  ');
INSERT INTO SCHEMA.FWCOSP (PCOSID,PPTYGR,PCONCS,PPTYCN,PPTYCL,PPTYSA,PCOSLI,PCOSDF,PCOSDM,PCOSDP,PCOIAN,PCOIDE,PCODFI,PCOITC,PCOISE,PSPY) VALUES (64039164,'PCKYVPC',1,1,0,0,'CLE_REVEN_ACT_LUCR_DEDUCTION_SOCIALES_CONJOINT',2,1,2,2,2,2,63000039,0,'20200101120000Globaz  ');
INSERT INTO SCHEMA.FWCOUP (PCOSID,PLAIDE,PCOUID,PCOLUT,PSPY) VALUES (64039164,'D','1','Sozialabgaben des Ehepartners','20200101120000Globaz  ');
INSERT INTO SCHEMA.FWCOUP (PCOSID,PLAIDE,PCOUID,PCOLUT,PSPY) VALUES (64039164,'F','1','Déductions sociales du conjoint','20200101120000Globaz  ');
INSERT INTO SCHEMA.FWCOSP (PCOSID,PPTYGR,PCONCS,PPTYCN,PPTYCL,PPTYSA,PCOSLI,PCOSDF,PCOSDM,PCOSDP,PCOIAN,PCOIDE,PCODFI,PCOITC,PCOISE,PSPY) VALUES (64039165,'PCKYVPC',1,1,0,0,'CLE_REVEN_ACT_LUCR_FRAIS_OBTENTION_REVENU_CONJOINT',2,1,2,2,2,2,63000039,0,'20200101120000Globaz  ');
INSERT INTO SCHEMA.FWCOUP (PCOSID,PLAIDE,PCOUID,PCOLUT,PSPY) VALUES (64039165,'D','1','Gewinnungskosten des Ehepartners','20200101120000Globaz  ');
INSERT INTO SCHEMA.FWCOUP (PCOSID,PLAIDE,PCOUID,PCOLUT,PSPY) VALUES (64039165,'F','1','Frais obtention revenu du conjoint','20200101120000Globaz  ');
INSERT INTO SCHEMA.FWCOSP (PCOSID,PPTYGR,PCONCS,PPTYCN,PPTYCL,PPTYSA,PCOSLI,PCOSDF,PCOSDM,PCOSDP,PCOIAN,PCOIDE,PCODFI,PCOITC,PCOISE,PSPY) VALUES (64039166,'PCKYVPC',1,1,0,0,'CLE_REVEN_ACT_LUCR_REVENU_PRIVILEGIE_CONJOINT',2,1,2,2,2,2,63000039,0,'20200101120000Globaz  ');
INSERT INTO SCHEMA.FWCOUP (PCOSID,PLAIDE,PCOUID,PCOLUT,PSPY) VALUES (64039166,'D','1','Einkommen des Ehepartner, angerechnet zu {taux}','20200101120000Globaz  ');
INSERT INTO SCHEMA.FWCOUP (PCOSID,PLAIDE,PCOUID,PCOLUT,PSPY) VALUES (64039166,'F','1','Revenu du conjoint pris à {taux}','20200101120000Globaz  ');
INSERT INTO SCHEMA.FWCOSP (PCOSID,PPTYGR,PCONCS,PPTYCN,PPTYCL,PPTYSA,PCOSLI,PCOSDF,PCOSDM,PCOSDP,PCOIAN,PCOIDE,PCODFI,PCOITC,PCOISE,PSPY) VALUES (64039167,'PCKYVPC',1,1,0,0,'CLE_REVEN_ACT_LUCR_REVENU_PRIS_EN_COMPTE_CONJOINT',2,1,2,2,2,2,63000039,0,'20200101120000Globaz  ');
INSERT INTO SCHEMA.FWCOUP (PCOSID,PLAIDE,PCOUID,PCOLUT,PSPY) VALUES (64039167,'D','1','Anrechenbares Erwerbseinkommen des Ehepartners','20200101120000Globaz  ');
INSERT INTO SCHEMA.FWCOUP (PCOSID,PLAIDE,PCOUID,PCOLUT,PSPY) VALUES (64039167,'F','1','Revenu pris en compte du conjoint','20200101120000Globaz  ');
INSERT INTO SCHEMA.FWCOSP (PCOSID,PPTYGR,PCONCS,PPTYCN,PPTYCL,PPTYSA,PCOSLI,PCOSDF,PCOSDM,PCOSDP,PCOIAN,PCOIDE,PCODFI,PCOITC,PCOISE,PSPY) VALUES (64039168,'PCKYVPC',1,1,0,0,'CLE_REVEN_ACT_LUCR_TOTAL_CONJOINT',2,1,2,2,2,2,63000039,0,'20200101120000Globaz  ');
INSERT INTO SCHEMA.FWCOUP (PCOSID,PLAIDE,PCOUID,PCOLUT,PSPY) VALUES (64039168,'D','1','Einkommen aus Erwerbstätigkeit des Ehepartners','20200101120000Globaz  ');
INSERT INTO SCHEMA.FWCOUP (PCOSID,PLAIDE,PCOUID,PCOLUT,PSPY) VALUES (64039168,'F','1','Revenu d''une activité lucrative du conjoint','20200101120000Globaz  ');
INSERT INTO SCHEMA.FWCOSP (PCOSID,PPTYGR,PCONCS,PPTYCN,PPTYCL,PPTYSA,PCOSLI,PCOSDF,PCOSDM,PCOSDP,PCOIAN,PCOIDE,PCODFI,PCOITC,PCOISE,PSPY) VALUES (64039169,'PCKYVPC',1,1,0,0,'CLE_REVEN_ACT_LUCR_ACTIVITE_DEPENDANTE_ENFANT',2,1,2,2,2,2,63000039,0,'20200101120000Globaz  ');
INSERT INTO SCHEMA.FWCOUP (PCOSID,PLAIDE,PCOUID,PCOLUT,PSPY) VALUES (64039169,'D','1','Einkommen aus unselbständiger Erwerbstätigkeit der Kinder','20200101120000Globaz  ');
INSERT INTO SCHEMA.FWCOUP (PCOSID,PLAIDE,PCOUID,PCOLUT,PSPY) VALUES (64039169,'F','1','Revenu activité lucrative dépendante des enfants','20200101120000Globaz  ');
INSERT INTO SCHEMA.FWCOSP (PCOSID,PPTYGR,PCONCS,PPTYCN,PPTYCL,PPTYSA,PCOSLI,PCOSDF,PCOSDM,PCOSDP,PCOIAN,PCOIDE,PCODFI,PCOITC,PCOISE,PSPY) VALUES (64039170,'PCKYVPC',1,1,0,0,'CLE_REVEN_ACT_LUCR_ACTIVITE_INDEPENDANTE_ENFANT',2,1,2,2,2,2,63000039,0,'20200101120000Globaz  ');
INSERT INTO SCHEMA.FWCOUP (PCOSID,PLAIDE,PCOUID,PCOLUT,PSPY) VALUES (64039170,'D','1','Einkommen aus selbständiger Erwerbstätigkeit der Kinder','20200101120000Globaz  ');
INSERT INTO SCHEMA.FWCOUP (PCOSID,PLAIDE,PCOUID,PCOLUT,PSPY) VALUES (64039170,'F','1','Revenu activité lucrative indépendante des enfants','20200101120000Globaz  ');
INSERT INTO SCHEMA.FWCOSP (PCOSID,PPTYGR,PCONCS,PPTYCN,PPTYCL,PPTYSA,PCOSLI,PCOSDF,PCOSDM,PCOSDP,PCOIAN,PCOIDE,PCODFI,PCOITC,PCOISE,PSPY) VALUES (64039171,'PCKYVPC',1,1,0,0,'CLE_REVEN_ACT_LUCR_ACTIVITE_INDEPENDANTE_AGRICOLE_ENFANT',2,1,2,2,2,2,63000039,0,'20200101120000Globaz  ');
INSERT INTO SCHEMA.FWCOUP (PCOSID,PLAIDE,PCOUID,PCOLUT,PSPY) VALUES (64039171,'D','1','Einkommen aus selbständiger landwirtschaftlicher Erwerbstätigkeit der Kinder','20200101120000Globaz  ');
INSERT INTO SCHEMA.FWCOUP (PCOSID,PLAIDE,PCOUID,PCOLUT,PSPY) VALUES (64039171,'F','1','Revenu activité lucrative indépendante agricole des enfants','20200101120000Globaz  ');
INSERT INTO SCHEMA.FWCOSP (PCOSID,PPTYGR,PCONCS,PPTYCN,PPTYCL,PPTYSA,PCOSLI,PCOSDF,PCOSDM,PCOSDP,PCOIAN,PCOIDE,PCODFI,PCOITC,PCOISE,PSPY) VALUES (64039172,'PCKYVPC',1,1,0,0,'CLE_REVEN_ACT_LUCR_DEDUCTION_LPP_ENFANT',2,1,2,2,2,2,63000039,0,'20200101120000Globaz  ');
INSERT INTO SCHEMA.FWCOUP (PCOSID,PLAIDE,PCOUID,PCOLUT,PSPY) VALUES (64039172,'D','1','BVG-Abzüge der Kinder','20200101120000Globaz  ');
INSERT INTO SCHEMA.FWCOUP (PCOSID,PLAIDE,PCOUID,PCOLUT,PSPY) VALUES (64039172,'F','1','Déductions LPP des enfants','20200101120000Globaz  ');
INSERT INTO SCHEMA.FWCOSP (PCOSID,PPTYGR,PCONCS,PPTYCN,PPTYCL,PPTYSA,PCOSLI,PCOSDF,PCOSDM,PCOSDP,PCOIAN,PCOIDE,PCODFI,PCOITC,PCOISE,PSPY) VALUES (64039173,'PCKYVPC',1,1,0,0,'CLE_REVEN_ACT_LUCR_DEDUCTION_SOCIALES_ENFANT',2,1,2,2,2,2,63000039,0,'20200101120000Globaz  ');
INSERT INTO SCHEMA.FWCOUP (PCOSID,PLAIDE,PCOUID,PCOLUT,PSPY) VALUES (64039173,'D','1','Sozialabgaben der Kinder','20200101120000Globaz  ');
INSERT INTO SCHEMA.FWCOUP (PCOSID,PLAIDE,PCOUID,PCOLUT,PSPY) VALUES (64039173,'F','1','Déductions sociales des enfants','20200101120000Globaz  ');
INSERT INTO SCHEMA.FWCOSP (PCOSID,PPTYGR,PCONCS,PPTYCN,PPTYCL,PPTYSA,PCOSLI,PCOSDF,PCOSDM,PCOSDP,PCOIAN,PCOIDE,PCODFI,PCOITC,PCOISE,PSPY) VALUES (64039174,'PCKYVPC',1,1,0,0,'CLE_REVEN_ACT_LUCR_FRAIS_OBTENTION_REVENU_ENFANT',2,1,2,2,2,2,63000039,0,'20200101120000Globaz  ');
INSERT INTO SCHEMA.FWCOUP (PCOSID,PLAIDE,PCOUID,PCOLUT,PSPY) VALUES (64039174,'D','1','Gewinnungskosten der Kinder','20200101120000Globaz  ');
INSERT INTO SCHEMA.FWCOUP (PCOSID,PLAIDE,PCOUID,PCOLUT,PSPY) VALUES (64039174,'F','1','Frais obtention revenu des enfants','20200101120000Globaz  ');
INSERT INTO SCHEMA.FWCOSP (PCOSID,PPTYGR,PCONCS,PPTYCN,PPTYCL,PPTYSA,PCOSLI,PCOSDF,PCOSDM,PCOSDP,PCOIAN,PCOIDE,PCODFI,PCOITC,PCOISE,PSPY) VALUES (64039175,'PCKYVPC',1,1,0,0,'CLE_REVEN_ACT_LUCR_REVENU_HYPOTHETIQUE_ENFANT',2,1,2,2,2,2,63000039,0,'20200101120000Globaz  ');
INSERT INTO SCHEMA.FWCOUP (PCOSID,PLAIDE,PCOUID,PCOLUT,PSPY) VALUES (64039175,'D','1','Hypothetisches Erwerbseinkommen der Kinder','20200101120000Globaz  ');
INSERT INTO SCHEMA.FWCOUP (PCOSID,PLAIDE,PCOUID,PCOLUT,PSPY) VALUES (64039175,'F','1','Revenu hypothétique des enfants','20200101120000Globaz  ');
INSERT INTO SCHEMA.FWCOSP (PCOSID,PPTYGR,PCONCS,PPTYCN,PPTYCL,PPTYSA,PCOSLI,PCOSDF,PCOSDM,PCOSDP,PCOIAN,PCOIDE,PCODFI,PCOITC,PCOISE,PSPY) VALUES (64039176,'PCKYVPC',1,1,0,0,'CLE_REVEN_ACT_LUCR_REVENU_PRIVILEGIE_ENFANT',2,1,2,2,2,2,63000039,0,'20200101120000Globaz  ');
INSERT INTO SCHEMA.FWCOUP (PCOSID,PLAIDE,PCOUID,PCOLUT,PSPY) VALUES (64039176,'D','1','Einkommen der Kinder, angerechnet zu {fraction}','20200101120000Globaz  ');
INSERT INTO SCHEMA.FWCOUP (PCOSID,PLAIDE,PCOUID,PCOLUT,PSPY) VALUES (64039176,'F','1','Revenu des enfants pris aux {fraction}','20200101120000Globaz  ');
INSERT INTO SCHEMA.FWCOSP (PCOSID,PPTYGR,PCONCS,PPTYCN,PPTYCL,PPTYSA,PCOSLI,PCOSDF,PCOSDM,PCOSDP,PCOIAN,PCOIDE,PCODFI,PCOITC,PCOISE,PSPY) VALUES (64039177,'PCKYVPC',1,1,0,0,'CLE_REVEN_ACT_LUCR_REVENU_PRIS_EN_COMPTE_ENFANT',2,1,2,2,2,2,63000039,0,'20200101120000Globaz  ');
INSERT INTO SCHEMA.FWCOUP (PCOSID,PLAIDE,PCOUID,PCOLUT,PSPY) VALUES (64039177,'D','1','Anrechenbares Einkommen der Kinder','20200101120000Globaz  ');
INSERT INTO SCHEMA.FWCOUP (PCOSID,PLAIDE,PCOUID,PCOLUT,PSPY) VALUES (64039177,'F','1','Revenu pris en compte des enfants','20200101120000Globaz  ');
INSERT INTO SCHEMA.FWCOSP (PCOSID,PPTYGR,PCONCS,PPTYCN,PPTYCL,PPTYSA,PCOSLI,PCOSDF,PCOSDM,PCOSDP,PCOIAN,PCOIDE,PCODFI,PCOITC,PCOISE,PSPY) VALUES (64039178,'PCKYVPC',1,1,0,0,'CLE_REVEN_ACT_LUCR_TOTAL_ENFANT',2,1,2,2,2,2,63000039,0,'20200101120000Globaz  ');
INSERT INTO SCHEMA.FWCOUP (PCOSID,PLAIDE,PCOUID,PCOLUT,PSPY) VALUES (64039178,'D','1','Einkommen aus unselbständiger Erwerbstätigkeit der Kinder','20200101120000Globaz  ');
INSERT INTO SCHEMA.FWCOUP (PCOSID,PLAIDE,PCOUID,PCOLUT,PSPY) VALUES (64039178,'F','1','Revenu d''une activité lucrative des enfants','20200101120000Globaz  ');
INSERT INTO SCHEMA.FWCOSP (PCOSID,PPTYGR,PCONCS,PPTYCN,PPTYCL,PPTYSA,PCOSLI,PCOSDF,PCOSDM,PCOSDP,PCOIAN,PCOIDE,PCODFI,PCOITC,PCOISE,PSPY) VALUES (64039179,'PCKYVPC',1,1,0,0,'CLE_DEPEN_FRAIS_GARDE_TOTAL',2,1,2,2,2,2,63000039,0,'20200101120000Globaz  ');
INSERT INTO SCHEMA.FWCOUP (PCOSID,PLAIDE,PCOUID,PCOLUT,PSPY) VALUES (64039179,'D','1','Total Ausgaben für Betreuungskosten','20200101120000Globaz  ');
INSERT INTO SCHEMA.FWCOUP (PCOSID,PLAIDE,PCOUID,PCOLUT,PSPY) VALUES (64039179,'F','1','Total dépense frais de garde','20200101120000Globaz  ');
INSERT INTO SCHEMA.FWCOSP (PCOSID,PPTYGR,PCONCS,PPTYCN,PPTYCL,PPTYSA,PCOSLI,PCOSDF,PCOSDM,PCOSDP,PCOIAN,PCOIDE,PCODFI,PCOITC,PCOISE,PSPY) VALUES (64039180,'PCKYVPC',1,1,0,0,'CLE_DEPEN_PRIME_ASSURANCE_MALADIE_TOTAL',2,1,2,2,2,2,63000039,0,'20200731120000Globaz  ');
INSERT INTO SCHEMA.FWCOUP (PCOSID,PLAIDE,PCOUID,PCOLUT,PSPY) VALUES (64039180,'D','1','KVG Prämie(n) (max. CHF {Montant})','20200731120000Globaz  ');
INSERT INTO SCHEMA.FWCOUP (PCOSID,PLAIDE,PCOUID,PCOLUT,PSPY) VALUES (64039180,'F','1','Prime(s) LAMal (max. CHF {Montant})','20200731120000Globaz  ');
INSERT INTO SCHEMA.FWCOSP (PCOSID,PPTYGR,PCONCS,PPTYCN,PPTYCL,PPTYSA,PCOSLI,PCOSDF,PCOSDM,PCOSDP,PCOIAN,PCOIDE,PCODFI,PCOITC,PCOISE,PSPY) VALUES (64039181,'PCKYVPC',1,1,0,0,'CLE_REVEN_SUBSIDE_ASSURANCE_MALADIE_TOTAL',2,1,2,2,2,2,63000039,0,'20200731120000Globaz  ');
INSERT INTO SCHEMA.FWCOUP (PCOSID,PLAIDE,PCOUID,PCOLUT,PSPY) VALUES (64039181,'D','1','Bereits gewährte KVG Subvention(en)','20200731120000Globaz  ');
INSERT INTO SCHEMA.FWCOUP (PCOSID,PLAIDE,PCOUID,PCOLUT,PSPY) VALUES (64039181,'F','1','Subside(s) LAMal déjà accordé(s)','20200731120000Globaz  ');
INSERT INTO SCHEMA.FWCOSP (PCOSID,PPTYGR,PCONCS,PPTYCN,PPTYCL,PPTYSA,PCOSLI,PCOSDF,PCOSDM,PCOSDP,PCOIAN,PCOIDE,PCODFI,PCOITC,PCOISE,PSPY) VALUES (64039182,'PCKYVPC',1,1,0,0,'CLE_FORTU_DETE_HYP_REAL_PROPERTY',2,1,2,2,2,2,63000039,0,'20200820120000Globaz  ');
INSERT INTO SCHEMA.FWCOUP (PCOSID,PLAIDE,PCOUID,PCOLUT,PSPY) VALUES (64039182,'D','1','Hypothekarschulden für Grundeigentum','20200820120000Globaz  ');
INSERT INTO SCHEMA.FWCOUP (PCOSID,PLAIDE,PCOUID,PCOLUT,PSPY) VALUES (64039182,'F','1','Dettes hypothécaires liées à la fortune immobilière','20200820120000Globaz  ');
INSERT INTO SCHEMA.FWCOSP (PCOSID,PPTYGR,PCONCS,PPTYCN,PPTYCL,PPTYSA,PCOSLI,PCOSDF,PCOSDM,PCOSDP,PCOIAN,PCOIDE,PCODFI,PCOITC,PCOISE,PSPY) VALUES (64039183,'PCKYVPC',1,1,0,0,'CLE_FORTU_DETE_HYP_SELF_INHABITED',2,1,2,2,2,2,63000039,0,'20200820120000Globaz  ');
INSERT INTO SCHEMA.FWCOUP (PCOSID,PLAIDE,PCOUID,PCOLUT,PSPY) VALUES (64039183,'D','1','Hypothekarschulden für selbstbewohnte Liegenschaft','20200820120000Globaz  ');
INSERT INTO SCHEMA.FWCOUP (PCOSID,PLAIDE,PCOUID,PCOLUT,PSPY) VALUES (64039183,'F','1','Dettes hypothécaires liées à l''immeuble servant d''habitation','20200820120000Globaz  ');
INSERT INTO SCHEMA.FWCOSP (PCOSID,PPTYGR,PCONCS,PPTYCN,PPTYCL,PPTYSA,PCOSLI,PCOSDF,PCOSDM,PCOSDP,PCOIAN,PCOIDE,PCODFI,PCOITC,PCOISE,PSPY) VALUES (64039184,'PCKYVPC',1,1,0,0,'CLE_FAMILY_SIZE',2,1,2,2,2,2,63000039,0,'20200820120000Globaz  ');
INSERT INTO SCHEMA.FWCOUP (PCOSID,PLAIDE,PCOUID,PCOLUT,PSPY) VALUES (64039184,'D','1','Familiengrösse','20200820120000Globaz  ');
INSERT INTO SCHEMA.FWCOUP (PCOSID,PLAIDE,PCOUID,PCOLUT,PSPY) VALUES (64039184,'F','1','Taille de la famille','20200820120000Globaz  ');
INSERT INTO SCHEMA.FWCOSP (PCOSID,PPTYGR,PCONCS,PPTYCN,PPTYCL,PPTYSA,PCOSLI,PCOSDF,PCOSDM,PCOSDP,PCOIAN,PCOIDE,PCODFI,PCOITC,PCOISE,PSPY) VALUES (64039185,'PCKYVPC',1,1,0,0,'CLE_IS_DIVESTED_WEALTH',2,1,2,2,2,2,63000039,0,'20200820120000Globaz  ');
INSERT INTO SCHEMA.FWCOUP (PCOSID,PLAIDE,PCOUID,PCOLUT,PSPY) VALUES (64039185,'D','1','Vermögensverzicht','20200820120000Globaz  ');
INSERT INTO SCHEMA.FWCOUP (PCOSID,PLAIDE,PCOUID,PCOLUT,PSPY) VALUES (64039185,'F','1','Dessaisissement de fortune','20200820120000Globaz  ');
INSERT INTO SCHEMA.FWCOSP (PCOSID,PPTYGR,PCONCS,PPTYCN,PPTYCL,PPTYSA,PCOSLI,PCOSDF,PCOSDM,PCOSDP,PCOIAN,PCOIDE,PCODFI,PCOITC,PCOISE,PSPY) VALUES (64039186,'PCKYVPC',1,1,0,0,'CLE_TYPE_DIVESTED_WEALTH',2,1,2,2,2,2,63000039,0,'20200820120000Globaz  ');
INSERT INTO SCHEMA.FWCOUP (PCOSID,PLAIDE,PCOUID,PCOLUT,PSPY) VALUES (64039186,'D','1','Art des Vermögensverzichts','20200820120000Globaz  ');
INSERT INTO SCHEMA.FWCOUP (PCOSID,PLAIDE,PCOUID,PCOLUT,PSPY) VALUES (64039186,'F','1','Type de dessaisissement','20200820120000Globaz  ');
INSERT INTO SCHEMA.FWCOSP (PCOSID,PPTYGR,PCONCS,PPTYCN,PPTYCL,PPTYSA,PCOSLI,PCOSDF,PCOSDM,PCOSDP,PCOIAN,PCOIDE,PCODFI,PCOITC,PCOISE,PSPY) VALUES (64039187,'PCKYVPC',1,1,0,0,'CLE_DEPEN_SEJOUR_MOIS_PARTIEL_TOTAL',2,1,2,2,2,2,63000039,0,'20200101120000Globaz  ');
INSERT INTO SCHEMA.FWCOUP (PCOSID,PLAIDE,PCOUID,PCOLUT,PSPY) VALUES (64039187,'D','1','Teilzeitaufenthalt','20200101120000Globaz  ');
INSERT INTO SCHEMA.FWCOUP (PCOSID,PLAIDE,PCOUID,PCOLUT,PSPY) VALUES (64039187,'F','1','Séjour mois partiel','20200101120000Globaz  ');
INSERT INTO SCHEMA.FWCOSP (PCOSID,PPTYGR,PCONCS,PPTYCN,PPTYCL,PPTYSA,PCOSLI,PCOSDF,PCOSDM,PCOSDP,PCOIAN,PCOIDE,PCODFI,PCOITC,PCOISE,PSPY) VALUES (64039188,'PCKYVPC',1,1,0,0,'CLE_FORTU_DETE_HYP_NOT_HABITED',2,1,2,2,2,2,63000039,0,'20200820120000Globaz  ');
INSERT INTO SCHEMA.FWCOUP (PCOSID,PLAIDE,PCOUID,PCOLUT,PSPY) VALUES (64039188,'D','1','Hypothekarschulden für nicht bewohnbare Liegenschaft','20200820120000Globaz  ');
INSERT INTO SCHEMA.FWCOUP (PCOSID,PLAIDE,PCOUID,PCOLUT,PSPY) VALUES (64039188,'F','1','Dettes hypothécaires liées à l''immeuble non habitable','20200820120000Globaz  ');

-- Ajout des codes systèmes variables métiers
INSERT INTO SCHEMA.FWCOSP (PCOSID,PPTYGR,PCONCS,PPTYCN,PPTYCL,PPTYSA,PCOSLI,PCOSDF,PCOSDM,PCOSDP,PCOIAN,PCOIDE,PCODFI,PCOITC,PCOISE,PSPY) VALUES (64008064,'PCTYPVMET',55,1,0,0,'REFORME_FRACTIONS_FORTUNE_HOME',2,1,2,2,2,2,63000008,0,'20200101120000Globaz  ');
INSERT INTO SCHEMA.FWCOUP (PCOSID,PLAIDE,PCOUID,PCOLUT,PSPY) VALUES (64008064,'D','1','Reform - Vermögensanteil getrenntes Ehepaar - Ehepartner im Heim + Ehepartner Hauptwohnsitz dienenden Immobilie','20200101120000Globaz  ');
INSERT INTO SCHEMA.FWCOUP (PCOSID,PLAIDE,PCOUID,PCOLUT,PSPY) VALUES (64008064,'F','1','Réforme - Fraction fortune couple séparée - conjoint home + habitation principale','20200101120000Globaz  ');
INSERT INTO SCHEMA.FWCOSP (PCOSID,PPTYGR,PCONCS,PPTYCN,PPTYCL,PPTYSA,PCOSLI,PCOSDF,PCOSDM,PCOSDP,PCOIAN,PCOIDE,PCODFI,PCOITC,PCOISE,PSPY) VALUES (64008065,'PCTYPVMET',56,1,0,0,'REFORME_FRACTIONS_FORTUNE_RESIDENT',2,1,2,2,2,2,63000008,0,'20200101120000Globaz  ');
INSERT INTO SCHEMA.FWCOUP (PCOSID,PLAIDE,PCOUID,PCOLUT,PSPY) VALUES (64008065,'D','1','Reform - Vermögensanteil getrenntes Ehepaar - Ehepartner Hauptwohnsitz dienenden Immobilie + Ehepartner im Heim','20200101120000Globaz  ');
INSERT INTO SCHEMA.FWCOUP (PCOSID,PLAIDE,PCOUID,PCOLUT,PSPY) VALUES (64008065,'F','1','Réforme - Fraction fortune couple séparée - conjoint habitation principale + conjoint home','20200101120000Globaz  ');
INSERT INTO SCHEMA.FWCOSP (PCOSID,PPTYGR,PCONCS,PPTYCN,PPTYCL,PPTYSA,PCOSLI,PCOSDF,PCOSDM,PCOSDP,PCOIAN,PCOIDE,PCODFI,PCOITC,PCOISE,PSPY) VALUES (64008066,'PCTYPVMET',57,1,0,0,'REFORME_FRACTIONS_FORTUNE_MOITIE',2,1,2,2,2,2,63000008,0,'20200101120000Globaz  ');
INSERT INTO SCHEMA.FWCOUP (PCOSID,PLAIDE,PCOUID,PCOLUT,PSPY) VALUES (64008066,'D','1','Reform - Vermögensanteil getrenntes Ehepaar - Ehepartner nicht Eigentümer der als Hauptwohnsitz dienenden Immobilie','20200101120000Globaz  ');
INSERT INTO SCHEMA.FWCOUP (PCOSID,PLAIDE,PCOUID,PCOLUT,PSPY) VALUES (64008066,'F','1','Réforme - Fraction fortune couple séparée - conjoints non propriétaires habitation principale','20200101120000Globaz  ');
INSERT INTO SCHEMA.FWCOSP (PCOSID,PPTYGR,PCONCS,PPTYCN,PPTYCL,PPTYSA,PCOSLI,PCOSDF,PCOSDM,PCOSDP,PCOIAN,PCOIDE,PCODFI,PCOITC,PCOISE,PSPY) VALUES (64008067,'PCTYPVMET',58,1,0,0,'REFORME_SEUIL_FORTUNE_SEUL',2,1,2,2,2,2,63000008,0,'20200101120000Globaz  ');
INSERT INTO SCHEMA.FWCOUP (PCOSID,PLAIDE,PCOUID,PCOLUT,PSPY) VALUES (64008067,'D','1','Reform - Vermögensschwelle Alleinstehende','20200101120000Globaz  ');
INSERT INTO SCHEMA.FWCOUP (PCOSID,PLAIDE,PCOUID,PCOLUT,PSPY) VALUES (64008067,'F','1','Réforme - Seuil de fortune personne seule','20200101120000Globaz  ');
INSERT INTO SCHEMA.FWCOSP (PCOSID,PPTYGR,PCONCS,PPTYCN,PPTYCL,PPTYSA,PCOSLI,PCOSDF,PCOSDM,PCOSDP,PCOIAN,PCOIDE,PCODFI,PCOITC,PCOISE,PSPY) VALUES (64008068,'PCTYPVMET',59,1,0,0,'REFORME_SEUIL_FORTUNE_COUPLE',2,1,2,2,2,2,63000008,0,'20200101120000Globaz  ');
INSERT INTO SCHEMA.FWCOUP (PCOSID,PLAIDE,PCOUID,PCOLUT,PSPY) VALUES (64008068,'D','1','Reform - Vermögensschwelle Ehepaar','20200101120000Globaz  ');
INSERT INTO SCHEMA.FWCOUP (PCOSID,PLAIDE,PCOUID,PCOLUT,PSPY) VALUES (64008068,'F','1','Réforme - Seuil de fortune couple','20200101120000Globaz  ');
INSERT INTO SCHEMA.FWCOSP (PCOSID,PPTYGR,PCONCS,PPTYCN,PPTYCL,PPTYSA,PCOSLI,PCOSDF,PCOSDM,PCOSDP,PCOIAN,PCOIDE,PCODFI,PCOITC,PCOISE,PSPY) VALUES (64008069,'PCTYPVMET',60,1,0,0,'REFORME_SEUIL_FORTUNE_ENFANT',2,1,2,2,2,2,63000008,0,'20200101120000Globaz  ');
INSERT INTO SCHEMA.FWCOUP (PCOSID,PLAIDE,PCOUID,PCOLUT,PSPY) VALUES (64008069,'D','1','Reform - Vermögensschwelle Kind','20200101120000Globaz  ');
INSERT INTO SCHEMA.FWCOUP (PCOSID,PLAIDE,PCOUID,PCOLUT,PSPY) VALUES (64008069,'F','1','Réforme - Seuil de fortune enfant','20200101120000Globaz  ');
INSERT INTO SCHEMA.FWCOSP (PCOSID,PPTYGR,PCONCS,PPTYCN,PPTYCL,PPTYSA,PCOSLI,PCOSDF,PCOSDM,PCOSDP,PCOIAN,PCOIDE,PCODFI,PCOITC,PCOISE,PSPY) VALUES (64008070,'PCTYPVMET',61,1,0,0,'REFORME_BESOINS_VITAUX_AGE_MOINS_11_ENFANTS_1',2,1,2,2,2,2,63000008,0,'20200101120000Globaz  ');
INSERT INTO SCHEMA.FWCOUP (PCOSID,PLAIDE,PCOUID,PCOLUT,PSPY) VALUES (64008070,'D','1','Reform - Lebensbedarf für Kinder unter 11 Jahren - 1. Kind','20200101120000Globaz  ');
INSERT INTO SCHEMA.FWCOUP (PCOSID,PLAIDE,PCOUID,PCOLUT,PSPY) VALUES (64008070,'F','1','Réforme - Besoin vitaux pour enfants moins 11 ans  - 1er enfant','20200101120000Globaz  ');
INSERT INTO SCHEMA.FWCOSP (PCOSID,PPTYGR,PCONCS,PPTYCN,PPTYCL,PPTYSA,PCOSLI,PCOSDF,PCOSDM,PCOSDP,PCOIAN,PCOIDE,PCODFI,PCOITC,PCOISE,PSPY) VALUES (64008071,'PCTYPVMET',62,1,0,0,'REFORME_BESOINS_VITAUX_AGE_MOINS_11_ENFANTS_2',2,1,2,2,2,2,63000008,0,'20200101120000Globaz  ');
INSERT INTO SCHEMA.FWCOUP (PCOSID,PLAIDE,PCOUID,PCOLUT,PSPY) VALUES (64008071,'D','1','Reform - Lebensbedarf für Kinder unter 11 Jahren - 2. Kind','20200101120000Globaz  ');
INSERT INTO SCHEMA.FWCOUP (PCOSID,PLAIDE,PCOUID,PCOLUT,PSPY) VALUES (64008071,'F','1','Réforme - Besoin vitaux pour enfants moins 11 ans - 2ème enfant','20200101120000Globaz  ');
INSERT INTO SCHEMA.FWCOSP (PCOSID,PPTYGR,PCONCS,PPTYCN,PPTYCL,PPTYSA,PCOSLI,PCOSDF,PCOSDM,PCOSDP,PCOIAN,PCOIDE,PCODFI,PCOITC,PCOISE,PSPY) VALUES (64008072,'PCTYPVMET',63,1,0,0,'REFORME_BESOINS_VITAUX_AGE_MOINS_11_ENFANTS_3',2,1,2,2,2,2,63000008,0,'20200101120000Globaz  ');
INSERT INTO SCHEMA.FWCOUP (PCOSID,PLAIDE,PCOUID,PCOLUT,PSPY) VALUES (64008072,'D','1','Reform - Lebensbedarf für Kinder unter 11 Jahren - 3. Kind','20200101120000Globaz  ');
INSERT INTO SCHEMA.FWCOUP (PCOSID,PLAIDE,PCOUID,PCOLUT,PSPY) VALUES (64008072,'F','1','Réforme - Besoin vitaux pour enfants moins 11 ans - 3ème enfant','20200101120000Globaz  ');
INSERT INTO SCHEMA.FWCOSP (PCOSID,PPTYGR,PCONCS,PPTYCN,PPTYCL,PPTYSA,PCOSLI,PCOSDF,PCOSDM,PCOSDP,PCOIAN,PCOIDE,PCODFI,PCOITC,PCOISE,PSPY) VALUES (64008073,'PCTYPVMET',64,1,0,0,'REFORME_BESOINS_VITAUX_AGE_MOINS_11_ENFANTS_4',2,1,2,2,2,2,63000008,0,'20200101120000Globaz  ');
INSERT INTO SCHEMA.FWCOUP (PCOSID,PLAIDE,PCOUID,PCOLUT,PSPY) VALUES (64008073,'D','1','Reform - Lebensbedarf für Kinder unter 11 Jahren - 4. Kind','20200101120000Globaz  ');
INSERT INTO SCHEMA.FWCOUP (PCOSID,PLAIDE,PCOUID,PCOLUT,PSPY) VALUES (64008073,'F','1','Réforme - Besoin vitaux pour enfants moins 11 ans - 4ème enfant','20200101120000Globaz  ');
INSERT INTO SCHEMA.FWCOSP (PCOSID,PPTYGR,PCONCS,PPTYCN,PPTYCL,PPTYSA,PCOSLI,PCOSDF,PCOSDM,PCOSDP,PCOIAN,PCOIDE,PCODFI,PCOITC,PCOISE,PSPY) VALUES (64008074,'PCTYPVMET',64,1,0,0,'REFORME_BESOINS_VITAUX_AGE_MOINS_11_ENFANTS_5',2,1,2,2,2,2,63000008,0,'20200101120000Globaz  ');
INSERT INTO SCHEMA.FWCOUP (PCOSID,PLAIDE,PCOUID,PCOLUT,PSPY) VALUES (64008074,'D','1','Reform - Lebensbedarf für Kinder unter 11 Jahren - 5. und weitere Kinder','20200101120000Globaz  ');
INSERT INTO SCHEMA.FWCOUP (PCOSID,PLAIDE,PCOUID,PCOLUT,PSPY) VALUES (64008074,'F','1','Réforme - Besoin vitaux pour enfants moins 11 ans - 5ème enfant  ou plus','20200101120000Globaz  ');
INSERT INTO SCHEMA.FWCOSP (PCOSID,PPTYGR,PCONCS,PPTYCN,PPTYCL,PPTYSA,PCOSLI,PCOSDF,PCOSDM,PCOSDP,PCOIAN,PCOIDE,PCODFI,PCOITC,PCOISE,PSPY) VALUES (64008075,'PCTYPVMET',65,1,0,0,'REFORME_BESOINS_VITAUX_AGE_PLUS_OU_EGAL_11_ENFANTS_2',2,1,2,2,2,2,63000008,0,'20200101120000Globaz  ');
INSERT INTO SCHEMA.FWCOUP (PCOSID,PLAIDE,PCOUID,PCOLUT,PSPY) VALUES (64008075,'D','1','Reform - Lebensbedarf für Kinder über oder gleich 11 Jahren - 1. und 2. Kind','20200101120000Globaz  ');
INSERT INTO SCHEMA.FWCOUP (PCOSID,PLAIDE,PCOUID,PCOLUT,PSPY) VALUES (64008075,'F','1','Réforme - Besoin vitaux pour enfants plus ou égal 11 ans - 1er et 2ème enfants','20200101120000Globaz  ');
INSERT INTO SCHEMA.FWCOSP (PCOSID,PPTYGR,PCONCS,PPTYCN,PPTYCL,PPTYSA,PCOSLI,PCOSDF,PCOSDM,PCOSDP,PCOIAN,PCOIDE,PCODFI,PCOITC,PCOISE,PSPY) VALUES (64008076,'PCTYPVMET',66,1,0,0,'REFORME_BESOINS_VITAUX_AGE_PLUS_OU_EGAL_11_ENFANTS_4',2,1,2,2,2,2,63000008,0,'20200101120000Globaz  ');
INSERT INTO SCHEMA.FWCOUP (PCOSID,PLAIDE,PCOUID,PCOLUT,PSPY) VALUES (64008076,'D','1','Reform - Lebensbedarf für Kinder über oder gleich 11 Jahren - 3. und 4. Kind','20200101120000Globaz  ');
INSERT INTO SCHEMA.FWCOUP (PCOSID,PLAIDE,PCOUID,PCOLUT,PSPY) VALUES (64008076,'F','1','Réforme - Besoin vitaux pour enfants plus ou égal 11 ans - 3er et 4ème enfants','20200101120000Globaz  ');
INSERT INTO SCHEMA.FWCOSP (PCOSID,PPTYGR,PCONCS,PPTYCN,PPTYCL,PPTYSA,PCOSLI,PCOSDF,PCOSDM,PCOSDP,PCOIAN,PCOIDE,PCODFI,PCOITC,PCOISE,PSPY) VALUES (64008077,'PCTYPVMET',67,1,0,0,'REFORME_BESOINS_VITAUX_AGE_PLUS_OU_EGAL_11_ENFANTS_5',2,1,2,2,2,2,63000008,0,'20200101120000Globaz  ');
INSERT INTO SCHEMA.FWCOUP (PCOSID,PLAIDE,PCOUID,PCOLUT,PSPY) VALUES (64008077,'D','1','Reform - Lebensbedarf für Kinder über oder gleich 11 Jahren - 5. und weitere Kinder','20200101120000Globaz  ');
INSERT INTO SCHEMA.FWCOUP (PCOSID,PLAIDE,PCOUID,PCOLUT,PSPY) VALUES (64008077,'F','1','Réforme - Besoin vitaux pour enfants plus ou égal 11 ans - 5ème enfants et suivants','20200101120000Globaz  ');
INSERT INTO SCHEMA.FWCOSP (PCOSID,PPTYGR,PCONCS,PPTYCN,PPTYCL,PPTYSA,PCOSLI,PCOSDF,PCOSDM,PCOSDP,PCOIAN,PCOIDE,PCODFI,PCOITC,PCOISE,PSPY) VALUES (64008078,'PCTYPVMET',68,1,0,0,'REFORME_PLAFOND_DEPENSE_FAUTEUIL_ROULANT_REFORME',2,1,2,2,2,2,63000008,0,'20200101120000Globaz  ');
INSERT INTO SCHEMA.FWCOUP (PCOSID,PLAIDE,PCOUID,PCOLUT,PSPY) VALUES (64008078,'D','1','Reform - Obergrenze für Rollstuhl-Ausgaben','20200101120000Globaz  ');
INSERT INTO SCHEMA.FWCOUP (PCOSID,PLAIDE,PCOUID,PCOLUT,PSPY) VALUES (64008078,'F','1','Réforme - Plafond de dépense fauteuil roulant','20200101120000Globaz  ');
INSERT INTO SCHEMA.FWCOSP (PCOSID,PPTYGR,PCONCS,PPTYCN,PPTYCL,PPTYSA,PCOSLI,PCOSDF,PCOSDM,PCOSDP,PCOIAN,PCOIDE,PCODFI,PCOITC,PCOISE,PSPY) VALUES (64008079,'PCTYPVMET',69,1,0,0,'REFORME_TAUX_REVENUS_NON_RENTIER',2,1,2,2,2,2,63000008,0,'20200101120000Globaz  ');
INSERT INTO SCHEMA.FWCOUP (PCOSID,PLAIDE,PCOUID,PCOLUT,PSPY) VALUES (64008079,'D','1','Reform - Einkommenssatz für nicht rentenberechtigte AHV/IV-Rentner','20200101120000Globaz  ');
INSERT INTO SCHEMA.FWCOUP (PCOSID,PLAIDE,PCOUID,PCOLUT,PSPY) VALUES (64008079,'F','1','Réforme - Taux de revenu pour les non-rentiers AVS/AI','20200101120000Globaz  ');
INSERT INTO SCHEMA.FWCOSP (PCOSID,PPTYGR,PCONCS,PPTYCN,PPTYCL,PPTYSA,PCOSLI,PCOSDF,PCOSDM,PCOSDP,PCOIAN,PCOIDE,PCODFI,PCOITC,PCOISE,PSPY) VALUES (64008080,'PCTYPVMET',69,1,0,0,'REFORME_FRACTION_REVENUS_PRIVILEGIES_ENFANT',2,1,2,2,2,2,63000008,0,'20200101120000Globaz  ');
INSERT INTO SCHEMA.FWCOUP (PCOSID,PLAIDE,PCOUID,PCOLUT,PSPY) VALUES (64008080,'D','1','Reform - Anteil privilegiertes Einkommen Kind','20200101120000Globaz  ');
INSERT INTO SCHEMA.FWCOUP (PCOSID,PLAIDE,PCOUID,PCOLUT,PSPY) VALUES (64008080,'F','1','Réforme - Fraction revenus privilégiés enfant','20200101120000Globaz  ');
INSERT INTO SCHEMA.FWCOSP (PCOSID,PPTYGR,PCONCS,PPTYCN,PPTYCL,PPTYSA,PCOSLI,PCOSDF,PCOSDM,PCOSDP,PCOIAN,PCOIDE,PCODFI,PCOITC,PCOISE,PSPY) VALUES (64008081,'PCTYPVMET',71,1,0,0,'REFORME_DEDUCTION_FRAIS_NOURRITURE',2,1,2,2,2,2,63000008,0,'20200101120000Globaz  ');
INSERT INTO SCHEMA.FWCOUP (PCOSID,PLAIDE,PCOUID,PCOLUT,PSPY) VALUES (64008081,'D','1','Reform - Abzug Verpflegungskosten','20200101120000Globaz  ');
INSERT INTO SCHEMA.FWCOUP (PCOSID,PLAIDE,PCOUID,PCOLUT,PSPY) VALUES (64008081,'F','1','Réforme - Déduction frais de nourriture','20200101120000Globaz  ');
INSERT INTO SCHEMA.FWCOSP (PCOSID,PPTYGR,PCONCS,PPTYCN,PPTYCL,PPTYSA,PCOSLI,PCOSDF,PCOSDM,PCOSDP,PCOIAN,PCOIDE,PCODFI,PCOITC,PCOISE,PSPY) VALUES (64008082,'PCTYPVMET',72,1,0,0,'REFORME_TAUX_REVENUS_IJAI',2,1,2,2,2,2,63000008,0,'20200101120000Globaz  ');
INSERT INTO SCHEMA.FWCOUP (PCOSID,PLAIDE,PCOUID,PCOLUT,PSPY) VALUES (64008082,'D','1','Reform - Einkommenssatz für IV-TG-Bezüger','20200101120000Globaz  ');
INSERT INTO SCHEMA.FWCOUP (PCOSID,PLAIDE,PCOUID,PCOLUT,PSPY) VALUES (64008082,'F','1','Réforme - Taux de revenu pour les rentiers IJAI','20200101120000Globaz  ');
INSERT INTO SCHEMA.FWCOSP (PCOSID,PPTYGR,PCONCS,PPTYCN,PPTYCL,PPTYSA,PCOSLI,PCOSDF,PCOSDM,PCOSDP,PCOIAN,PCOIDE,PCODFI,PCOITC,PCOISE,PSPY) VALUES (64008083,'PCTYPVMET',73,1,0,0,'REFORME_FRACTIONS_FORTUNE_SEPARE_VIEILLESSE_HOME',2,1,2,2,2,2,63000008,0,'20200101120000Globaz  ');
INSERT INTO SCHEMA.FWCOUP (PCOSID,PLAIDE,PCOUID,PCOLUT,PSPY) VALUES (64008083,'D','1','Reform - Vermögensanteil (Berechnung auf der Grundlage der Altersrente getrennt durch Krankheit + Heim)','20200101120000Globaz  ');
INSERT INTO SCHEMA.FWCOUP (PCOSID,PLAIDE,PCOUID,PCOLUT,PSPY) VALUES (64008083,'F','1','Réforme - Fraction sur la fortune (calcul sur base rente vieillesse séparé par la maladie + home)','20200101120000Globaz  ');
INSERT INTO SCHEMA.FWCOSP (PCOSID,PPTYGR,PCONCS,PPTYCN,PPTYCL,PPTYSA,PCOSLI,PCOSDF,PCOSDM,PCOSDP,PCOIAN,PCOIDE,PCODFI,PCOITC,PCOISE,PSPY) VALUES (64008084,'PCTYPVMET',74,1,0,0,'REFORME_FRACTIONS_FORTUNE_SEPARE_NON_VIEILLESSE_HOME',2,1,2,2,2,2,63000008,0,'20200101120000Globaz  ');
INSERT INTO SCHEMA.FWCOUP (PCOSID,PLAIDE,PCOUID,PCOLUT,PSPY) VALUES (64008084,'D','1','Reform - Vermögensanteil (Berechnung auf der Grundlage einer nicht altersbedingten Rente getrennt durch Krankheit + Heim)','20200101120000Globaz  ');
INSERT INTO SCHEMA.FWCOUP (PCOSID,PLAIDE,PCOUID,PCOLUT,PSPY) VALUES (64008084,'F','1','Réforme - Fraction sur la fortune (calcul sur base rente non-vieillesse séparé par la maladie + home)','20200101120000Globaz  ');
INSERT INTO SCHEMA.FWCOSP (PCOSID,PPTYGR,PCONCS,PPTYCN,PPTYCL,PPTYSA,PCOSLI,PCOSDF,PCOSDM,PCOSDP,PCOIAN,PCOIDE,PCODFI,PCOITC,PCOISE,PSPY) VALUES (64008085,'PCTYPVMET',75,1,0,0,'REFORME_DEDUCTION_FORAITAIRE_FORTUNE_CELIBATAIRES',2,1,2,2,2,2,63000008,0,'20200101120000Globaz  ');
INSERT INTO SCHEMA.FWCOUP (PCOSID,PLAIDE,PCOUID,PCOLUT,PSPY) VALUES (64008085,'D','1','Reform - Pauschaler Vermögensabzug (Einzelpersonen)','20200101120000Globaz  ');
INSERT INTO SCHEMA.FWCOUP (PCOSID,PLAIDE,PCOUID,PCOLUT,PSPY) VALUES (64008085,'F','1','Réforme - Déduction forfaitaire sur fortune (personnes seules)','20200101120000Globaz  ');
INSERT INTO SCHEMA.FWCOSP (PCOSID,PPTYGR,PCONCS,PPTYCN,PPTYCL,PPTYSA,PCOSLI,PCOSDF,PCOSDM,PCOSDP,PCOIAN,PCOIDE,PCODFI,PCOITC,PCOISE,PSPY) VALUES (64008086,'PCTYPVMET',76,1,0,0,'REFORME_DEDUCTION_FORAITAIRE_FORTUNE_COUPLES',2,1,2,2,2,2,63000008,0,'20200101120000Globaz  ');
INSERT INTO SCHEMA.FWCOUP (PCOSID,PLAIDE,PCOUID,PCOLUT,PSPY) VALUES (64008086,'D','1','Reform - Pauschaler Vermögensabzug (Ehepaare)','20200101120000Globaz  ');
INSERT INTO SCHEMA.FWCOUP (PCOSID,PLAIDE,PCOUID,PCOLUT,PSPY) VALUES (64008086,'F','1','Réforme - Déduction forfaitaire sur fortune (couples)','20200101120000Globaz  ');
INSERT INTO SCHEMA.FWCOSP (PCOSID,PPTYGR,PCONCS,PPTYCN,PPTYCL,PPTYSA,PCOSLI,PCOSDF,PCOSDM,PCOSDP,PCOIAN,PCOIDE,PCODFI,PCOITC,PCOISE,PSPY) VALUES (64008087,'PCTYPVMET',77,1,0,0,'REFORME_FORFAIT_CHARGES',2,1,2,2,2,2,63000008,0,'20200101120000Globaz  ');
INSERT INTO SCHEMA.FWCOUP (PCOSID,PLAIDE,PCOUID,PCOLUT,PSPY) VALUES (64008087,'D','1','Nebenkostenpauschale','20200101120000Globaz  ');
INSERT INTO SCHEMA.FWCOUP (PCOSID,PLAIDE,PCOUID,PCOLUT,PSPY) VALUES (64008087,'F','1','Réforme - Forfait charges','20200101120000Globaz  ');
INSERT INTO SCHEMA.FWCOSP (PCOSID,PPTYGR,PCONCS,PPTYCN,PPTYCL,PPTYSA,PCOSLI,PCOSDF,PCOSDM,PCOSDP,PCOIAN,PCOIDE,PCODFI,PCOITC,PCOISE,PSPY) VALUES (64008088,'PCTYPVMET',78,1,0,0,'REFORME_FRAIS_CHAUFFAGE',2,1,2,2,2,2,63000008,0,'20200101120000Globaz  ');
INSERT INTO SCHEMA.FWCOUP (PCOSID,PLAIDE,PCOUID,PCOLUT,PSPY) VALUES (64008088,'D','1','Heizkostenpauschale','20200101120000Globaz  ');
INSERT INTO SCHEMA.FWCOUP (PCOSID,PLAIDE,PCOUID,PCOLUT,PSPY) VALUES (64008088,'F','1','Réforme - Forfait pour frais de chauffage','20200101120000Globaz  ');
INSERT INTO SCHEMA.FWCOSP (PCOSID,PPTYGR,PCONCS,PPTYCN,PPTYCL,PPTYSA,PCOSLI,PCOSDF,PCOSDM,PCOSDP,PCOIAN,PCOIDE,PCODFI,PCOITC,PCOISE,PSPY) VALUES (64008089,'PCTYPVMET',79,1,0,0,'REFORME_DEPLAFONNEMENT_SEULE_STUDIO',2,1,2,2,2,2,63000008,0,'20200101120000Globaz  ');
INSERT INTO SCHEMA.FWCOUP (PCOSID,PLAIDE,PCOUID,PCOLUT,PSPY) VALUES (64008089,'D','1','Reform - Alleinstehende Person - Studio bis 1,5 Zimmer','20200101120000Globaz  ');
INSERT INTO SCHEMA.FWCOUP (PCOSID,PLAIDE,PCOUID,PCOLUT,PSPY) VALUES (64008089,'F','1','Réforme - Personne seule - Studio à 1,5 pièce','20200101120000Globaz  ');
INSERT INTO SCHEMA.FWCOSP (PCOSID,PPTYGR,PCONCS,PPTYCN,PPTYCL,PPTYSA,PCOSLI,PCOSDF,PCOSDM,PCOSDP,PCOIAN,PCOIDE,PCODFI,PCOITC,PCOISE,PSPY) VALUES (64008090,'PCTYPVMET',80,1,0,0,'REFORME_DEPLAFONNEMENT_SEULE_2_25_PIECES',2,1,2,2,2,2,63000008,0,'20200101120000Globaz  ');
INSERT INTO SCHEMA.FWCOUP (PCOSID,PLAIDE,PCOUID,PCOLUT,PSPY) VALUES (64008090,'D','1','Reform - Alleinstehende Person - 2 bis 2,5 Zimmer','20200101120000Globaz  ');
INSERT INTO SCHEMA.FWCOUP (PCOSID,PLAIDE,PCOUID,PCOLUT,PSPY) VALUES (64008090,'F','1','Réforme - Personne seule - 2 à 2,5 pièces','20200101120000Globaz  ');
INSERT INTO SCHEMA.FWCOSP (PCOSID,PPTYGR,PCONCS,PPTYCN,PPTYCL,PPTYSA,PCOSLI,PCOSDF,PCOSDM,PCOSDP,PCOIAN,PCOIDE,PCODFI,PCOITC,PCOISE,PSPY) VALUES (64008091,'PCTYPVMET',81,1,0,0,'REFORME_DEPLAFONNEMENT_SEULE_3_PLUS_PIECES',2,1,2,2,2,2,63000008,0,'20200101120000Globaz  ');
INSERT INTO SCHEMA.FWCOUP (PCOSID,PLAIDE,PCOUID,PCOLUT,PSPY) VALUES (64008091,'D','1','Reform - Alleinstehende Person - 3 Zimmer une mehr','20200101120000Globaz  ');
INSERT INTO SCHEMA.FWCOUP (PCOSID,PLAIDE,PCOUID,PCOLUT,PSPY) VALUES (64008091,'F','1','Réforme - Personne seule - 3 pièces et plus','20200101120000Globaz  ');
INSERT INTO SCHEMA.FWCOSP (PCOSID,PPTYGR,PCONCS,PPTYCN,PPTYCL,PPTYSA,PCOSLI,PCOSDF,PCOSDM,PCOSDP,PCOIAN,PCOIDE,PCODFI,PCOITC,PCOISE,PSPY) VALUES (64008092,'PCTYPVMET',82,1,0,0,'REFORME_DEPLAFONNEMENT_COUPLE_STUDIO',2,1,2,2,2,2,63000008,0,'20200101120000Globaz  ');
INSERT INTO SCHEMA.FWCOUP (PCOSID,PLAIDE,PCOUID,PCOLUT,PSPY) VALUES (64008092,'D','1','Reform - Ehepaar - Studio bis 1,5 Zimmer','20200101120000Globaz  ');
INSERT INTO SCHEMA.FWCOUP (PCOSID,PLAIDE,PCOUID,PCOLUT,PSPY) VALUES (64008092,'F','1','Réforme - Couple - Studio à 1,5 pièce','20200101120000Globaz  ');
INSERT INTO SCHEMA.FWCOSP (PCOSID,PPTYGR,PCONCS,PPTYCN,PPTYCL,PPTYSA,PCOSLI,PCOSDF,PCOSDM,PCOSDP,PCOIAN,PCOIDE,PCODFI,PCOITC,PCOISE,PSPY) VALUES (64008093,'PCTYPVMET',83,1,0,0,'REFORME_DEPLAFONNEMENT_COUPLE_2_25_PIECES',2,1,2,2,2,2,63000008,0,'20200101120000Globaz  ');
INSERT INTO SCHEMA.FWCOUP (PCOSID,PLAIDE,PCOUID,PCOLUT,PSPY) VALUES (64008093,'D','1','Reform - Ehepaar - 2 bis 2,5 Zimmer','20200101120000Globaz  ');
INSERT INTO SCHEMA.FWCOUP (PCOSID,PLAIDE,PCOUID,PCOLUT,PSPY) VALUES (64008093,'F','1','Réforme - Couple - 2 à 2,5 pièces','20200101120000Globaz  ');
INSERT INTO SCHEMA.FWCOSP (PCOSID,PPTYGR,PCONCS,PPTYCN,PPTYCL,PPTYSA,PCOSLI,PCOSDF,PCOSDM,PCOSDP,PCOIAN,PCOIDE,PCODFI,PCOITC,PCOISE,PSPY) VALUES (64008094,'PCTYPVMET',84,1,0,0,'REFORME_DEPLAFONNEMENT_COUPLE_3_PLUS_PIECES',2,1,2,2,2,2,63000008,0,'20200101120000Globaz  ');
INSERT INTO SCHEMA.FWCOUP (PCOSID,PLAIDE,PCOUID,PCOLUT,PSPY) VALUES (64008094,'D','1','Reform - Ehepaar - 3 Zimmer une mehr','20200101120000Globaz  ');
INSERT INTO SCHEMA.FWCOUP (PCOSID,PLAIDE,PCOUID,PCOLUT,PSPY) VALUES (64008094,'F','1','Réforme - Couple - 3 pièces et plus','20200101120000Globaz  ');

-- Ajout des codes systèmes pour le nb de personnes par loyer
INSERT INTO SCHEMA.FWCOSP (PCOSID,PPTYGR,PCONCS,PPTYCN,PPTYCL,PPTYSA,PCOSLI,PCOSDF,PCOSDM,PCOSDP,PCOIAN,PCOIDE,PCODFI,PCOITC,PCOISE,PSPY) VALUES (64049010,'PCTYLOYER',1,1,0,0,'TYPE_PRIME_LOYER_1_PERSONNE',2,1,2,2,2,2,63000049,0,'20200101120000Globaz  ');
INSERT INTO SCHEMA.FWCOUP (PCOSID,PLAIDE,PCOUID,PCOLUT,PSPY) VALUES (64049010,'D','1','Einzelperson','20200101120000Globaz  ');
INSERT INTO SCHEMA.FWCOUP (PCOSID,PLAIDE,PCOUID,PCOLUT,PSPY) VALUES (64049010,'F','1','Personne seule','20200101120000Globaz  ');
INSERT INTO SCHEMA.FWCOSP (PCOSID,PPTYGR,PCONCS,PPTYCN,PPTYCL,PPTYSA,PCOSLI,PCOSDF,PCOSDM,PCOSDP,PCOIAN,PCOIDE,PCODFI,PCOITC,PCOISE,PSPY) VALUES (64049011,'PCTYLOYER',2,1,0,0,'TYPE_PRIME_LOYER_2_PERSONNE',2,1,2,2,2,2,63000049,0,'20200101120000Globaz  ');
INSERT INTO SCHEMA.FWCOUP (PCOSID,PLAIDE,PCOUID,PCOLUT,PSPY) VALUES (64049011,'D','1','2 Personen','20200101120000Globaz  ');
INSERT INTO SCHEMA.FWCOUP (PCOSID,PLAIDE,PCOUID,PCOLUT,PSPY) VALUES (64049011,'F','1','2 personnes','20200101120000Globaz  ');
INSERT INTO SCHEMA.FWCOSP (PCOSID,PPTYGR,PCONCS,PPTYCN,PPTYCL,PPTYSA,PCOSLI,PCOSDF,PCOSDM,PCOSDP,PCOIAN,PCOIDE,PCODFI,PCOITC,PCOISE,PSPY) VALUES (64049012,'PCTYLOYER',3,1,0,0,'TYPE_PRIME_LOYER_3_PERSONNE',2,1,2,2,2,2,63000049,0,'20200101120000Globaz  ');
INSERT INTO SCHEMA.FWCOUP (PCOSID,PLAIDE,PCOUID,PCOLUT,PSPY) VALUES (64049012,'D','1','3 Personen','20200101120000Globaz  ');
INSERT INTO SCHEMA.FWCOUP (PCOSID,PLAIDE,PCOUID,PCOLUT,PSPY) VALUES (64049012,'F','1','3 personnes','20200101120000Globaz  ');
INSERT INTO SCHEMA.FWCOSP (PCOSID,PPTYGR,PCONCS,PPTYCN,PPTYCL,PPTYSA,PCOSLI,PCOSDF,PCOSDM,PCOSDP,PCOIAN,PCOIDE,PCODFI,PCOITC,PCOISE,PSPY) VALUES (64049013,'PCTYLOYER',4,1,0,0,'TYPE_PRIME_LOYER_4_PERSONNE',2,1,2,2,2,2,63000049,0,'20200101120000Globaz  ');
INSERT INTO SCHEMA.FWCOUP (PCOSID,PLAIDE,PCOUID,PCOLUT,PSPY) VALUES (64049013,'D','1','4 oder mehr Personen','20200101120000Globaz  ');
INSERT INTO SCHEMA.FWCOUP (PCOSID,PLAIDE,PCOUID,PCOLUT,PSPY) VALUES (64049013,'F','1','4 personnes et plus','20200101120000Globaz  ');
INSERT INTO SCHEMA.FWCOSP (PCOSID,PPTYGR,PCONCS,PPTYCN,PPTYCL,PPTYSA,PCOSLI,PCOSDF,PCOSDM,PCOSDP,PCOIAN,PCOIDE,PCODFI,PCOITC,PCOISE,PSPY) VALUES (64049014,'PCTYLOYER',5,1,0,0,'TYPE_PRIME_LOYER_PERSONNE_COMMUNAUTE',2,1,2,2,2,2,63000049,0,'20200101120000Globaz  ');
INSERT INTO SCHEMA.FWCOUP (PCOSID,PLAIDE,PCOUID,PCOLUT,PSPY) VALUES (64049014,'D','1','Person in einer Wohngemeinschaft','20200101120000Globaz  ');
INSERT INTO SCHEMA.FWCOUP (PCOSID,PLAIDE,PCOUID,PCOLUT,PSPY) VALUES (64049014,'F','1','Personne dans une communauté d''habitation','20200101120000Globaz  ');

-- Ajout des codes systèmes pour les zones de loyer
INSERT INTO SCHEMA.FWCOSP (PCOSID,PPTYGR,PCONCS,PPTYCN,PPTYCL,PPTYSA,PCOSLI,PCOSDF,PCOSDM,PCOSDP,PCOIAN,PCOIDE,PCODFI,PCOITC,PCOISE,PSPY) VALUES (64049100,'PCZOLOYER',1,1,0,0,'ZONE_LOYER_1',2,1,2,2,2,2,63000049,0,'20200101120000Globaz  ');
INSERT INTO SCHEMA.FWCOUP (PCOSID,PLAIDE,PCOUID,PCOLUT,PSPY) VALUES (64049100,'D','1','Region 1 - Grosszentrum','20200101120000Globaz  ');
INSERT INTO SCHEMA.FWCOUP (PCOSID,PLAIDE,PCOUID,PCOLUT,PSPY) VALUES (64049100,'F','1','Région 1 - Grands centres','20200101120000Globaz  ');
INSERT INTO SCHEMA.FWCOSP (PCOSID,PPTYGR,PCONCS,PPTYCN,PPTYCL,PPTYSA,PCOSLI,PCOSDF,PCOSDM,PCOSDP,PCOIAN,PCOIDE,PCODFI,PCOITC,PCOISE,PSPY) VALUES (64049101,'PCZOLOYER',2,1,0,0,'ZONE_LOYER_2',2,1,2,2,2,2,63000049,0,'20200101120000Globaz  ');
INSERT INTO SCHEMA.FWCOUP (PCOSID,PLAIDE,PCOUID,PCOLUT,PSPY) VALUES (64049101,'D','1','Region 2 - Stadt','20200101120000Globaz  ');
INSERT INTO SCHEMA.FWCOUP (PCOSID,PLAIDE,PCOUID,PCOLUT,PSPY) VALUES (64049101,'F','1','Région 2 - Villes','20200101120000Globaz  ');
INSERT INTO SCHEMA.FWCOSP (PCOSID,PPTYGR,PCONCS,PPTYCN,PPTYCL,PPTYSA,PCOSLI,PCOSDF,PCOSDM,PCOSDP,PCOIAN,PCOIDE,PCODFI,PCOITC,PCOISE,PSPY) VALUES (64049102,'PCZOLOYER',3,1,0,0,'ZONE_LOYER_3',2,1,2,2,2,2,63000049,0,'20200101120000Globaz  ');
INSERT INTO SCHEMA.FWCOUP (PCOSID,PLAIDE,PCOUID,PCOLUT,PSPY) VALUES (64049102,'D','1','Region 3 - Land','20200101120000Globaz  ');
INSERT INTO SCHEMA.FWCOUP (PCOSID,PLAIDE,PCOUID,PCOLUT,PSPY) VALUES (64049102,'F','1','Région 3 - Zone rurale','20200101120000Globaz  ');

-- Ajout des codes systèmes pour les seuils de fortune
INSERT INTO SCHEMA.FWCOSP (PCOSID,PPTYGR,PCONCS,PPTYCN,PPTYCL,PPTYSA,PCOSLI,PCOSDF,PCOSDM,PCOSDP,PCOIAN,PCOIDE,PCODFI,PCOITC,PCOISE,PSPY) VALUES (64063018,'PCMOTDRO  ',1,1,0,0,'SEUIL_FORTUNE_DEPASSE',2,1,2,2,2,2,63000063,0,'20200101120000Globaz  ');
INSERT INTO SCHEMA.FWCOUP (PCOSID,PLAIDE,PCOUID,PCOLUT,PSPY) VALUES (64063018,'D','1','Vermögensschwelle überschritten','20200101120000Globaz  ');
INSERT INTO SCHEMA.FWCOUP (PCOSID,PLAIDE,PCOUID,PCOLUT,PSPY) VALUES (64063018,'F','1','Seuil de fortune dépassé','20200101120000Globaz  ');

-- Ajout des codes systèmes pour les zones de loyer
INSERT INTO SCHEMA.FWCOSP  (PCOSID,PPTYGR,PCONCS,PPTYCN,PPTYCL,PPTYSA,PCOSLI,PCOSDF,PCOSDM,PCOSDP,PCOIAN,PCOIDE,PCODFI,PCOITC,PCOISE,PSPY) VALUES (64043014,'PCMOTIFDER',12,1,0,0,'SEUIL_FORTUNE_DEPASSE',2,1,2,2,2,2,63000043,0,'20200101120000Globaz  ');
INSERT INTO SCHEMA.FWCOUP (PCOSID,PLAIDE,PCOUID,PCOLUT,PSPY) VALUES (64043014,'D','1','Vermögensschwelle überschritten','20200101120000Globaz  ');
INSERT INTO SCHEMA.FWCOUP (PCOSID,PLAIDE,PCOUID,PCOLUT,PSPY) VALUES (64043014,'F','1','Seuil de fortune dépassé','20200101120000Globaz  ');

-- Ajout des codes systèmes pour les zones de loyer
INSERT INTO SCHEMA.FWCOSP  (PCOSID,PPTYGR,PCONCS,PPTYCN,PPTYCL,PPTYSA,PCOSLI,PCOSDF,PCOSDM,PCOSDP,PCOIAN,PCOIDE,PCODFI,PCOITC,PCOISE,PSPY) VALUES (64045020,'PCMOTIFDES',20,1,0,0,'SEUIL_FORTUNE_DEPASSE',2,1,2,2,2,2,63000045,0,'20200101120000Globaz  ');
INSERT INTO SCHEMA.FWCOUP (PCOSID,PLAIDE,PCOUID,PCOLUT,PSPY) VALUES (64045020,'D','','Vermögensschwelle überschritten','20200101120000Globaz  ');
INSERT INTO SCHEMA.FWCOUP (PCOSID,PLAIDE,PCOUID,PCOLUT,PSPY) VALUES (64045020,'F','','Seuil de fortune dépassé','20200101120000Globaz  ');

-- Ajout des codes systèmes pour les données financières
INSERT INTO SCHEMA.FWCOSP (PCOSID,PPTYGR,PCONCS,PPTYCN,PPTYCL,PPTYSA,PCOSLI,PCOSDF,PCOSDM,PCOSDP,PCOIAN,PCOIDE,PCODFI,PCOITC,PCOISE,PSPY) VALUES (64007035,'PCTYPDOFI ',35,1,0,0,'FRAIS_GARDE',2,1,2,2,2,2,63000007,0,'20200101120000Globaz');
INSERT INTO SCHEMA.FWCOUP (PCOSID,PLAIDE,PCOUID,PCOLUT,PSPY) VALUES (64007035,'D','F.GARDE','Betreuungskosten','20200101120000Globaz');
INSERT INTO SCHEMA.FWCOUP (PCOSID,PLAIDE,PCOUID,PCOLUT,PSPY) VALUES (64007035,'F','F.GARDE','Frais de garde','20200101120000Globaz');
INSERT INTO SCHEMA.FWCOSP (PCOSID,PPTYGR,PCONCS,PPTYCN,PPTYCL,PPTYSA,PCOSLI,PCOSDF,PCOSDM,PCOSDP,PCOIAN,PCOIDE,PCODFI,PCOITC,PCOISE,PSPY) VALUES (64007036,'PCTYPDOFI ',36,1,0,0,'PRIME_ASSURANCE_MALADIE',2,1,2,2,2,2,63000007,0,'20200728120000Globaz');
INSERT INTO SCHEMA.FWCOUP (PCOSID,PLAIDE,PCOUID,PCOLUT,PSPY) VALUES (64007036,'D','P.AssMal','Prämie der Krankenversicherung','20200728120000Globaz');
INSERT INTO SCHEMA.FWCOUP (PCOSID,PLAIDE,PCOUID,PCOLUT,PSPY) VALUES (64007036,'F','P.AssMal','Prime d''assurance maladie','20200728120000Globaz');
INSERT INTO SCHEMA.FWCOSP (PCOSID,PPTYGR,PCONCS,PPTYCN,PPTYCL,PPTYSA,PCOSLI,PCOSDF,PCOSDM,PCOSDP,PCOIAN,PCOIDE,PCODFI,PCOITC,PCOISE,PSPY) VALUES (64007037,'PCTYPDOFI ',37,1,0,0,'SUBSIDE_ASSURANCE_MALADIE',2,1,2,2,2,2,63000007,0,'20200728120000Globaz');
INSERT INTO SCHEMA.FWCOUP (PCOSID,PLAIDE,PCOUID,PCOLUT,PSPY) VALUES (64007037,'D','S.AssMal','Subvention der Krankenversicherung','20200728120000Globaz');
INSERT INTO SCHEMA.FWCOUP (PCOSID,PLAIDE,PCOUID,PCOLUT,PSPY) VALUES (64007037,'F','S.AssMal','Subside d''assurance maladie','20200728120000Globaz');
INSERT INTO SCHEMA.FWCOSP (PCOSID,PPTYGR,PCONCS,PPTYCN,PPTYCL,PPTYSA,PCOSLI,PCOSDF,PCOSDM,PCOSDP,PCOIAN,PCOIDE,PCODFI,PCOITC,PCOISE,PSPY) VALUES (64007038,'PCTYPDOFI ',38,1,0,0,'SEJOUR_MOIS_PARTIEL_HOME',2,1,2,2,2,2,63000007,0,'20200728120000Globaz');
INSERT INTO SCHEMA.FWCOUP (PCOSID,PLAIDE,PCOUID,PCOLUT,PSPY) VALUES (64007038,'D','SMPHOME','Monatlicher Teilzeitaufenthalt in einem Heim','20200728120000Globaz');
INSERT INTO SCHEMA.FWCOUP (PCOSID,PLAIDE,PCOUID,PCOLUT,PSPY) VALUES (64007038,'F','SMPHOME','Séjour mois partiel en home','20200728120000Globaz');

-- Ajout des codes systèmes pour les types d'échéances
INSERT INTO SCHEMA.FWCOSP (PCOSID,PPTYGR,PCONCS,PPTYCN,PPTYCL,PPTYSA,PCOSLI,PCOSDF,PCOSDM,PCOSDP,PCOIAN,PCOIDE,PCODFI,PCOITC,PCOISE,PSPY) VALUES (52205015,'PRTYPEEC  ',14,1,0,0,'FRAIS_GARDE',2,1,2,2,2,2,51200005,0,'20200101120000Globaz');
INSERT INTO SCHEMA.FWCOUP (PCOSID,PLAIDE,PCOUID,PCOLUT) VALUES (52205015,'F','          ','Frais de garde');
INSERT INTO SCHEMA.FWCOUP (PCOSID,PLAIDE,PCOUID,PCOLUT) VALUES (52205015,'D','          ','Betreuungskosten');


-- Ajout des codes systèmes dans la table des variables métiers
INSERT INTO SCHEMA.PCVARMET (BKIVME,PSPY,BKMMON,CSPY,BKDDEB,BKDFIN,BKNFDE,BKMTAU,BKNTVM,BKNTYD,BKNFNU) VALUES ((SELECT COALESCE(MAX(BKIVME),0) FROM SCHEMA.PCVARMET) + 1,'20200101120000Globaz',0.00,'20200101120000Globaz',202001,0,4,0.00000,64008064,3,3);
INSERT INTO SCHEMA.PCVARMET (BKIVME,PSPY,BKMMON,CSPY,BKDDEB,BKDFIN,BKNFDE,BKMTAU,BKNTVM,BKNTYD,BKNFNU) VALUES ((SELECT COALESCE(MAX(BKIVME),0) FROM SCHEMA.PCVARMET) + 1,'20200101120000Globaz',0.00,'20200101120000Globaz',202001,0,4,0.00000,64008065,3,1);
INSERT INTO SCHEMA.PCVARMET (BKIVME,PSPY,BKMMON,CSPY,BKDDEB,BKDFIN,BKNFDE,BKMTAU,BKNTVM,BKNTYD,BKNFNU) VALUES ((SELECT COALESCE(MAX(BKIVME),0) FROM SCHEMA.PCVARMET) + 1,'20200101120000Globaz',0.00,'20200101120000Globaz',202001,0,2,0.00000,64008066,3,1);
INSERT INTO SCHEMA.PCVARMET (BKIVME,PSPY,BKMMON,CSPY,BKDDEB,BKDFIN,BKNFDE,BKMTAU,BKNTVM,BKNTYD,BKNFNU) VALUES ((SELECT COALESCE(MAX(BKIVME),0) FROM SCHEMA.PCVARMET) + 1,'20200101120000Globaz',100000.00,'20200101120000Globaz',202001,0,0,0.00000,64008067,1,0);
INSERT INTO SCHEMA.PCVARMET (BKIVME,PSPY,BKMMON,CSPY,BKDDEB,BKDFIN,BKNFDE,BKMTAU,BKNTVM,BKNTYD,BKNFNU) VALUES ((SELECT COALESCE(MAX(BKIVME),0) FROM SCHEMA.PCVARMET) + 1,'20200101120000Globaz',200000.00,'20200101120000Globaz',202001,0,0,0.00000,64008068,1,0);
INSERT INTO SCHEMA.PCVARMET (BKIVME,PSPY,BKMMON,CSPY,BKDDEB,BKDFIN,BKNFDE,BKMTAU,BKNTVM,BKNTYD,BKNFNU) VALUES ((SELECT COALESCE(MAX(BKIVME),0) FROM SCHEMA.PCVARMET) + 1,'20200101120000Globaz',50000.00,'20200101120000Globaz',202001,0,0,0.00000,64008069,1,0);
INSERT INTO SCHEMA.PCVARMET (BKIVME,PSPY,BKMMON,CSPY,BKDDEB,BKDFIN,BKNFDE,BKMTAU,BKNTVM,BKNTYD,BKNFNU) VALUES ((SELECT COALESCE(MAX(BKIVME),0) FROM SCHEMA.PCVARMET) + 1,'20200101120000Globaz',7200.00,'20200101120000Globaz',202001,0,0,0.00000,64008070,1,0);
INSERT INTO SCHEMA.PCVARMET (BKIVME,PSPY,BKMMON,CSPY,BKDDEB,BKDFIN,BKNFDE,BKMTAU,BKNTVM,BKNTYD,BKNFNU) VALUES ((SELECT COALESCE(MAX(BKIVME),0) FROM SCHEMA.PCVARMET) + 1,'20200101120000Globaz',6000.00,'20200101120000Globaz',202001,0,0,0.00000,64008071,1,0);
INSERT INTO SCHEMA.PCVARMET (BKIVME,PSPY,BKMMON,CSPY,BKDDEB,BKDFIN,BKNFDE,BKMTAU,BKNTVM,BKNTYD,BKNFNU) VALUES ((SELECT COALESCE(MAX(BKIVME),0) FROM SCHEMA.PCVARMET) + 1,'20200101120000Globaz',5000.00,'20200101120000Globaz',202001,0,0,0.00000,64008072,1,0);
INSERT INTO SCHEMA.PCVARMET (BKIVME,PSPY,BKMMON,CSPY,BKDDEB,BKDFIN,BKNFDE,BKMTAU,BKNTVM,BKNTYD,BKNFNU) VALUES ((SELECT COALESCE(MAX(BKIVME),0) FROM SCHEMA.PCVARMET) + 1,'20200101120000Globaz',4165.00,'20200101120000Globaz',202001,0,0,0.00000,64008073,1,0);
INSERT INTO SCHEMA.PCVARMET (BKIVME,PSPY,BKMMON,CSPY,BKDDEB,BKDFIN,BKNFDE,BKMTAU,BKNTVM,BKNTYD,BKNFNU) VALUES ((SELECT COALESCE(MAX(BKIVME),0) FROM SCHEMA.PCVARMET) + 1,'20200101120000Globaz',3470.00,'20200101120000Globaz',202001,0,0,0.00000,64008074,1,0);
INSERT INTO SCHEMA.PCVARMET (BKIVME,PSPY,BKMMON,CSPY,BKDDEB,BKDFIN,BKNFDE,BKMTAU,BKNTVM,BKNTYD,BKNFNU) VALUES ((SELECT COALESCE(MAX(BKIVME),0) FROM SCHEMA.PCVARMET) + 1,'20200101120000Globaz',10260.00,'20200101120000Globaz',202001,0,0,0.00000,64008075,1,0);
INSERT INTO SCHEMA.PCVARMET (BKIVME,PSPY,BKMMON,CSPY,BKDDEB,BKDFIN,BKNFDE,BKMTAU,BKNTVM,BKNTYD,BKNFNU) VALUES ((SELECT COALESCE(MAX(BKIVME),0) FROM SCHEMA.PCVARMET) + 1,'20200101120000Globaz',6840.00,'20200101120000Globaz',202001,0,0,0.00000,64008076,1,0);
INSERT INTO SCHEMA.PCVARMET (BKIVME,PSPY,BKMMON,CSPY,BKDDEB,BKDFIN,BKNFDE,BKMTAU,BKNTVM,BKNTYD,BKNFNU) VALUES ((SELECT COALESCE(MAX(BKIVME),0) FROM SCHEMA.PCVARMET) + 1,'20200101120000Globaz',3420.00,'20200101120000Globaz',202001,0,0,0.00000,64008077,1,0);
INSERT INTO SCHEMA.PCVARMET (BKIVME,PSPY,BKMMON,CSPY,BKDDEB,BKDFIN,BKNFDE,BKMTAU,BKNTVM,BKNTYD,BKNFNU) VALUES ((SELECT COALESCE(MAX(BKIVME),0) FROM SCHEMA.PCVARMET) + 1,'20200101120000Globaz',6000.00,'20200101120000Globaz',202001,0,0,0.00000,64008078,1,0);
INSERT INTO SCHEMA.PCVARMET (BKIVME,PSPY,BKMMON,CSPY,BKDDEB,BKDFIN,BKNFDE,BKMTAU,BKNTVM,BKNTYD,BKNFNU) VALUES ((SELECT COALESCE(MAX(BKIVME),0) FROM SCHEMA.PCVARMET) + 1,'20200101120000Globaz',0.00,'20200101120000Globaz',202001,0,0,0.80000,64008079,2,0);
INSERT INTO SCHEMA.PCVARMET (BKIVME,PSPY,BKMMON,CSPY,BKDDEB,BKDFIN,BKNFDE,BKMTAU,BKNTVM,BKNTYD,BKNFNU) VALUES ((SELECT COALESCE(MAX(BKIVME),0) FROM SCHEMA.PCVARMET) + 1,'20200101120000Globaz',0.00,'20200101120000Globaz',202001,0,3,0.00000,64008080,3,2);
INSERT INTO SCHEMA.PCVARMET (BKIVME,PSPY,BKMMON,CSPY,BKDDEB,BKDFIN,BKNFDE,BKMTAU,BKNTVM,BKNTYD,BKNFNU) VALUES ((SELECT COALESCE(MAX(BKIVME),0) FROM SCHEMA.PCVARMET) + 1,'20200101120000Globaz',21.50,'20200101120000Globaz',202001,0,0,0.00000,64008081,1,0);
INSERT INTO SCHEMA.PCVARMET (BKIVME,PSPY,BKMMON,CSPY,BKDDEB,BKDFIN,BKNFDE,BKMTAU,BKNTVM,BKNTYD,BKNFNU) VALUES ((SELECT COALESCE(MAX(BKIVME),0) FROM SCHEMA.PCVARMET) + 1,'20200101120000Globaz',0.00,'20200101120000Globaz',202001,0,0,1.00000,64008082,2,0);
INSERT INTO SCHEMA.PCVARMET (BKIVME,PSPY,BKMMON,CSPY,BKDDEB,BKDFIN,BKNFDE,BKMTAU,BKNTVM,BKNTYD,BKNFNU) VALUES ((SELECT COALESCE(MAX(BKIVME),0) FROM SCHEMA.PCVARMET) + 1,'20200101120000Globaz',0.00,'20200101120000Globaz',202001,0,5,0.00000,64008083,3,1);
INSERT INTO SCHEMA.PCVARMET (BKIVME,PSPY,BKMMON,CSPY,BKDDEB,BKDFIN,BKNFDE,BKMTAU,BKNTVM,BKNTYD,BKNFNU) VALUES ((SELECT COALESCE(MAX(BKIVME),0) FROM SCHEMA.PCVARMET) + 1,'20200101120000Globaz',30000.00,'20200101120000Globaz',202001,0,0,0.00000,64008085,1,0);
INSERT INTO SCHEMA.PCVARMET (BKIVME,PSPY,BKMMON,CSPY,BKDDEB,BKDFIN,BKNFDE,BKMTAU,BKNTVM,BKNTYD,BKNFNU) VALUES ((SELECT COALESCE(MAX(BKIVME),0) FROM SCHEMA.PCVARMET) + 1,'20200101120000Globaz',50000.00,'20200101120000Globaz',202001,0,0,0.00000,64008086,1,0);
INSERT INTO SCHEMA.PCVARMET (BKIVME,PSPY,BKMMON,CSPY,BKDDEB,BKDFIN,BKNFDE,BKMTAU,BKNTVM,BKNTYD,BKNFNU) VALUES ((SELECT COALESCE(MAX(BKIVME),0) FROM SCHEMA.PCVARMET) + 1,'20200101120000Globaz',2520.00,'20200101120000Globaz',202001,0,0,0.00000,64008087,1,0);
INSERT INTO SCHEMA.PCVARMET (BKIVME,PSPY,BKMMON,CSPY,BKDDEB,BKDFIN,BKNFDE,BKMTAU,BKNTVM,BKNTYD,BKNFNU) VALUES ((SELECT COALESCE(MAX(BKIVME),0) FROM SCHEMA.PCVARMET) + 1,'20200101120000Globaz',1260.00,'20200101120000Globaz',202001,0,0,0.00000,64008088,1,0);
UPDATE SCHEMA.JADEINCR SET INCVAL=(SELECT COALESCE(MAX(BKIVME),0) FROM SCHEMA.PCVARMET), PSPY='20200101120000Globaz' WHERE TBNAME='PCVARMET';

-- Ajout des codes systèmes dans la table des montant par zones
INSERT INTO SCHEMA.PCZONFOR (DAIDZF,PSPY,CSPY,DALDES,DATCAN,DATYPE) VALUES (64049100,'20200101120000Globaz','20200101120000Globaz','Region 1',0,2);
INSERT INTO SCHEMA.PCZONFOR (DAIDZF,PSPY,CSPY,DALDES,DATCAN,DATYPE) VALUES (64049101,'20200101120000Globaz','20200101120000Globaz','Region 2',0,2);
INSERT INTO SCHEMA.PCZONFOR (DAIDZF,PSPY,CSPY,DALDES,DATCAN,DATYPE) VALUES (64049102,'20200101120000Globaz','20200101120000Globaz','Region 3',0,2);

-- Ajout des codes systèmes pour les types de dessaisissements de fortune
INSERT INTO SCHEMA.FWCOSP(PCOSID, PPTYGR, PCONCS, PPTYCN, PPTYCL, PPTYSA, PCOSLI, PCOSDF, PCOSDM, PCOSDP, PCOIAN, PCOIDE, PCODFI, PCOITC, PCOISE, PSPY) VALUES (64041012, 'PCMOTDES  ', 2, 1, 0, 0, 'MOTIF_DESSAISI_CONSOMMATION_EXCESSIVE', 2, 1, 2, 2, 2, 2, 63000041, 0, '20200928120703ccjuglo');
INSERT INTO SCHEMA.FWCOUP(PCOSID, PLAIDE, PCOUID, PCOLUT, PSPY) VALUES (64041012, 'F', '', 'Consommation excessive', '20200928120703ccjuglo');
INSERT INTO SCHEMA.FWCOUP(PCOSID, PLAIDE, PCOUID, PCOLUT, PSPY) VALUES (64041012, 'D', '', 'übermässiger Verbrauch', '20200928120703ccjuglo');


-- Ajout des codes systèmes du nb personnes et des zones dans la table des Forfaits Primes Assurance Maladie
INSERT INTO SCHEMA.PCFOPRAM(DCIDFP, DCTPRI, DCDDEB, DCMMON, CSPY, DCIDZF, DCDFIN, PSPY) VALUES ((SELECT COALESCE(MAX(DCIDFP),0) FROM SCHEMA.PCFOPRAM) + 1, 64049010, 19980101, 16440.00, '20200101120000Globaz', 64049100, 0, '20200101120000Globaz');
INSERT INTO SCHEMA.PCFOPRAM(DCIDFP, DCTPRI, DCDDEB, DCMMON, CSPY, DCIDZF, DCDFIN, PSPY) VALUES ((SELECT COALESCE(MAX(DCIDFP),0) FROM SCHEMA.PCFOPRAM) + 1, 64049010, 19980101, 15900.00, '20200101120000Globaz', 64049101, 0, '20200101120000Globaz');
INSERT INTO SCHEMA.PCFOPRAM(DCIDFP, DCTPRI, DCDDEB, DCMMON, CSPY, DCIDZF, DCDFIN, PSPY) VALUES ((SELECT COALESCE(MAX(DCIDFP),0) FROM SCHEMA.PCFOPRAM) + 1, 64049010, 19980101, 14520.00, '20200101120000Globaz', 64049102, 0, '20200101120000Globaz');
INSERT INTO SCHEMA.PCFOPRAM(DCIDFP, DCTPRI, DCDDEB, DCMMON, CSPY, DCIDZF, DCDFIN, PSPY) VALUES ((SELECT COALESCE(MAX(DCIDFP),0) FROM SCHEMA.PCFOPRAM) + 1, 64049011, 19980101, 19440.00, '20200101120000Globaz', 64049100, 0, '20200101120000Globaz');
INSERT INTO SCHEMA.PCFOPRAM(DCIDFP, DCTPRI, DCDDEB, DCMMON, CSPY, DCIDZF, DCDFIN, PSPY) VALUES ((SELECT COALESCE(MAX(DCIDFP),0) FROM SCHEMA.PCFOPRAM) + 1, 64049011, 19980101, 18900.00, '20200101120000Globaz', 64049101, 0, '20200101120000Globaz');
INSERT INTO SCHEMA.PCFOPRAM(DCIDFP, DCTPRI, DCDDEB, DCMMON, CSPY, DCIDZF, DCDFIN, PSPY) VALUES ((SELECT COALESCE(MAX(DCIDFP),0) FROM SCHEMA.PCFOPRAM) + 1, 64049011, 19980101, 17520.00, '20200101120000Globaz', 64049102, 0, '20200101120000Globaz');
INSERT INTO SCHEMA.PCFOPRAM(DCIDFP, DCTPRI, DCDDEB, DCMMON, CSPY, DCIDZF, DCDFIN, PSPY) VALUES ((SELECT COALESCE(MAX(DCIDFP),0) FROM SCHEMA.PCFOPRAM) + 1, 64049012, 19980101, 21600.00, '20200101120000Globaz', 64049100, 0, '20200101120000Globaz');
INSERT INTO SCHEMA.PCFOPRAM(DCIDFP, DCTPRI, DCDDEB, DCMMON, CSPY, DCIDZF, DCDFIN, PSPY) VALUES ((SELECT COALESCE(MAX(DCIDFP),0) FROM SCHEMA.PCFOPRAM) + 1, 64049012, 19980101, 20700.00, '20200101120000Globaz', 64049101, 0, '20200101120000Globaz');
INSERT INTO SCHEMA.PCFOPRAM(DCIDFP, DCTPRI, DCDDEB, DCMMON, CSPY, DCIDZF, DCDFIN, PSPY) VALUES ((SELECT COALESCE(MAX(DCIDFP),0) FROM SCHEMA.PCFOPRAM) + 1, 64049012, 19980101, 19320.00, '20200101120000Globaz', 64049102, 0, '20200101120000Globaz');
INSERT INTO SCHEMA.PCFOPRAM(DCIDFP, DCTPRI, DCDDEB, DCMMON, CSPY, DCIDZF, DCDFIN, PSPY) VALUES ((SELECT COALESCE(MAX(DCIDFP),0) FROM SCHEMA.PCFOPRAM) + 1, 64049013, 19980101, 23520.00, '20200101120000Globaz', 64049100, 0, '20200101120000Globaz');
INSERT INTO SCHEMA.PCFOPRAM(DCIDFP, DCTPRI, DCDDEB, DCMMON, CSPY, DCIDZF, DCDFIN, PSPY) VALUES ((SELECT COALESCE(MAX(DCIDFP),0) FROM SCHEMA.PCFOPRAM) + 1, 64049013, 19980101, 22500.00, '20200101120000Globaz', 64049101, 0, '20200101120000Globaz');
INSERT INTO SCHEMA.PCFOPRAM(DCIDFP, DCTPRI, DCDDEB, DCMMON, CSPY, DCIDZF, DCDFIN, PSPY) VALUES ((SELECT COALESCE(MAX(DCIDFP),0) FROM SCHEMA.PCFOPRAM) + 1, 64049013, 19980101, 20880.00, '20200101120000Globaz', 64049102, 0, '20200101120000Globaz');
INSERT INTO SCHEMA.PCFOPRAM(DCIDFP, DCTPRI, DCDDEB, DCMMON, CSPY, DCIDZF, DCDFIN, PSPY) VALUES ((SELECT COALESCE(MAX(DCIDFP),0) FROM SCHEMA.PCFOPRAM) + 1, 64049014, 19980101, 9720.00, '20200101120000Globaz', 64049100, 0, '20200101120000Globaz');
INSERT INTO SCHEMA.PCFOPRAM(DCIDFP, DCTPRI, DCDDEB, DCMMON, CSPY, DCIDZF, DCDFIN, PSPY) VALUES ((SELECT COALESCE(MAX(DCIDFP),0) FROM SCHEMA.PCFOPRAM) + 1, 64049014, 19980101, 9450.00, '20200101120000Globaz', 64049101, 0, '20200101120000Globaz');
INSERT INTO SCHEMA.PCFOPRAM(DCIDFP, DCTPRI, DCDDEB, DCMMON, CSPY, DCIDZF, DCDFIN, PSPY) VALUES ((SELECT COALESCE(MAX(DCIDFP),0) FROM SCHEMA.PCFOPRAM) + 1, 64049014, 19980101, 8760.00, '20200101120000Globaz', 64049102, 0, '20200101120000Globaz');
UPDATE SCHEMA.JADEINCR SET INCVAL=(SELECT COALESCE(MAX(DCIDFP),0) FROM SCHEMA.PCFOPRAM), PSPY='20200619135749ccjuglo' WHERE TBNAME='PCFOPRAM';

