
--D0048
ALTER TABLE SCHEMA.PCPRESTA ADD PRDDECI numeric(8);

ALTER TABLE SCHEMA.PCPRESTA ADD PRREFP VARCHAR(255);

ALTER TABLE SCHEMA.PCORDVER ADD CZREFP VARCHAR(255);

-- DEBUT DU REPORT DES SCRIPTS 1.16.0-CCVS

-- ajout des la variable métier : FRAIS_ENTRETIEN_IMMEUBLE_MOINS_10_ANS, ARGENTDE POCHE, PLAFOND_LOYER
delete from SCHEMA.FWCOUP where pcosid in(select pcosid from SCHEMA.FWCOSP where pptygr ='PCTYPVMET');
delete from SCHEMA.FWCOSP where pptygr ='PCTYPVMET';

insert into SCHEMA.FWCOSP (pcosid,pptygr,pconcs,pptycn,pptycl,pptysa,pcosli,pcosdf,pcosdm,pcosdp,pcoian,pcoide,pcodfi,pcoitc,pcoise, pspy) values ( 63000008, 'PCTYPVMET', 0,1,3,0, 'type_variables_metier', 0,2,2,2,2,0,0,0,(replace(char(current date), '-', '') concat replace(char(current time), '.', '') concat user)); 
insert into SCHEMA.FWCOUP (pcosid,plaide,pcouid,pcolut, pspy) values ( 63000008, 'F', '1', 'type_variables_metier', (replace(char(current date), '-', '') concat replace(char(current time), '.', '') concat user) ); 
insert into SCHEMA.FWCOUP (pcosid,plaide,pcouid,pcolut, pspy) values ( 63000008, 'D', '1', 'type_variables_metier', (replace(char(current date), '-', '') concat replace(char(current time), '.', '') concat user) ); 

insert into SCHEMA.FWCOSP (pcosid,pptygr,pconcs,pptycn,pptycl,pptysa,pcosli,pcosdf,pcosdm,pcosdp,pcoian,pcoide,pcodfi,pcoitc,pcoise, pspy) values ( 64008001, 'PCTYPVMET', 1 ,1,0,0, 'ARGENT_POCHE_MEDICALISE', 2,1,2,2,2, 2 , 63000008 ,0, (replace(char(current date), '-', '') concat replace(char(current time), '.', '') concat user) ); 
insert into SCHEMA.FWCOUP (pcosid,plaide,pcouid,pcolut, pspy) values ( 64008001, 'F', '', 'Argent de poche en home médicalisé par mois', (replace(char(current date), '-', '') concat replace(char(current time), '.', '') concat user) ); 
insert into SCHEMA.FWCOUP (pcosid,plaide,pcouid,pcolut, pspy) values ( 64008001, 'D', '', 'Monatliches Taschengeld im medizinischen Pflegeheim', (replace(char(current date), '-', '') concat replace(char(current time), '.', '') concat user) ); 
insert into SCHEMA.FWCOSP (pcosid,pptygr,pconcs,pptycn,pptycl,pptysa,pcosli,pcosdf,pcosdm,pcosdp,pcoian,pcoide,pcodfi,pcoitc,pcoise, pspy) values ( 64008002, 'PCTYPVMET', 2 ,1,0,0, 'ARGENT_POCHE_NON_MEDICALISE', 2,1,2,2,2, 2 , 63000008 ,0, (replace(char(current date), '-', '') concat replace(char(current time), '.', '') concat user) ); 
insert into SCHEMA.FWCOUP (pcosid,plaide,pcouid,pcolut, pspy) values ( 64008002, 'F', '', 'Argent de poche en home non-médicalisé par mois', (replace(char(current date), '-', '') concat replace(char(current time), '.', '') concat user) ); 
insert into SCHEMA.FWCOUP (pcosid,plaide,pcouid,pcolut, pspy) values ( 64008002, 'D', '', 'Monatliches Taschengeld im nicht-medizinischen Heim', (replace(char(current date), '-', '') concat replace(char(current time), '.', '') concat user) ); 
insert into SCHEMA.FWCOSP (pcosid,pptygr,pconcs,pptycn,pptycl,pptysa,pcosli,pcosdf,pcosdm,pcosdp,pcoian,pcoide,pcodfi,pcoitc,pcoise, pspy) values ( 64008003, 'PCTYPVMET', 3 ,1,0,0, 'BESOINS_VITAUX_2_ENFANTS', 2,1,2,2,2, 2 , 63000008 ,0, (replace(char(current date), '-', '') concat replace(char(current time), '.', '') concat user) ); 
insert into SCHEMA.FWCOUP (pcosid,plaide,pcouid,pcolut, pspy) values ( 64008003, 'F', '', 'Besoins vitaux pour 1er et 2ème enfant', (replace(char(current date), '-', '') concat replace(char(current time), '.', '') concat user) ); 
insert into SCHEMA.FWCOUP (pcosid,plaide,pcouid,pcolut, pspy) values ( 64008003, 'D', '', 'Lebensbedarf für 1. und 2. Kind', (replace(char(current date), '-', '') concat replace(char(current time), '.', '') concat user) ); 
insert into SCHEMA.FWCOSP (pcosid,pptygr,pconcs,pptycn,pptycl,pptysa,pcosli,pcosdf,pcosdm,pcosdp,pcoian,pcoide,pcodfi,pcoitc,pcoise, pspy) values ( 64008004, 'PCTYPVMET', 4 ,1,0,0, 'BESOINS_VITAUX_4_ENFANTS', 2,1,2,2,2, 2 , 63000008 ,0, (replace(char(current date), '-', '') concat replace(char(current time), '.', '') concat user) ); 
insert into SCHEMA.FWCOUP (pcosid,plaide,pcouid,pcolut, pspy) values ( 64008004, 'F', '', 'Besoins vitaux pour 3ème et 4ème enfant', (replace(char(current date), '-', '') concat replace(char(current time), '.', '') concat user) ); 
insert into SCHEMA.FWCOUP (pcosid,plaide,pcouid,pcolut, pspy) values ( 64008004, 'D', '', 'Lebensbedarf für 3. und 4. Kind', (replace(char(current date), '-', '') concat replace(char(current time), '.', '') concat user) ); 
insert into SCHEMA.FWCOSP (pcosid,pptygr,pconcs,pptycn,pptycl,pptysa,pcosli,pcosdf,pcosdm,pcosdp,pcoian,pcoide,pcodfi,pcoitc,pcoise, pspy) values ( 64008005, 'PCTYPVMET', 5 ,1,0,0, 'BESOINS_VITAUX_5_ENFANTS', 2,1,2,2,2, 2 , 63000008 ,0, (replace(char(current date), '-', '') concat replace(char(current time), '.', '') concat user) ); 
insert into SCHEMA.FWCOUP (pcosid,plaide,pcouid,pcolut, pspy) values ( 64008005, 'F', '', 'Besoins vitaux pour 5ème enfant et suivants', (replace(char(current date), '-', '') concat replace(char(current time), '.', '') concat user) ); 
insert into SCHEMA.FWCOUP (pcosid,plaide,pcouid,pcolut, pspy) values ( 64008005, 'D', '', 'Lebensbedarf für 5. Kind und weitere Kinder', (replace(char(current date), '-', '') concat replace(char(current time), '.', '') concat user) ); 
insert into SCHEMA.FWCOSP (pcosid,pptygr,pconcs,pptycn,pptycl,pptysa,pcosli,pcosdf,pcosdm,pcosdp,pcoian,pcoide,pcodfi,pcoitc,pcoise, pspy) values ( 64008006, 'PCTYPVMET', 6 ,1,0,0, 'BESOINS_VITAUX_COUPLES', 2,1,2,2,2, 2 , 63000008 ,0, (replace(char(current date), '-', '') concat replace(char(current time), '.', '') concat user) ); 
insert into SCHEMA.FWCOUP (pcosid,plaide,pcouid,pcolut, pspy) values ( 64008006, 'F', '', 'Besoins vitaux pour les couples', (replace(char(current date), '-', '') concat replace(char(current time), '.', '') concat user) ); 
insert into SCHEMA.FWCOUP (pcosid,plaide,pcouid,pcolut, pspy) values ( 64008006, 'D', '', 'Lebensbedarf für Paare', (replace(char(current date), '-', '') concat replace(char(current time), '.', '') concat user) ); 
insert into SCHEMA.FWCOSP (pcosid,pptygr,pconcs,pptycn,pptycl,pptysa,pcosli,pcosdf,pcosdm,pcosdp,pcoian,pcoide,pcodfi,pcoitc,pcoise, pspy) values ( 64008007, 'PCTYPVMET', 7 ,1,0,0, 'BESOINS_VITAUX_CELIBATAIRES', 2,1,2,2,2, 2 , 63000008 ,0, (replace(char(current date), '-', '') concat replace(char(current time), '.', '') concat user) ); 
insert into SCHEMA.FWCOUP (pcosid,plaide,pcouid,pcolut, pspy) values ( 64008007, 'F', '', 'Besoins vitaux pour les personnes seules', (replace(char(current date), '-', '') concat replace(char(current time), '.', '') concat user) ); 
insert into SCHEMA.FWCOUP (pcosid,plaide,pcouid,pcolut, pspy) values ( 64008007, 'D', '', 'Lebensbedarf für Alleinstehende', (replace(char(current date), '-', '') concat replace(char(current time), '.', '') concat user) ); 
insert into SCHEMA.FWCOSP (pcosid,pptygr,pconcs,pptycn,pptycl,pptysa,pcosli,pcosdf,pcosdm,pcosdp,pcoian,pcoide,pcodfi,pcoitc,pcoise, pspy) values ( 64008008, 'PCTYPVMET', 8 ,1,0,0, 'DEDUCTION_FORFAITAIRE_FORTUNE_COUPLES', 2,1,2,2,2, 2 , 63000008 ,0, (replace(char(current date), '-', '') concat replace(char(current time), '.', '') concat user) ); 
insert into SCHEMA.FWCOUP (pcosid,plaide,pcouid,pcolut, pspy) values ( 64008008, 'F', '', 'Déduction forfaitaire sur fortune (couples)', (replace(char(current date), '-', '') concat replace(char(current time), '.', '') concat user) ); 
insert into SCHEMA.FWCOUP (pcosid,plaide,pcouid,pcolut, pspy) values ( 64008008, 'D', '', 'Pauschalabzug auf Vermögen (Paare)', (replace(char(current date), '-', '') concat replace(char(current time), '.', '') concat user) ); 
insert into SCHEMA.FWCOSP (pcosid,pptygr,pconcs,pptycn,pptycl,pptysa,pcosli,pcosdf,pcosdm,pcosdp,pcoian,pcoide,pcodfi,pcoitc,pcoise, pspy) values ( 64008009, 'PCTYPVMET', 9 ,1,0,0, 'DEDUCTION_FORFAITAIRE_FORTUNE_CELIBATAIRES', 2,1,2,2,2, 2 , 63000008 ,0, (replace(char(current date), '-', '') concat replace(char(current time), '.', '') concat user) ); 
insert into SCHEMA.FWCOUP (pcosid,plaide,pcouid,pcolut, pspy) values ( 64008009, 'F', '', 'Déduction forfaitaire sur fortune (personnes seules)', (replace(char(current date), '-', '') concat replace(char(current time), '.', '') concat user) ); 
insert into SCHEMA.FWCOUP (pcosid,plaide,pcouid,pcolut, pspy) values ( 64008009, 'D', '', 'Pauschalabzug auf Vermögen (Alleinstehende)', (replace(char(current date), '-', '') concat replace(char(current time), '.', '') concat user) ); 
insert into SCHEMA.FWCOSP (pcosid,pptygr,pconcs,pptycn,pptycl,pptysa,pcosli,pcosdf,pcosdm,pcosdp,pcoian,pcoide,pcodfi,pcoitc,pcoise, pspy) values ( 64008010, 'PCTYPVMET', 10 ,1,0,0, 'DEDUCTION_FORFAITAIRE_FORTUNE_ENFANTS', 2,1,2,2,2, 2 , 63000008 ,0, (replace(char(current date), '-', '') concat replace(char(current time), '.', '') concat user) ); 
insert into SCHEMA.FWCOUP (pcosid,plaide,pcouid,pcolut, pspy) values ( 64008010, 'F', '', 'Déduction forfaitaire sur fortune (pour chaque enfant)', (replace(char(current date), '-', '') concat replace(char(current time), '.', '') concat user) ); 
insert into SCHEMA.FWCOUP (pcosid,plaide,pcouid,pcolut, pspy) values ( 64008010, 'D', '', 'Pauschalabzug auf Vermögen (für jedes Kind)', (replace(char(current date), '-', '') concat replace(char(current time), '.', '') concat user) ); 
insert into SCHEMA.FWCOSP (pcosid,pptygr,pconcs,pptycn,pptycl,pptysa,pcosli,pcosdf,pcosdm,pcosdp,pcoian,pcoide,pcodfi,pcoitc,pcoise, pspy) values ( 64008011, 'PCTYPVMET', 11 ,1,0,0, 'DEDUCTION_FORFAITAIRE_IMMOBILIER_ASSURE', 2,1,2,2,2, 2 , 63000008 ,0, (replace(char(current date), '-', '') concat replace(char(current time), '.', '') concat user) ); 
insert into SCHEMA.FWCOUP (pcosid,plaide,pcouid,pcolut, pspy) values ( 64008011, 'F', '', 'Déduction sur propriété immobilière habitée par assuré/famille', (replace(char(current date), '-', '') concat replace(char(current time), '.', '') concat user) ); 
insert into SCHEMA.FWCOUP (pcosid,plaide,pcouid,pcolut, pspy) values ( 64008011, 'D', '', 'Abzug auf durch versicherte Person/Familie bewohntes Immobilieneigentum', (replace(char(current date), '-', '') concat replace(char(current time), '.', '') concat user) ); 
insert into SCHEMA.FWCOSP (pcosid,pptygr,pconcs,pptycn,pptycl,pptysa,pcosli,pcosdf,pcosdm,pcosdp,pcoian,pcoide,pcodfi,pcoitc,pcoise, pspy) values ( 64008012, 'PCTYPVMET', 12 ,1,0,0, 'FORFAIT_CHARGES', 2,1,2,2,2, 2 , 63000008 ,0, (replace(char(current date), '-', '') concat replace(char(current time), '.', '') concat user) ); 
insert into SCHEMA.FWCOUP (pcosid,plaide,pcouid,pcolut, pspy) values ( 64008012, 'F', '', 'Forfait charges', (replace(char(current date), '-', '') concat replace(char(current time), '.', '') concat user) ); 
insert into SCHEMA.FWCOUP (pcosid,plaide,pcouid,pcolut, pspy) values ( 64008012, 'D', '', 'Kostenpauschale', (replace(char(current date), '-', '') concat replace(char(current time), '.', '') concat user) ); 
insert into SCHEMA.FWCOSP (pcosid,pptygr,pconcs,pptycn,pptycl,pptysa,pcosli,pcosdf,pcosdm,pcosdp,pcoian,pcoide,pcodfi,pcoitc,pcoise, pspy) values ( 64008013, 'PCTYPVMET', 13 ,1,0,0, 'FORFAIT_FRAIS_CHAUFFAGE', 2,1,2,2,2, 2 , 63000008 ,0, (replace(char(current date), '-', '') concat replace(char(current time), '.', '') concat user) ); 
insert into SCHEMA.FWCOUP (pcosid,plaide,pcouid,pcolut, pspy) values ( 64008013, 'F', '', 'Forfait pour frais de chauffage', (replace(char(current date), '-', '') concat replace(char(current time), '.', '') concat user) ); 
insert into SCHEMA.FWCOUP (pcosid,plaide,pcouid,pcolut, pspy) values ( 64008013, 'D', '', 'Pauschale für Heizkosten', (replace(char(current date), '-', '') concat replace(char(current time), '.', '') concat user) ); 
insert into SCHEMA.FWCOSP (pcosid,pptygr,pconcs,pptycn,pptycl,pptysa,pcosli,pcosdf,pcosdm,pcosdp,pcoian,pcoide,pcodfi,pcoitc,pcoise, pspy) values ( 64008014, 'PCTYPVMET', 14 ,1,0,0, 'FRAIS_ENTRETIEN_IMMEUBLE', 2,1,2,2,2, 2 , 63000008 ,0, (replace(char(current date), '-', '') concat replace(char(current time), '.', '') concat user) ); 
insert into SCHEMA.FWCOUP (pcosid,plaide,pcouid,pcolut, pspy) values ( 64008014, 'F', '', 'Frais entretien immeubles', (replace(char(current date), '-', '') concat replace(char(current time), '.', '') concat user) ); 
insert into SCHEMA.FWCOUP (pcosid,plaide,pcouid,pcolut, pspy) values ( 64008014, 'D', '', 'Kosten Gebäudeunterhalt', (replace(char(current date), '-', '') concat replace(char(current time), '.', '') concat user) ); 
insert into SCHEMA.FWCOSP (pcosid,pptygr,pconcs,pptycn,pptycl,pptysa,pcosli,pcosdf,pcosdm,pcosdp,pcoian,pcoide,pcodfi,pcoitc,pcoise, pspy) values ( 64008015, 'PCTYPVMET', 16 ,1,0,0, 'FRANCHISE_CAISSE_MALADIE', 2,1,2,2,2, 2 , 63000008 ,0, (replace(char(current date), '-', '') concat replace(char(current time), '.', '') concat user) ); 
insert into SCHEMA.FWCOUP (pcosid,plaide,pcouid,pcolut, pspy) values ( 64008015, 'F', '', 'Franchise et quote-part de la caisse-maladie', (replace(char(current date), '-', '') concat replace(char(current time), '.', '') concat user) ); 
insert into SCHEMA.FWCOUP (pcosid,plaide,pcouid,pcolut, pspy) values ( 64008015, 'D', '', 'Franchise und Selbstbehalt der Krankenkasse', (replace(char(current date), '-', '') concat replace(char(current time), '.', '') concat user) ); 
insert into SCHEMA.FWCOSP (pcosid,pptygr,pconcs,pptycn,pptycl,pptysa,pcosli,pcosdf,pcosdm,pcosdp,pcoian,pcoide,pcodfi,pcoitc,pcoise, pspy) values ( 64008016, 'PCTYPVMET', 17 ,1,0,0, 'FRANCHISE_REVENUS_PRIVILEGIERS_FAMILLE', 2,1,2,2,2, 2 , 63000008 ,0, (replace(char(current date), '-', '') concat replace(char(current time), '.', '') concat user) ); 
insert into SCHEMA.FWCOUP (pcosid,plaide,pcouid,pcolut, pspy) values ( 64008016, 'F', '', 'Franchise revenus privilégiés (famille)', (replace(char(current date), '-', '') concat replace(char(current time), '.', '') concat user) ); 
insert into SCHEMA.FWCOUP (pcosid,plaide,pcouid,pcolut, pspy) values ( 64008016, 'D', '', 'Franchise obere Einkommensklasse (Familie)', (replace(char(current date), '-', '') concat replace(char(current time), '.', '') concat user) ); 
insert into SCHEMA.FWCOSP (pcosid,pptygr,pconcs,pptycn,pptycl,pptysa,pcosli,pcosdf,pcosdm,pcosdp,pcoian,pcoide,pcodfi,pcoitc,pcoise, pspy) values ( 64008017, 'PCTYPVMET', 18 ,1,0,0, 'FRANCHISE_REVENUS_PRIVILEGIERS_CELIBATAIRES', 2,1,2,2,2, 2 , 63000008 ,0, (replace(char(current date), '-', '') concat replace(char(current time), '.', '') concat user) ); 
insert into SCHEMA.FWCOUP (pcosid,plaide,pcouid,pcolut, pspy) values ( 64008017, 'F', '', 'Franchise revenus privilégiés (personnes seules)', (replace(char(current date), '-', '') concat replace(char(current time), '.', '') concat user) ); 
insert into SCHEMA.FWCOUP (pcosid,plaide,pcouid,pcolut, pspy) values ( 64008017, 'D', '', 'Franchise obere Einkommensklasse (Alleinstehende)', (replace(char(current date), '-', '') concat replace(char(current time), '.', '') concat user) ); 
insert into SCHEMA.FWCOSP (pcosid,pptygr,pconcs,pptycn,pptycl,pptysa,pcosli,pcosdf,pcosdm,pcosdp,pcoian,pcoide,pcodfi,pcoitc,pcoise, pspy) values ( 64008018, 'PCTYPVMET', 19 ,1,0,0, 'MONTANT_MAXIMUM_PC_HOME', 2,1,2,2,2, 2 , 63000008 ,0, (replace(char(current date), '-', '') concat replace(char(current time), '.', '') concat user) ); 
insert into SCHEMA.FWCOUP (pcosid,plaide,pcouid,pcolut, pspy) values ( 64008018, 'F', '', 'Montant maximum PC par année (home)', (replace(char(current date), '-', '') concat replace(char(current time), '.', '') concat user) ); 
insert into SCHEMA.FWCOUP (pcosid,plaide,pcouid,pcolut, pspy) values ( 64008018, 'D', '', 'EL-Maximalbetrag pro Jahr (Heim)', (replace(char(current date), '-', '') concat replace(char(current time), '.', '') concat user) ); 
insert into SCHEMA.FWCOSP (pcosid,pptygr,pconcs,pptycn,pptycl,pptysa,pcosli,pcosdf,pcosdm,pcosdp,pcoian,pcoide,pcodfi,pcoitc,pcoise, pspy) values ( 64008019, 'PCTYPVMET', 20 ,1,0,0, 'MONTANT_MAXIMUM_PC_MAISON', 2,1,2,2,2, 2 , 63000008 ,0, (replace(char(current date), '-', '') concat replace(char(current time), '.', '') concat user) ); 
insert into SCHEMA.FWCOUP (pcosid,plaide,pcouid,pcolut, pspy) values ( 64008019, 'F', '', 'Montant maximum PC par année (maison)', (replace(char(current date), '-', '') concat replace(char(current time), '.', '') concat user) ); 
insert into SCHEMA.FWCOUP (pcosid,plaide,pcouid,pcolut, pspy) values ( 64008019, 'D', '', 'EL-Maximalbetrag pro Jahr (Daheim)', (replace(char(current date), '-', '') concat replace(char(current time), '.', '') concat user) ); 
insert into SCHEMA.FWCOSP (pcosid,pptygr,pconcs,pptycn,pptycl,pptysa,pcosli,pcosdf,pcosdm,pcosdp,pcoian,pcoide,pcodfi,pcoitc,pcoise, pspy) values ( 64008020, 'PCTYPVMET', 21 ,1,0,0, 'MONTANT_MINIMAL_PC', 2,1,2,2,2, 2 , 63000008 ,0, (replace(char(current date), '-', '') concat replace(char(current time), '.', '') concat user) ); 
insert into SCHEMA.FWCOUP (pcosid,plaide,pcouid,pcolut, pspy) values ( 64008020, 'F', '', 'Montant minimal d''une PC', (replace(char(current date), '-', '') concat replace(char(current time), '.', '') concat user) ); 
insert into SCHEMA.FWCOUP (pcosid,plaide,pcouid,pcolut, pspy) values ( 64008020, 'D', '', 'Minimalbetrag einer EL', (replace(char(current date), '-', '') concat replace(char(current time), '.', '') concat user) ); 
insert into SCHEMA.FWCOSP (pcosid,pptygr,pconcs,pptycn,pptycl,pptysa,pcosli,pcosdf,pcosdm,pcosdp,pcoian,pcoide,pcodfi,pcoitc,pcoise, pspy) values ( 64008021, 'PCTYPVMET', 22 ,1,0,0, 'FRACTION_REVENUS_PRIVILEGIES', 2,1,2,2,2, 2 , 63000008 ,0, (replace(char(current date), '-', '') concat replace(char(current time), '.', '') concat user) ); 
insert into SCHEMA.FWCOUP (pcosid,plaide,pcouid,pcolut, pspy) values ( 64008021, 'F', '', 'Fraction revenus privilégiés', (replace(char(current date), '-', '') concat replace(char(current time), '.', '') concat user) ); 
insert into SCHEMA.FWCOUP (pcosid,plaide,pcouid,pcolut, pspy) values ( 64008021, 'D', '', 'Bruchteil obere Einkommensklasse', (replace(char(current date), '-', '') concat replace(char(current time), '.', '') concat user) ); 
insert into SCHEMA.FWCOSP (pcosid,pptygr,pconcs,pptycn,pptycl,pptysa,pcosli,pcosdf,pcosdm,pcosdp,pcoian,pcoide,pcodfi,pcoitc,pcoise, pspy) values ( 64008022, 'PCTYPVMET', 23 ,1,0,0, 'FRACTIONS_FORTUNE_NON_VIEILLESSE', 2,1,2,2,2, 2 , 63000008 ,0, (replace(char(current date), '-', '') concat replace(char(current time), '.', '') concat user) ); 
insert into SCHEMA.FWCOUP (pcosid,plaide,pcouid,pcolut, pspy) values ( 64008022, 'F', '', 'Fraction sur la fortune (calcul sur base rente non-vieillesse)', (replace(char(current date), '-', '') concat replace(char(current time), '.', '') concat user) ); 
insert into SCHEMA.FWCOUP (pcosid,plaide,pcouid,pcolut, pspy) values ( 64008022, 'D', '', 'Bruchteil auf Vermögen (Berechnung auf Basis Nichtaltersrente)', (replace(char(current date), '-', '') concat replace(char(current time), '.', '') concat user) ); 
insert into SCHEMA.FWCOSP (pcosid,pptygr,pconcs,pptycn,pptycl,pptysa,pcosli,pcosdf,pcosdm,pcosdp,pcoian,pcoide,pcodfi,pcoitc,pcoise, pspy) values ( 64008023, 'PCTYPVMET', 24 ,1,0,0, 'FRACTIONS_FORTUNE_VIEILLESSE_ENFANT', 2,1,2,2,2, 2 , 63000008 ,0, (replace(char(current date), '-', '') concat replace(char(current time), '.', '') concat user) ); 
insert into SCHEMA.FWCOUP (pcosid,plaide,pcouid,pcolut, pspy) values ( 64008023, 'F', '', 'Fraction sur la fortune (calcul sur base rente vieillesse + enfant)', (replace(char(current date), '-', '') concat replace(char(current time), '.', '') concat user) ); 
insert into SCHEMA.FWCOUP (pcosid,plaide,pcouid,pcolut, pspy) values ( 64008023, 'D', '', 'Bruchteil auf Vermögen (Berechnung auf Basis Altersrente + Kind)', (replace(char(current date), '-', '') concat replace(char(current time), '.', '') concat user) ); 
insert into SCHEMA.FWCOSP (pcosid,pptygr,pconcs,pptycn,pptycl,pptysa,pcosli,pcosdf,pcosdm,pcosdp,pcoian,pcoide,pcodfi,pcoitc,pcoise, pspy) values ( 64008024, 'PCTYPVMET', 25 ,1,0,0, 'FRACTIONS_FORTUNE_VIEILLESSE_HOME', 2,1,2,2,2, 2 , 63000008 ,0, (replace(char(current date), '-', '') concat replace(char(current time), '.', '') concat user) ); 
insert into SCHEMA.FWCOUP (pcosid,plaide,pcouid,pcolut, pspy) values ( 64008024, 'F', '', 'Fraction sur la fortune (calcul sur base rente vieillesse + home)', (replace(char(current date), '-', '') concat replace(char(current time), '.', '') concat user) ); 
insert into SCHEMA.FWCOUP (pcosid,plaide,pcouid,pcolut, pspy) values ( 64008024, 'D', '', 'Bruchteil auf Vermögen (Berechnung auf Basis Altersrente + Heim)', (replace(char(current date), '-', '') concat replace(char(current time), '.', '') concat user) ); 
insert into SCHEMA.FWCOSP (pcosid,pptygr,pconcs,pptycn,pptycl,pptysa,pcosli,pcosdf,pcosdm,pcosdp,pcoian,pcoide,pcodfi,pcoitc,pcoise, pspy) values ( 64008025, 'PCTYPVMET', 26 ,1,0,0, 'FRACTIONS_FORTUNE_VIEILLESSE_MAISON', 2,1,2,2,2, 2 , 63000008 ,0, (replace(char(current date), '-', '') concat replace(char(current time), '.', '') concat user) ); 
insert into SCHEMA.FWCOUP (pcosid,plaide,pcouid,pcolut, pspy) values ( 64008025, 'F', '', 'Fraction sur la fortune (calcul sur base rente vieillesse + maison)', (replace(char(current date), '-', '') concat replace(char(current time), '.', '') concat user) ); 
insert into SCHEMA.FWCOUP (pcosid,plaide,pcouid,pcolut, pspy) values ( 64008025, 'D', '', 'Bruchteil auf Vermögen (Berechnung auf Basis Altersrente + Daheim)', (replace(char(current date), '-', '') concat replace(char(current time), '.', '') concat user) ); 
insert into SCHEMA.FWCOSP (pcosid,pptygr,pconcs,pptycn,pptycl,pptysa,pcosli,pcosdf,pcosdm,pcosdp,pcoian,pcoide,pcodfi,pcoitc,pcoise, pspy) values ( 64008029, 'PCTYPVMET', 27 ,1,0,0, 'REGIME_ALIMENTAIRE', 2,1,2,2,2, 2 , 63000008 ,0, (replace(char(current date), '-', '') concat replace(char(current time), '.', '') concat user) ); 
insert into SCHEMA.FWCOUP (pcosid,plaide,pcouid,pcolut, pspy) values ( 64008029, 'F', '', 'Régime alimentaire', (replace(char(current date), '-', '') concat replace(char(current time), '.', '') concat user) ); 
insert into SCHEMA.FWCOUP (pcosid,plaide,pcouid,pcolut, pspy) values ( 64008029, 'D', '', 'Diät', (replace(char(current date), '-', '') concat replace(char(current time), '.', '') concat user) ); 
insert into SCHEMA.FWCOSP (pcosid,pptygr,pconcs,pptycn,pptycl,pptysa,pcosli,pcosdf,pcosdm,pcosdp,pcoian,pcoide,pcodfi,pcoitc,pcoise, pspy) values ( 64008030, 'PCTYPVMET', 28 ,1,0,0, 'TAUX_OFAS', 2,1,2,2,2, 2 , 63000008 ,0, (replace(char(current date), '-', '') concat replace(char(current time), '.', '') concat user) ); 
insert into SCHEMA.FWCOUP (pcosid,plaide,pcouid,pcolut, pspy) values ( 64008030, 'F', '', 'Taux OFAS intérêt fortune', (replace(char(current date), '-', '') concat replace(char(current time), '.', '') concat user) ); 
insert into SCHEMA.FWCOUP (pcosid,plaide,pcouid,pcolut, pspy) values ( 64008030, 'D', '', 'BSV-Grad Zinsen Vermögen', (replace(char(current date), '-', '') concat replace(char(current time), '.', '') concat user) ); 
insert into SCHEMA.FWCOSP (pcosid,pptygr,pconcs,pptycn,pptycl,pptysa,pcosli,pcosdf,pcosdm,pcosdp,pcoian,pcoide,pcodfi,pcoitc,pcoise, pspy) values ( 64008031, 'PCTYPVMET', 29 ,1,0,0, 'LOYER_MAXIMUM_PERSONNES_SEULES', 2,1,2,2,2, 2 , 63000008 ,0, (replace(char(current date), '-', '') concat replace(char(current time), '.', '') concat user) ); 
insert into SCHEMA.FWCOUP (pcosid,plaide,pcouid,pcolut, pspy) values ( 64008031, 'F', '', 'Loyer maximum pris en compte (personnes seules)', (replace(char(current date), '-', '') concat replace(char(current time), '.', '') concat user) ); 
insert into SCHEMA.FWCOUP (pcosid,plaide,pcouid,pcolut, pspy) values ( 64008031, 'D', '', 'Maximal berücksichtigte Miete (Alleinstehende)', (replace(char(current date), '-', '') concat replace(char(current time), '.', '') concat user) ); 
insert into SCHEMA.FWCOSP (pcosid,pptygr,pconcs,pptycn,pptycl,pptysa,pcosli,pcosdf,pcosdm,pcosdp,pcoian,pcoide,pcodfi,pcoitc,pcoise, pspy) values ( 64008032, 'PCTYPVMET', 30 ,1,0,0, 'LOYER_MAXIMUM_AUTRES', 2,1,2,2,2, 2 , 63000008 ,0, (replace(char(current date), '-', '') concat replace(char(current time), '.', '') concat user) ); 
insert into SCHEMA.FWCOUP (pcosid,plaide,pcouid,pcolut, pspy) values ( 64008032, 'F', '', 'Loyer maximum pris en compte (autres)', (replace(char(current date), '-', '') concat replace(char(current time), '.', '') concat user) ); 
insert into SCHEMA.FWCOUP (pcosid,plaide,pcouid,pcolut, pspy) values ( 64008032, 'D', '', 'Maximal berücksichtigte Miete (Andere)', (replace(char(current date), '-', '') concat replace(char(current time), '.', '') concat user) ); 
insert into SCHEMA.FWCOSP (pcosid,pptygr,pconcs,pptycn,pptycl,pptysa,pcosli,pcosdf,pcosdm,pcosdp,pcoian,pcoide,pcodfi,pcoitc,pcoise, pspy) values ( 64008033, 'PCTYPVMET', 31 ,1,0,0, 'MONTANT_MINIMAL_PC', 2,1,2,2,2, 2 , 63000008 ,0, (replace(char(current date), '-', '') concat replace(char(current time), '.', '') concat user) ); 
insert into SCHEMA.FWCOUP (pcosid,plaide,pcouid,pcolut, pspy) values ( 64008033, 'F', '', 'Montant minimal d''une PC', (replace(char(current date), '-', '') concat replace(char(current time), '.', '') concat user) ); 
insert into SCHEMA.FWCOUP (pcosid,plaide,pcouid,pcolut, pspy) values ( 64008033, 'D', '', 'Minimalbetrag einer EL', (replace(char(current date), '-', '') concat replace(char(current time), '.', '') concat user) ); 
insert into SCHEMA.FWCOSP (pcosid,pptygr,pconcs,pptycn,pptycl,pptysa,pcosli,pcosdf,pcosdm,pcosdp,pcoian,pcoide,pcodfi,pcoitc,pcoise, pspy) values ( 64008034, 'PCTYPVMET', 32 ,1,0,0, 'AMORTISSEMENT_ANNUEL', 2,1,2,2,2, 2 , 63000008 ,0, (replace(char(current date), '-', '') concat replace(char(current time), '.', '') concat user) ); 
insert into SCHEMA.FWCOUP (pcosid,plaide,pcouid,pcolut, pspy) values ( 64008034, 'F', '', 'Amortissement annuel', (replace(char(current date), '-', '') concat replace(char(current time), '.', '') concat user) ); 
insert into SCHEMA.FWCOUP (pcosid,plaide,pcouid,pcolut, pspy) values ( 64008034, 'D', '', 'Jährliche Abschreibung', (replace(char(current date), '-', '') concat replace(char(current time), '.', '') concat user) ); 
insert into SCHEMA.FWCOSP (pcosid,pptygr,pconcs,pptycn,pptycl,pptysa,pcosli,pcosdf,pcosdm,pcosdp,pcoian,pcoide,pcodfi,pcoitc,pcoise, pspy) values ( 64008035, 'PCTYPVMET', 33 ,1,0,0, 'TAUX_PENSION_NON_RECONNUE', 2,1,2,2,2, 2 , 63000008 ,0, (replace(char(current date), '-', '') concat replace(char(current time), '.', '') concat user) ); 
insert into SCHEMA.FWCOUP (pcosid,plaide,pcouid,pcolut, pspy) values ( 64008035, 'F', '', 'Taux pension non reconnue', (replace(char(current date), '-', '') concat replace(char(current time), '.', '') concat user) ); 
insert into SCHEMA.FWCOUP (pcosid,plaide,pcouid,pcolut, pspy) values ( 64008035, 'D', '', 'Grad nicht anerkannte Pension', (replace(char(current date), '-', '') concat replace(char(current time), '.', '') concat user) ); 
insert into SCHEMA.FWCOSP (pcosid,pptygr,pconcs,pptycn,pptycl,pptysa,pcosli,pcosdf,pcosdm,pcosdp,pcoian,pcoide,pcodfi,pcoitc,pcoise, pspy) values ( 64008036, 'PCTYPVMET', 34 ,1,0,0, 'PLAFOND_DEPENSE_FAUTEUIL_ROULANT', 2,1,2,2,2, 2 , 63000008 ,0, (replace(char(current date), '-', '') concat replace(char(current time), '.', '') concat user) ); 
insert into SCHEMA.FWCOUP (pcosid,plaide,pcouid,pcolut, pspy) values ( 64008036, 'F', '', 'Plafond de dépense fauteuil roulant', (replace(char(current date), '-', '') concat replace(char(current time), '.', '') concat user) ); 
insert into SCHEMA.FWCOUP (pcosid,plaide,pcouid,pcolut, pspy) values ( 64008036, 'D', '', 'Ausgabenobergrenze Rollstuhl', (replace(char(current date), '-', '') concat replace(char(current time), '.', '') concat user) ); 
insert into SCHEMA.FWCOSP (pcosid,pptygr,pconcs,pptycn,pptycl,pptysa,pcosli,pcosdf,pcosdm,pcosdp,pcoian,pcoide,pcodfi,pcoitc,pcoise, pspy) values ( 64008037, 'PCTYPVMET', 35 ,1,0,0, 'FORFAIT_REVENU_NATURE_TENUE_MENAGE', 2,1,2,2,2, 2 , 63000008 ,0, (replace(char(current date), '-', '') concat replace(char(current time), '.', '') concat user) ); 
insert into SCHEMA.FWCOUP (pcosid,plaide,pcouid,pcolut, pspy) values ( 64008037, 'F', '', 'Montant annuel forfaitaire de revenus en nature pour tenue de ménage', (replace(char(current date), '-', '') concat replace(char(current time), '.', '') concat user) ); 
insert into SCHEMA.FWCOUP (pcosid,plaide,pcouid,pcolut, pspy) values ( 64008037, 'D', '', 'Jahrespauschalbetrag für Naturalbezüge für Haushaltsführung', (replace(char(current date), '-', '') concat replace(char(current time), '.', '') concat user) ); 
insert into SCHEMA.FWCOSP (pcosid,pptygr,pconcs,pptycn,pptycl,pptysa,pcosli,pcosdf,pcosdm,pcosdp,pcoian,pcoide,pcodfi,pcoitc,pcoise, pspy) values ( 64008038, 'PCTYPVMET', 36 ,1,0,0, 'MONTANT_ALLOCATIONS_NOEL', 2,1,2,2,2, 2 , 63000008 ,0, (replace(char(current date), '-', '') concat replace(char(current time), '.', '') concat user) ); 
insert into SCHEMA.FWCOUP (pcosid,plaide,pcouid,pcolut, pspy) values ( 64008038, 'F', '', 'Montant de l''allocations de Noël', (replace(char(current date), '-', '') concat replace(char(current time), '.', '') concat user) ); 
insert into SCHEMA.FWCOUP (pcosid,plaide,pcouid,pcolut, pspy) values ( 64008038, 'D', '', 'Betrag der Weihnachtszuschläge', (replace(char(current date), '-', '') concat replace(char(current time), '.', '') concat user) ); 
insert into SCHEMA.FWCOSP (pcosid,pptygr,pconcs,pptycn,pptycl,pptysa,pcosli,pcosdf,pcosdm,pcosdp,pcoian,pcoide,pcodfi,pcoitc,pcoise, pspy) values ( 64008039, 'PCTYPVMET', 37 ,1,0,0, 'DEDUCTION_FORFAITAIRE_IMMOBILIER_ASSURE_API_HOME', 2,1,2,2,2, 2 , 63000008 ,0, (replace(char(current date), '-', '') concat replace(char(current time), '.', '') concat user) ); 
insert into SCHEMA.FWCOUP (pcosid,plaide,pcouid,pcolut, pspy) values ( 64008039, 'F', '', 'Déduction sur propriété immobilière habitée par assuré/famille avec Home/API', (replace(char(current date), '-', '') concat replace(char(current time), '.', '') concat user) ); 
insert into SCHEMA.FWCOUP (pcosid,plaide,pcouid,pcolut, pspy) values ( 64008039, 'D', '', 'Abzug auf durch versicherte Person/Familie bewohntes Immobilieneigentum mit Heim/HE', (replace(char(current date), '-', '') concat replace(char(current time), '.', '') concat user) ); 
insert into SCHEMA.FWCOSP (pcosid,pptygr,pconcs,pptycn,pptycl,pptysa,pcosli,pcosdf,pcosdm,pcosdp,pcoian,pcoide,pcodfi,pcoitc,pcoise, pspy) values ( 64008040, 'PCTYPVMET', 38 ,1,0,0, 'MENSUALISATION_IJ_CHOMAGE_NBRE_JOURS', 2,1,2,2,2, 2 , 63000008 ,0, (replace(char(current date), '-', '') concat replace(char(current time), '.', '') concat user) ); 
insert into SCHEMA.FWCOUP (pcosid,plaide,pcouid,pcolut, pspy) values ( 64008040, 'F', '', 'Nbre jours mensuel pour la journalisation IJ Chômage', (replace(char(current date), '-', '') concat replace(char(current time), '.', '') concat user) ); 
insert into SCHEMA.FWCOUP (pcosid,plaide,pcouid,pcolut, pspy) values ( 64008040, 'D', '', 'Anzahl monatliche Tage für Journalisierung TG Arbeitslose', (replace(char(current date), '-', '') concat replace(char(current time), '.', '') concat user) ); 
insert into SCHEMA.FWCOSP (pcosid,pptygr,pconcs,pptycn,pptycl,pptysa,pcosli,pcosdf,pcosdm,pcosdp,pcoian,pcoide,pcodfi,pcoitc,pcoise, pspy) values ( 64008041, 'PCTYPVMET', 39 ,1,0,0, 'TAUX_SOUS_LOCATIONS_LOYER_FRAIS_ACQUISITION', 2,1,2,2,2, 2 , 63000008 ,0, (replace(char(current date), '-', '') concat replace(char(current time), '.', '') concat user) ); 
insert into SCHEMA.FWCOUP (pcosid,plaide,pcouid,pcolut, pspy) values ( 64008041, 'F', '', 'Taux imputation loyer pour frais d''acquisition sous-locations', (replace(char(current date), '-', '') concat replace(char(current time), '.', '') concat user) ); 
insert into SCHEMA.FWCOUP (pcosid,plaide,pcouid,pcolut, pspy) values ( 64008041, 'D', '', 'Anrechnungsgrad Mietzins für Abschlussaufwendungen Untermieten', (replace(char(current date), '-', '') concat replace(char(current time), '.', '') concat user) ); 
insert into SCHEMA.FWCOSP (pcosid,pptygr,pconcs,pptycn,pptycl,pptysa,pcosli,pcosdf,pcosdm,pcosdp,pcoian,pcoide,pcodfi,pcoitc,pcoise, pspy) values ( 64008042, 'PCTYPVMET', 40 ,1,0,0, 'TAUX_IMPUTATION_REVENUS_SOUS_LOCATION_FRAIS', 2,1,2,2,2, 2 , 63000008 ,0, (replace(char(current date), '-', '') concat replace(char(current time), '.', '') concat user) ); 
insert into SCHEMA.FWCOUP (pcosid,plaide,pcouid,pcolut, pspy) values ( 64008042, 'F', '', 'Taux imputation revenu des sous locations pour les frais d''acquisition', (replace(char(current date), '-', '') concat replace(char(current time), '.', '') concat user) ); 
insert into SCHEMA.FWCOUP (pcosid,plaide,pcouid,pcolut, pspy) values ( 64008042, 'D', '', 'Anrechnungsgrad Einkommen aus Untermieten für Abschlussaufwendungen', (replace(char(current date), '-', '') concat replace(char(current time), '.', '') concat user) ); 
insert into SCHEMA.FWCOSP (pcosid,pptygr,pconcs,pptycn,pptycl,pptysa,pcosli,pcosdf,pcosdm,pcosdp,pcoian,pcoide,pcodfi,pcoitc,pcoise, pspy) values ( 64008043, 'PCTYPVMET', 41 ,1,0,0, 'Montant ESE handicap physique', 2,1,2,2,2, 2 , 63000008 ,0, (replace(char(current date), '-', '') concat replace(char(current time), '.', '') concat user) ); 
insert into SCHEMA.FWCOUP (pcosid,plaide,pcouid,pcolut, pspy) values ( 64008043, 'F', '', 'Montant ESE handicap physique', (replace(char(current date), '-', '') concat replace(char(current time), '.', '') concat user) ); 
insert into SCHEMA.FWCOUP (pcosid,plaide,pcouid,pcolut, pspy) values ( 64008043, 'D', '', 'Betrag ESE körperliche Behinderung', (replace(char(current date), '-', '') concat replace(char(current time), '.', '') concat user) ); 
insert into SCHEMA.FWCOSP (pcosid,pptygr,pconcs,pptycn,pptycl,pptysa,pcosli,pcosdf,pcosdm,pcosdp,pcoian,pcoide,pcodfi,pcoitc,pcoise, pspy) values ( 64008044, 'PCTYPVMET', 42 ,1,0,0, 'Montant EMS non médicalisé psychiatrique', 2,1,2,2,2, 2 , 63000008 ,0, (replace(char(current date), '-', '') concat replace(char(current time), '.', '') concat user) ); 
insert into SCHEMA.FWCOUP (pcosid,plaide,pcouid,pcolut, pspy) values ( 64008044, 'F', '', 'Montant EMS non médicalisé psychiatrique', (replace(char(current date), '-', '') concat replace(char(current time), '.', '') concat user) ); 
insert into SCHEMA.FWCOUP (pcosid,plaide,pcouid,pcolut, pspy) values ( 64008044, 'D', '', 'Betrag Altersheim mit psychiatrischer Betreuung', (replace(char(current date), '-', '') concat replace(char(current time), '.', '') concat user) ); 
insert into SCHEMA.FWCOSP (pcosid,pptygr,pconcs,pptycn,pptycl,pptysa,pcosli,pcosdf,pcosdm,pcosdp,pcoian,pcoide,pcodfi,pcoitc,pcoise, pspy) values ( 64008045, 'PCTYPVMET', 43 ,1,0,0, 'Montant EMS non médicalisé âge avancées', 2,1,2,2,2, 2 , 63000008 ,0, (replace(char(current date), '-', '') concat replace(char(current time), '.', '') concat user) ); 
insert into SCHEMA.FWCOUP (pcosid,plaide,pcouid,pcolut, pspy) values ( 64008045, 'F', '', 'Montant EMS non médicalisé âge avancées', (replace(char(current date), '-', '') concat replace(char(current time), '.', '') concat user) ); 
insert into SCHEMA.FWCOUP (pcosid,plaide,pcouid,pcolut, pspy) values ( 64008045, 'D', '', 'Betrag Altersheim mit medizinischer Betreuung in fortgeschrittenem Alter', (replace(char(current date), '-', '') concat replace(char(current time), '.', '') concat user) ); 
insert into SCHEMA.FWCOSP (pcosid,pptygr,pconcs,pptycn,pptycl,pptysa,pcosli,pcosdf,pcosdm,pcosdp,pcoian,pcoide,pcodfi,pcoitc,pcoise, pspy) values ( 64008046, 'PCTYPVMET', 44 ,1,0,0, 'Argent de poche home AVS par année', 2,1,2,2,2, 2 , 63000008 ,0, (replace(char(current date), '-', '') concat replace(char(current time), '.', '') concat user) ); 
insert into SCHEMA.FWCOUP (pcosid,plaide,pcouid,pcolut, pspy) values ( 64008046, 'F', '', 'Argent de poche home AVS par année', (replace(char(current date), '-', '') concat replace(char(current time), '.', '') concat user) ); 
insert into SCHEMA.FWCOUP (pcosid,plaide,pcouid,pcolut, pspy) values ( 64008046, 'D', '', 'Taschengeld AHV Heim pro Jahr', (replace(char(current date), '-', '') concat replace(char(current time), '.', '') concat user) ); 
insert into SCHEMA.FWCOSP (pcosid,pptygr,pconcs,pptycn,pptycl,pptysa,pcosli,pcosdf,pcosdm,pcosdp,pcoian,pcoide,pcodfi,pcoitc,pcoise, pspy) values ( 64008047, 'PCTYPVMET', 45 ,1,0,0, 'Argent de poche home AI par année', 2,1,2,2,2, 2 , 63000008 ,0, (replace(char(current date), '-', '') concat replace(char(current time), '.', '') concat user) ); 
insert into SCHEMA.FWCOUP (pcosid,plaide,pcouid,pcolut, pspy) values ( 64008047, 'F', '', 'Argent de poche home AI par année', (replace(char(current date), '-', '') concat replace(char(current time), '.', '') concat user) ); 
insert into SCHEMA.FWCOUP (pcosid,plaide,pcouid,pcolut, pspy) values ( 64008047, 'D', '', 'Taschengeld IV Heim pro Jahr', (replace(char(current date), '-', '') concat replace(char(current time), '.', '') concat user) ); 
insert into SCHEMA.FWCOSP (pcosid,pptygr,pconcs,pptycn,pptycl,pptysa,pcosli,pcosdf,pcosdm,pcosdp,pcoian,pcoide,pcodfi,pcoitc,pcoise, pspy) values ( 64008048, 'PCTYPVMET', 48 ,1,0,0, 'PLAFOND_ANNUEL_HOME', 2,1,2,2,2, 2 , 63000008 ,0, (replace(char(current date), '-', '') concat replace(char(current time), '.', '') concat user) ); 
insert into SCHEMA.FWCOUP (pcosid,plaide,pcouid,pcolut, pspy) values ( 64008048, 'F', '', 'Plafond annuel home', (replace(char(current date), '-', '') concat replace(char(current time), '.', '') concat user) ); 
insert into SCHEMA.FWCOUP (pcosid,plaide,pcouid,pcolut, pspy) values ( 64008048, 'D', '', 'Jährliche Obergrenze Heim ', (replace(char(current date), '-', '') concat replace(char(current time), '.', '') concat user) ); 
insert into SCHEMA.FWCOSP (pcosid,pptygr,pconcs,pptycn,pptycl,pptysa,pcosli,pcosdf,pcosdm,pcosdp,pcoian,pcoide,pcodfi,pcoitc,pcoise, pspy) values ( 64008049, 'PCTYPVMET', 46 ,1,0,0, 'FRACTIONS_FORTUNE_NON_VIEILLESSE_HOME', 2,1,2,2,2, 2 , 63000008 ,0, (replace(char(current date), '-', '') concat replace(char(current time), '.', '') concat user) ); 
insert into SCHEMA.FWCOUP (pcosid,plaide,pcouid,pcolut, pspy) values ( 64008049, 'F', '', 'Fraction sur la fortune (calcul sur base rente non-vieillesse + home)', (replace(char(current date), '-', '') concat replace(char(current time), '.', '') concat user) ); 
insert into SCHEMA.FWCOUP (pcosid,plaide,pcouid,pcolut, pspy) values ( 64008049, 'D', '', 'Bruchteil auf Vermögen (Berechnung auf Basis Nichtaltersrente + Heim)', (replace(char(current date), '-', '') concat replace(char(current time), '.', '') concat user) ); 
insert into SCHEMA.FWCOSP (pcosid,pptygr,pconcs,pptycn,pptycl,pptysa,pcosli,pcosdf,pcosdm,pcosdp,pcoian,pcoide,pcodfi,pcoitc,pcoise, pspy) values ( 64008050, 'PCTYPVMET', 47 ,1,0,0, 'FRACTIONS_FORTUNE_NON_VIEILLESSE_MAISON', 2,1,2,2,2, 2 , 63000008 ,0, (replace(char(current date), '-', '') concat replace(char(current time), '.', '') concat user) ); 
insert into SCHEMA.FWCOUP (pcosid,plaide,pcouid,pcolut, pspy) values ( 64008050, 'F', '', 'Fraction sur la fortune (calcul sur base rente non-vieillesse + maison)', (replace(char(current date), '-', '') concat replace(char(current time), '.', '') concat user) ); 
insert into SCHEMA.FWCOUP (pcosid,plaide,pcouid,pcolut, pspy) values ( 64008050, 'D', '', 'Bruchteil auf Vermögen (Berechnung auf Basis Nichtaltersrente + Daheim)', (replace(char(current date), '-', '') concat replace(char(current time), '.', '') concat user) ); 
insert into SCHEMA.FWCOSP (pcosid,pptygr,pconcs,pptycn,pptycl,pptysa,pcosli,pcosdf,pcosdm,pcosdp,pcoian,pcoide,pcodfi,pcoitc,pcoise, pspy) values ( 64008051, 'PCTYPVMET', 15 ,1,0,0, 'FRAIS_ENTRETIEN_IMMEUBLE_MOINS_10_ANS', 2,1,2,2,2, 2 , 63000008 ,0, (replace(char(current date), '-', '') concat replace(char(current time), '.', '') concat user) ); 
insert into SCHEMA.FWCOUP (pcosid,plaide,pcouid,pcolut, pspy) values ( 64008051, 'F', '', 'Frais entretien immeubles de moins de 10 ans', (replace(char(current date), '-', '') concat replace(char(current time), '.', '') concat user) ); 
insert into SCHEMA.FWCOUP (pcosid,plaide,pcouid,pcolut, pspy) values ( 64008051, 'D', '', 'Gebäudewartungskosten von weniger als 10 Jahren', (replace(char(current date), '-', '') concat replace(char(current time), '.', '') concat user) );

---------

insert into SCHEMA.jadeprop (propname, propval) values ('pegasus.canton.loi.pc','');
insert into SCHEMA.jadeprop (propname, propval) values ('pegasus.bien.immobilier.moins.10.ans.actif','false');
 

-- Nouveau type d'échéances
insert into SCHEMA.FWCOSP   (pcosid,pptygr,pconcs,pptycn,pptycl,pptysa,pcosli,pcosdf,pcosdm,pcosdp,pcoian,pcoide,pcodfi,pcoitc,pcoise, pspy)   values (   52205014,  'PRTYPEEC',  14    ,1,0,0,  'BIEN_IMMOBILIER_HABITATION_PRINCIPALE',  2,1,2,2,2,  2  ,  51200005  ,0, 'spy');  
insert into SCHEMA.FWCOUP   (pcosid,plaide,pcouid,pcolut, pspy)  values (     52205014,    'F',    'HAB_PRIN',    'Bien immobiler, habitation principale',    'spy'  );  
insert into SCHEMA.FWCOUP   (pcosid,plaide,pcouid,pcolut, pspy)  values (     52205014,    'D',    'HAB_PRIN',    'Immobilien, Hauptwohnung',    'spy'  );  
 
 
-- Simplebienimmobilierservanthabitationprincipale.isConstructionMoinsDixAns
ALTER TABLE SCHEMA.PCBISHP ADD CIBHMA NUMERIC(1,0) DEFAULT 0 NOT NULL;
reorg table SCHEMA.PCBISHP;
 
-- plafonnement des homes, simpletaxes journaliereshome
alter table SCHEMA.PCTAJOHO add column CSBPLA  NUMERIC(1,0) DEFAULT 0 NOT NULL;
reorg table SCHEMA.PCTAJOHO;
 
-- mise à jour du libellé du CS car le taux est variable
update SCHEMA.FWCOUP set PCOLUT = 'Frais entretien immeubles({fraction} rev. bruts)' where PCOSID = 64039086 and PLAIDE = 'F';
update SCHEMA.FWCOUP set PCOLUT = 'Kosten Gebäudeunterhalt ({fraction} Bruttoeinkommen)' where PCOSID = 64039086 and PLAIDE = 'D';
 

update SCHEMA.FWCOUP set PCOLUT = 'Taxe journalière du home (CHF {montant})' where PCOSID = 64039073 and PLAIDE = 'F';
update SCHEMA.FWCOUP set PCOLUT = 'Tagestaxe des Heims (CHF {montant})' where PCOSID = 64039073 and PLAIDE = 'D';

-- avenant S160429 
alter table SCHEMA.PCTAJOHO add column CSMFLD NUMERIC(15,2) DEFAULT 0;
COMMENT ON COLUMN SCHEMA.PCTAJOHO.CSMFLD is 'MONTANT_FRAIS_LONGUE_DUREE';
reorg table SCHEMA.PCTAJOHO;

insert into SCHEMA.FWCOSP (pcosid,pptygr,pconcs,pptycn,pptycl,pptysa,pcosli,pcosdf,pcosdm,pcosdp,pcoian,pcoide,pcodfi,pcoitc,pcoise, pspy) values ( 64039150, 'PCKYVPC', 1 ,1,0,0, 'CLE_TOTAL_REVENUS_COMMUN_POUR_MOITIE', 2,1,2,2,2, 2 , 63000039 ,0, (replace(char(current date), '-', '') concat replace(char(current time), '.', '') concat user) ); 
insert into SCHEMA.FWCOUP (pcosid,plaide,pcouid,pcolut, pspy) values ( 64039150, 'F', '', 'Total revenus commun pour moitié', (replace(char(current date), '-', '') concat replace(char(current time), '.', '') concat user) ); 
insert into SCHEMA.FWCOUP (pcosid,plaide,pcouid,pcolut, pspy) values ( 64039150, 'D', '', 'Gemeinsame Einkommensgesamtzahl zur Hälfte', (replace(char(current date), '-', '') concat replace(char(current time), '.', '') concat user) ); 

insert into SCHEMA.FWCOSP (pcosid,pptygr,pconcs,pptycn,pptycl,pptysa,pcosli,pcosdf,pcosdm,pcosdp,pcoian,pcoide,pcodfi,pcoitc,pcoise, pspy) values ( 64039151, 'PCKYVPC', 1 ,1,0,0, 'KEY_FRAIS_LONGUE_DUREE', 2,1,2,2,2, 2 , 63000039 ,0, (replace(char(current date), '-', '') concat replace(char(current time), '.', '') concat user) ); 
insert into SCHEMA.FWCOUP (pcosid,plaide,pcouid,pcolut, pspy) values ( 64039151, 'F', '', 'Frais de longue durée', (replace(char(current date), '-', '') concat replace(char(current time), '.', '') concat user) ); 
insert into SCHEMA.FWCOUP (pcosid,plaide,pcouid,pcolut, pspy) values ( 64039151, 'D', '', 'Langzeitkosten', (replace(char(current date), '-', '') concat replace(char(current time), '.', '') concat user) ); 

-- FIN DU REPORT DES SCRIPTS 1.16.0-CCVS