---------------------------------------------------------------
-----   APG.SQL
---------------------------------------------------------------
-- Nouveau type de demande
INSERT INTO FWCOSP (PCOSID, PPTYGR, PCONCS, PPTYCN, PPTYCL, PPTYSA, PCOSLI, PCOSDF, PCOSDM, PCOSDP, PCOIAN, PCOIDE, PCODFI, PCOITC, PCOISE, PSPY) VALUES (52201010,'PRTYPDEMAN',2,1,0,0,'TYPE_PROCHE_AIDANT',2, 1,2,2,2,2,51200001,0,'20210401120000spy');
INSERT INTO FWCOUP (PCOSID, PLAIDE, PCOUID, PCOLUT, PSPY) VALUES (52201010,'D','PAI','Betreuenden Angehörigen','20210401120000spy');
INSERT INTO FWCOUP (PCOSID, PLAIDE, PCOUID, PCOLUT, PSPY) VALUES (52201010,'F','PAI','Proche aidant','20210401120000spy');

INSERT INTO FWCOSP (PCOSID, PPTYGR, PCONCS, PPTYCN, PPTYCL, PPTYSA, PCOSLI, PCOSDF, PCOSDM, PCOSDP, PCOIAN, PCOIDE, PCODFI, PCOITC, PCOISE, PSPY) VALUES (52012005, 'APTYPEANNO', 1, 1, 0, 0, 'PROCHE_AIDANT', 2, 1, 2, 2, 2, 2, 51000012, 0, '20201201120000spy');
INSERT INTO FWCOUP (PCOSID, PLAIDE, PCOUID, PCOLUT, PSPY) VALUES (52012005, 'D', '          ', '[de]Proche aidant', 'spy                     ');
INSERT INTO FWCOUP (PCOSID, PLAIDE, PCOUID, PCOLUT, PSPY) VALUES (52012005, 'F', '          ', 'Proche aidant', 'spy                     ');

-- type de genre de service
INSERT INTO FWCOSP (PCOSID, PPTYGR, PCONCS, PPTYCN, PPTYCL, PPTYSA, PCOSLI, PCOSDF, PCOSDM, PCOSDP, PCOIAN, PCOIDE, PCODFI, PCOITC, PCOISE, PSPY) VALUES (52001018, 'APGENSERVI', 1, 1, 0, 0, 'Allocation_proche_aidant', 2, 1, 2, 2, 2, 2, 51000001, 0, '20210401120000spy');
INSERT INTO FWCOUP (PCOSID, PLAIDE, PCOUID, PCOLUT, PSPY) VALUES (52001018, 'D', '92', 'Betreuenden Angehörigen', '20210401120000spy');
INSERT INTO FWCOUP (PCOSID, PLAIDE, PCOUID, PCOLUT, PSPY) VALUES (52001018, 'F', '92', 'Proche aidant', '20210401120000spy');

-- Création nouveau genre de prestation
INSERT INTO FWCOSP (PCOSID, PPTYGR, PCONCS, PPTYCN, PPTYCL, PPTYSA, PCOSLI, PCOSDF, PCOSDM, PCOSDP, PCOIAN, PCOIDE, PCODFI, PCOITC, PCOISE, PSPY) VALUES (52015010, 'APGENRPRES', 3, 1, 0, 0, 'PROCHE_AIDANT', 2, 1, 2, 2, 2, 2, 51000015, 0, '20210401120000spy');
INSERT INTO FWCOUP (PCOSID, PLAIDE, PCOUID, PCOLUT, PSPY) VALUES (52015010, 'F', 'PAI', 'PROCHE_AIDANT', '20210401120000spy');
INSERT INTO FWCOUP (PCOSID, PLAIDE, PCOUID, PCOLUT, PSPY) VALUES (52015010, 'D', 'PAI', '[de]PROCHE_AIDANT', '20210401120000spy');

INSERT INTO FWCOSP (PCOSID, PPTYGR, PCONCS, PPTYCN, PPTYCL, PPTYSA, PCOSLI, PCOSDF, PCOSDM, PCOSDP, PCOIAN, PCOIDE, PCODFI, PCOITC, PCOISE, PSPY) VALUES (519018, 'PYAPPLICAT', 15, 1, 0, 0, 'PROCHE_AIDANT                           ', 2, 1, 2, 2, 2, 2, 10500019, 0, '20210401120000Globaz       ');
INSERT INTO FWCOUP (PCOSID, PLAIDE, PCOUID, PCOLUT, PSPY) VALUES (519018, 'F', 'PAT       ', 'Proche aidant                                                ', '20210401120000Globaz             ');
INSERT INTO FWCOUP (PCOSID, PLAIDE, PCOUID, PCOLUT, PSPY) VALUES (519018, 'D', 'PAT       ', '[de]Proche aidant                                            ', '20210401120000Globaz              ');

INSERT INTO FWPARP (PPARAP,PPACDI,PPARIA,PPADDE,PPARPD,PCOSID,PPARPF,PPARVA,PPRAVN,PPRADE,CSTYUN,PCOITC,PSPY) VALUES ('APG','PROAIDDATE',0,20210101,0.000000,1,0.000000,'',0,'Proche aidant, date de début',0,0,'20210401120000spy');

-- Création de la table droit proche aidant
CREATE TABLE APDROITPROCHEAIDANT
(
    ID_DROIT DECIMAL(15)  NOT NULL,
    PSPY VARCHAR(24),
    VBBDUP DECIMAL(1),
    VBISIF DECIMAL(15),
    VBNNCP DECIMAL(9),
    VBNNOC DECIMAL(9),
    VBTREV DECIMAL(8),
    REMARQUE VARCHAR (8000),
    PRIMARY KEY (ID_DROIT)
);

-- DUREE MAXIMAL DU DROIT
-- VOIR UTILITE POUR PROCHE AIDANT
-- INSERT INTO JADEPROP (PROPNAME, PROPVAL, CSPY, PSPY)
--VALUES ('apg.droits.paternite.dureejours', '14', '202001202120000Globaz    ', '202001202120000Globaz    ');

-- DOMAINE ADRESSE PROCHE AIDANT
INSERT INTO JADEPROP (PROPNAME, PROPVAL, CSPY, PSPY)
VALUES ('apg.domaine.adresse.proche.aidant', '', '202001202120000Globaz    ', '202001202120000Globaz    ');


-- Ajout code système du groupe domaine catalogue de texte pour le domaine proche aidant
INSERT INTO FWCOSP (PCOSID, PPTYGR, PCONCS, PPTYCN, PPTYCL, PPTYSA, PCOSLI, PCOSDF, PCOSDM, PCOSDP, PCOIAN,
                           PCOIDE, PCODFI, PCOITC, PCOISE, PSPY)
VALUES (52000041, 'PAIDOMAINE', 0, 1, 3, 0, 'Groupe Domaine Catalogue Texte PAI', 0, 2, 2, 2, 2, 0, 0, 0,
        'spy                     ');
INSERT INTO FWCOUP (PCOSID, PLAIDE, PCOUID, PCOLUT, PSPY)
VALUES (52000041, 'F', '1         ', 'Groupe Domaine Catalogue Texte PAI', 'spy                     ');
INSERT INTO FWCOUP (PCOSID, PLAIDE, PCOUID, PCOLUT, PSPY)
VALUES (52000041, 'D', '1         ', 'Groupe Domaine Catalogue Texte PAI', 'spy                     ');
INSERT INTO FWCOSP (PCOSID, PPTYGR, PCONCS, PPTYCN, PPTYCL, PPTYSA, PCOSLI, PCOSDF, PCOSDM, PCOSDP, PCOIAN,
                           PCOIDE, PCODFI, PCOITC, PCOISE, PSPY)
VALUES (53041001, 'PAIDOMAINE', 1, 1, 0, 0, 'PROCHE AIDANT', 2, 1, 2, 2, 2, 2, 52000041, 0, 'spy                     ');
INSERT INTO FWCOUP (PCOSID, PLAIDE, PCOUID, PCOLUT, PSPY)
VALUES (53041001, 'D', '          ', '[de]Proche aidant', 'spy                     ');
INSERT INTO FWCOUP (PCOSID, PLAIDE, PCOUID, PCOLUT, PSPY)
VALUES (53041001, 'F', '          ', 'Proche aidant', 'spy                     ');
INSERT INTO FWCOUP (PCOSID, PLAIDE, PCOUID, PCOLUT, PSPY)
VALUES (53041001, 'I', '          ', '[it]Proche aidant', 'spy                     ');


-- Ajout code système du groupe Type Doc catalogue de texte pour le domaine proche aidant
INSERT INTO FWCOSP (PCOSID, PPTYGR, PCONCS, PPTYCN, PPTYCL, PPTYSA, PCOSLI, PCOSDF, PCOSDM, PCOSDP, PCOIAN,
                           PCOIDE, PCODFI, PCOITC, PCOISE, PSPY)
VALUES (52000042, 'PAITYPES  ', 0, 1, 3, 0, 'Groupe Type Doc Catalogue Texte PAI', 0, 2, 2, 2, 2, 0, 0, 0,
        'spy                     ');
INSERT INTO FWCOUP (PCOSID, PLAIDE, PCOUID, PCOLUT, PSPY)
VALUES (52000042, 'F', '1         ', 'Groupe Type Doc Catalogue Texte PAI', 'spy                     ');
INSERT INTO FWCOUP (PCOSID, PLAIDE, PCOUID, PCOLUT, PSPY)
VALUES (52000042, 'D', '1         ', 'Groupe Type Doc Catalogue Texte PAI', 'spy                     ');

-- Ajout code système pour Type catalogue texte proche aidant décision
INSERT INTO FWCOSP (PCOSID, PPTYGR, PCONCS, PPTYCN, PPTYCL, PPTYSA, PCOSLI, PCOSDF, PCOSDM, PCOSDP, PCOIAN,
                           PCOIDE, PCODFI, PCOITC, PCOISE, PSPY)
VALUES (53042001, 'PAITYPES  ', 1, 1, 0, 0, 'DECISION', 2, 1, 2, 2, 2, 2, 52000042, 0, 'spy                     ');
INSERT INTO FWCOUP (PCOSID, PLAIDE, PCOUID, PCOLUT, PSPY)
VALUES (53042001, 'D', '1         ', '[de]Décision', 'spy                     ');
INSERT INTO FWCOUP (PCOSID, PLAIDE, PCOUID, PCOLUT, PSPY)
VALUES (53042001, 'F', '1         ', 'Décision', 'spy                     ');

-- Ajout code système pour Type catalogue texte proche aidant Décompte
INSERT INTO FWCOSP (PCOSID, PPTYGR, PCONCS, PPTYCN, PPTYCL, PPTYSA, PCOSLI, PCOSDF, PCOSDM, PCOSDP, PCOIAN,
                            PCOIDE, PCODFI, PCOITC, PCOISE, PSPY)
VALUES (53042002, 'PAITYPES  ', 2, 1, 0, 0, 'DECOMPTE', 2, 1, 2, 2, 2, 2, 52000042, 0, 'spy                     ');
INSERT INTO FWCOUP (PCOSID, PLAIDE, PCOUID, PCOLUT, PSPY)
VALUES (53042002, 'F', '2         ', 'Décompte', 'spy                     ');
INSERT INTO FWCOUP (PCOSID, PLAIDE, PCOUID, PCOLUT, PSPY)
VALUES (53042002, 'D', '2         ', '[de]Décompte', 'spy                     ');

-- Ajout code système pour Type catalogue texte proche aidant Communication
INSERT INTO FWCOSP (PCOSID, PPTYGR, PCONCS, PPTYCN, PPTYCL, PPTYSA, PCOSLI, PCOSDF, PCOSDM, PCOSDP, PCOIAN,
                            PCOIDE, PCODFI, PCOITC, PCOISE, PSPY)
VALUES (53042003, 'PATTYPES  ', 3, 1, 0, 0, 'COMMUNICATION', 2, 1, 2, 2, 2, 2, 52000042, 0, 'spy                     ');
INSERT INTO FWCOUP (PCOSID, PLAIDE, PCOUID, PCOLUT, PSPY)
VALUES (53042003, 'F', '2         ', 'Communication', 'spy                     ');
INSERT INTO FWCOUP (PCOSID, PLAIDE, PCOUID, PCOLUT, PSPY)
VALUES (53042003, 'D', '2         ', '[de]Communication', 'spy                     ');

-- Ajout code système pour Type catalogue texte proche aidant - Restitution
INSERT INTO FWCOSP (PCOSID, PPTYGR, PCONCS, PPTYCN, PPTYCL, PPTYSA, PCOSLI, PCOSDF, PCOSDM, PCOSDP, PCOIAN,
                            PCOIDE, PCODFI, PCOITC, PCOISE, PSPY)
VALUES (53042004, 'PATTYPES  ', 4, 1, 0, 0, 'RESTITUTION', 2, 1, 2, 2, 2, 2, 52000042, 0, 'spy                     ');
INSERT INTO FWCOUP (PCOSID, PLAIDE, PCOUID, PCOLUT, PSPY)
VALUES (53042004, 'F', '4         ', 'Restitution', 'spy                     ');
INSERT INTO FWCOUP (PCOSID, PLAIDE, PCOUID, PCOLUT, PSPY)
VALUES (53042004, 'D', '4         ', '[de]Restitution', 'spy                     ');

-- Ajout code système pour Type catalogue texte proche aidant - Attestation
INSERT INTO FWCOSP (PCOSID, PPTYGR, PCONCS, PPTYCN, PPTYCL, PPTYSA, PCOSLI, PCOSDF, PCOSDM, PCOSDP, PCOIAN,
                            PCOIDE, PCODFI, PCOITC, PCOISE, PSPY)
VALUES (53042005, 'PATTYPES  ', 5, 1, 0, 0, 'ATTESTATION', 2, 1, 2, 2, 2, 2, 52000042, 0, 'spy                     ');
INSERT INTO FWCOUP (PCOSID, PLAIDE, PCOUID, PCOLUT, PSPY)
VALUES (53042005, 'F', '5         ', 'Attestation', 'spy                     ');
INSERT INTO FWCOUP (PCOSID, PLAIDE, PCOUID, PCOLUT, PSPY)
VALUES (53042005, 'D', '5         ', '[de]Attestation', 'spy                     ');

-- Ajout code système pour Type catalogue texte proche aidant - Récapitulatif
INSERT INTO FWCOSP (PCOSID, PPTYGR, PCONCS, PPTYCN, PPTYCL, PPTYSA, PCOSLI, PCOSDF, PCOSDM, PCOSDP, PCOIAN,
                            PCOIDE, PCODFI, PCOITC, PCOISE, PSPY)
VALUES (53042006, 'PATTYPES  ', 6, 1, 0, 0, 'RECAPITULATION', 2, 1, 2, 2, 2, 2, 52000042, 0,
        'spy                     ');
INSERT INTO FWCOUP (PCOSID, PLAIDE, PCOUID, PCOLUT, PSPY)
VALUES (53042006, 'F', '6         ', 'Liste récapitulation', 'spy                     ');
INSERT INTO FWCOUP (PCOSID, PLAIDE, PCOUID, PCOLUT, PSPY)
VALUES (53042006, 'D', '6         ', '[de]Liste récapitulation', 'spy                     ');

-- Ajout code système pour Type catalogue texte proche aidant - Attestation fiscale
INSERT INTO FWCOSP (PCOSID, PPTYGR, PCONCS, PPTYCN, PPTYCL, PPTYSA, PCOSLI, PCOSDF, PCOSDM, PCOSDP, PCOIAN,
                            PCOIDE, PCODFI, PCOITC, PCOISE, PSPY)
VALUES (53042007, 'PATTYPES  ', 7, 1, 0, 0, 'ATTESTATION_FISCALE', 2, 1, 2, 2, 2, 2, 52000042, 0,
        'spy                     ');
INSERT INTO FWCOUP (PCOSID, PLAIDE, PCOUID, PCOLUT, PSPY)
VALUES (53042007, 'F', '7         ', 'Attestation fiscale', 'spy                     ');
INSERT INTO FWCOUP (PCOSID, PLAIDE, PCOUID, PCOLUT, PSPY)
VALUES (53042007, 'D', '7         ', '[de]Attestation fiscale', 'spy                     ');

-- Ajout code système pour Type catalogue texte proche aidant - Lettre entête
INSERT INTO FWCOSP (PCOSID, PPTYGR, PCONCS, PPTYCN, PPTYCL, PPTYSA, PCOSLI, PCOSDF, PCOSDM, PCOSDP, PCOIAN,
                            PCOIDE, PCODFI, PCOITC, PCOISE, PSPY)
VALUES (53042008, 'PATTYPES  ', 8, 1, 0, 0, 'LETTRE_ENTETE', 2, 1, 2, 2, 2, 2, 52000042, 0, 'spy                     ');
INSERT INTO FWCOUP (PCOSID, PLAIDE, PCOUID, PCOLUT, PSPY)
VALUES (53042008, 'F', '8         ', 'Lettre en-tête', 'spy                     ');
INSERT INTO FWCOUP (PCOSID, PLAIDE, PCOUID, PCOLUT, PSPY)
VALUES (53042008, 'D', '8         ', '[de]Lettre en-tête', 'spy                     ');
INSERT INTO CTTYPDOC (CAITYD, CATDOM, CATTYP, PSPY, CANBIN, CAIGAN) VALUES (42101, 53041001, 53042001, '                        ', 42101000000, null);
INSERT INTO CTTYPDOC (CAITYD, CATDOM, CATTYP, PSPY, CANBIN, CAIGAN) VALUES (42500, 53041001, 53042007, '                        ', 85144000000, null);

--CATALOGUE DE TEXTE
--DECISION - ASSURE - CTDOCUME
INSERT INTO CTDOCUME (CBITYD, CBIDOC, CBDDES, CBBACT, CBLNOM, CBTEDI, CBTDES, CBBDEF, CBBSTY, PSPY) VALUES (42101, 42101000000+1, 0, '1', 'normal', 34000001, 34005001, '1', '1', '20210201120000globaz');


-- TODO: METTRE A JOUR LE RESTE DU FICHIER AVEC LES IDs et INFORMATIONS CORRESPONDANT AU PROCHANT AIDANT
--DECISION - CTELEMENT ET CTTEXTES

-- INSERT INTO CTTEXTES (CDIELE, CDITXT, CDLCIL, CDLDES, PSPY) VALUES ((SELECT COALESCE(MAX(CCIELE)+1,41101000001)  FROM CTELEMEN WHERE CCIDOC = 41101000001), (SELECT COALESCE(MAX(CDITXT),41101000001) FROM CTTEXTES WHERE CDIELE = ((SELECT COALESCE(MAX(CCIELE)+1,41101000001)  FROM CTELEMEN WHERE CCIDOC = 41101000001))), 'de', 'Verfügung der (Bundes-)Vaterschaftsentschädigung', '20210201120000globaz');
-- INSERT INTO CTTEXTES (CDIELE, CDITXT, CDLCIL, CDLDES, PSPY) VALUES ((SELECT COALESCE(MAX(CCIELE)+1,41101000001)  FROM CTELEMEN WHERE CCIDOC = 41101000001), (SELECT MAX(CDITXT)+1 FROM CTTEXTES WHERE CDIELE = ((SELECT COALESCE(MAX(CCIELE)+1,41101000001)  FROM CTELEMEN WHERE CCIDOC = 41101000001))), 'fr', 'Décision d''allocation de paternité fédérale', '20210201120000globaz');
-- INSERT INTO CTTEXTES (CDIELE, CDITXT, CDLCIL, CDLDES, PSPY) VALUES ((SELECT COALESCE(MAX(CCIELE)+1,41101000001)  FROM CTELEMEN WHERE CCIDOC = 41101000001), (SELECT MAX(CDITXT)+1 FROM CTTEXTES WHERE CDIELE = ((SELECT COALESCE(MAX(CCIELE)+1,41101000001)  FROM CTELEMEN WHERE CCIDOC = 41101000001))), 'it', 'Décision d''allocation de paternité fédérale', '20210201120000globaz');
-- INSERT INTO CTELEMEN (CCIDOC, CCIELE, CCNPOS, CCNNIV, CCBDES, CCBSEL, CCBSBD, CCBEDI, PSPY) VALUES (41101000000+1, (SELECT COALESCE(MAX(CCIELE)+1,41101000001)  FROM CTELEMEN WHERE CCIDOC = 41101000001), 1, 1, '', '2', '2', '2', '20210201120000globaz');
--
-- INSERT INTO CTTEXTES (CDIELE, CDITXT, CDLCIL, CDLDES, PSPY) VALUES ((SELECT COALESCE(MAX(CCIELE)+1,41101000001)  FROM CTELEMEN WHERE CCIDOC = 41101000001), (SELECT COALESCE(MAX(CDITXT),41101000001)+1 FROM CTTEXTES WHERE CDIELE = ((SELECT COALESCE(MAX(CCIELE),41101000001)  FROM CTELEMEN WHERE CCIDOC = 41101000001))), 'de', '', '20210201120000globaz');
-- INSERT INTO CTTEXTES (CDIELE, CDITXT, CDLCIL, CDLDES, PSPY) VALUES ((SELECT COALESCE(MAX(CCIELE)+1,41101000001)  FROM CTELEMEN WHERE CCIDOC = 41101000001), (SELECT MAX(CDITXT)+1 FROM CTTEXTES WHERE CDIELE = ((SELECT COALESCE(MAX(CCIELE)+1,41101000001)  FROM CTELEMEN WHERE CCIDOC = 41101000001))), 'fr', '', '20210201120000globaz');
-- INSERT INTO CTTEXTES (CDIELE, CDITXT, CDLCIL, CDLDES, PSPY) VALUES ((SELECT COALESCE(MAX(CCIELE)+1,41101000001)  FROM CTELEMEN WHERE CCIDOC = 41101000001),(SELECT MAX(CDITXT)+1 FROM CTTEXTES WHERE CDIELE = ((SELECT COALESCE(MAX(CCIELE)+1,41101000001)  FROM CTELEMEN WHERE CCIDOC = 41101000001))), 'it', '', '20210201120000globaz');
-- INSERT INTO CTELEMEN (CCIDOC, CCIELE, CCNPOS, CCNNIV, CCBDES, CCBSEL, CCBSBD, CCBEDI, PSPY) VALUES (41101000000+1, (SELECT COALESCE(MAX(CCIELE)+1,41101000001)  FROM CTELEMEN WHERE CCIDOC = 41101000001), 2, 1, '', '2', '2', '2', '20210201120000globaz');
--
-- INSERT INTO CTTEXTES (CDIELE, CDITXT, CDLCIL, CDLDES, PSPY) VALUES ((SELECT COALESCE(MAX(CCIELE)+1,41101000001)  FROM CTELEMEN WHERE CCIDOC = 41101000001), (SELECT COALESCE(MAX(CDITXT),41101000001)+1 FROM CTTEXTES WHERE CDIELE = ((SELECT COALESCE(MAX(CCIELE),41101000001)  FROM CTELEMEN WHERE CCIDOC = 41101000001))), 'de', '', '20210201120000globaz');
-- INSERT INTO CTTEXTES (CDIELE, CDITXT, CDLCIL, CDLDES, PSPY) VALUES ((SELECT COALESCE(MAX(CCIELE)+1,41101000001)  FROM CTELEMEN WHERE CCIDOC = 41101000001), (SELECT MAX(CDITXT)+1 FROM CTTEXTES WHERE CDIELE = ((SELECT COALESCE(MAX(CCIELE)+1,41101000001)  FROM CTELEMEN WHERE CCIDOC = 41101000001))), 'fr', '', '20210201120000globaz');
-- INSERT INTO CTTEXTES (CDIELE, CDITXT, CDLCIL, CDLDES, PSPY) VALUES ((SELECT COALESCE(MAX(CCIELE)+1,41101000001)  FROM CTELEMEN WHERE CCIDOC = 41101000001),(SELECT MAX(CDITXT)+1 FROM CTTEXTES WHERE CDIELE = ((SELECT COALESCE(MAX(CCIELE)+1,41101000001)  FROM CTELEMEN WHERE CCIDOC = 41101000001))), 'it', '', '20210201120000globaz');
-- INSERT INTO CTELEMEN (CCIDOC, CCIELE, CCNPOS, CCNNIV, CCBDES, CCBSEL, CCBSBD, CCBEDI, PSPY) VALUES (41101000000+1, (SELECT COALESCE(MAX(CCIELE)+1,41101000001)  FROM CTELEMEN WHERE CCIDOC = 41101000001), 3, 1, '', '2', '2', '2', '20210201120000globaz');
--
-- INSERT INTO CTTEXTES (CDIELE, CDITXT, CDLCIL, CDLDES, PSPY) VALUES ((SELECT COALESCE(MAX(CCIELE)+1,41101000001)  FROM CTELEMEN WHERE CCIDOC = 41101000001), (SELECT COALESCE(MAX(CDITXT),41101000001)+1 FROM CTTEXTES WHERE CDIELE = ((SELECT COALESCE(MAX(CCIELE),41101000001)  FROM CTELEMEN WHERE CCIDOC = 41101000001))), 'de', 'Kopie an:', '20210201120000globaz');
-- INSERT INTO CTTEXTES (CDIELE, CDITXT, CDLCIL, CDLDES, PSPY) VALUES ((SELECT COALESCE(MAX(CCIELE)+1,41101000001)  FROM CTELEMEN WHERE CCIDOC = 41101000001), (SELECT MAX(CDITXT)+1 FROM CTTEXTES WHERE CDIELE = ((SELECT COALESCE(MAX(CCIELE)+1,41101000001)  FROM CTELEMEN WHERE CCIDOC = 41101000001))), 'fr', 'Copies à:', '20210201120000globaz');
-- INSERT INTO CTTEXTES (CDIELE, CDITXT, CDLCIL, CDLDES, PSPY) VALUES ((SELECT COALESCE(MAX(CCIELE)+1,41101000001)  FROM CTELEMEN WHERE CCIDOC = 41101000001),(SELECT MAX(CDITXT)+1 FROM CTTEXTES WHERE CDIELE = ((SELECT COALESCE(MAX(CCIELE)+1,41101000001)  FROM CTELEMEN WHERE CCIDOC = 41101000001))), 'it', 'Copies à:', '20210201120000globaz');
-- INSERT INTO CTELEMEN (CCIDOC, CCIELE, CCNPOS, CCNNIV, CCBDES, CCBSEL, CCBSBD, CCBEDI, PSPY) VALUES (41101000000+1, (SELECT COALESCE(MAX(CCIELE)+1,41101000001)  FROM CTELEMEN WHERE CCIDOC = 41101000001), 8, 1, '', '2', '2', '2', '20210201120000globaz');
--
-- INSERT INTO CTTEXTES (CDIELE, CDITXT, CDLCIL, CDLDES, PSPY) VALUES ((SELECT COALESCE(MAX(CCIELE)+1,41101000001)  FROM CTELEMEN WHERE CCIDOC = 41101000001), (SELECT COALESCE(MAX(CDITXT),41101000001)+1 FROM CTTEXTES WHERE CDIELE = ((SELECT COALESCE(MAX(CCIELE),41101000001)  FROM CTELEMEN WHERE CCIDOC = 41101000001))), 'de', '{0},', '20210201120000globaz');
-- INSERT INTO CTTEXTES (CDIELE, CDITXT, CDLCIL, CDLDES, PSPY) VALUES ((SELECT COALESCE(MAX(CCIELE)+1,41101000001)  FROM CTELEMEN WHERE CCIDOC = 41101000001), (SELECT MAX(CDITXT)+1 FROM CTTEXTES WHERE CDIELE = ((SELECT COALESCE(MAX(CCIELE)+1,41101000001)  FROM CTELEMEN WHERE CCIDOC = 41101000001))), 'fr', '{0},', '20210201120000globaz');
-- INSERT INTO CTTEXTES (CDIELE, CDITXT, CDLCIL, CDLDES, PSPY) VALUES ((SELECT COALESCE(MAX(CCIELE)+1,41101000001)  FROM CTELEMEN WHERE CCIDOC = 41101000001),(SELECT MAX(CDITXT)+1 FROM CTTEXTES WHERE CDIELE = ((SELECT COALESCE(MAX(CCIELE)+1,41101000001)  FROM CTELEMEN WHERE CCIDOC = 41101000001))), 'it', '{0},', '20210201120000globaz');
-- INSERT INTO CTELEMEN (CCIDOC, CCIELE, CCNPOS, CCNNIV, CCBDES, CCBSEL, CCBSBD, CCBEDI, PSPY) VALUES (41101000000+1, (SELECT COALESCE(MAX(CCIELE)+1,41101000001)  FROM CTELEMEN WHERE CCIDOC = 41101000001), 1, 2, '', '2', '2', '2', '20210201120000globaz');
--
-- INSERT INTO CTTEXTES (CDIELE, CDITXT, CDLCIL, CDLDES, PSPY) VALUES ((SELECT COALESCE(MAX(CCIELE)+1,41101000001)  FROM CTELEMEN WHERE CCIDOC = 41101000001), (SELECT COALESCE(MAX(CDITXT),41101000001)+1 FROM CTTEXTES WHERE CDIELE = ((SELECT COALESCE(MAX(CCIELE),41101000001)  FROM CTELEMEN WHERE CCIDOC = 41101000001))), 'de', 'Mit der Geburt Ihres Kindes am {1} , teilen wir Ihnen die Höhe der Ihnen zustehenden Vaterschaftsentschädigung wie folgt mit: ', '20210201120000globaz');
-- INSERT INTO CTTEXTES (CDIELE, CDITXT, CDLCIL, CDLDES, PSPY) VALUES ((SELECT COALESCE(MAX(CCIELE)+1,41101000001)  FROM CTELEMEN WHERE CCIDOC = 41101000001), (SELECT MAX(CDITXT)+1 FROM CTTEXTES WHERE CDIELE = ((SELECT COALESCE(MAX(CCIELE)+1,41101000001)  FROM CTELEMEN WHERE CCIDOC = 41101000001))), 'fr', 'Suite à la naissance, le {1} de votre enfant, nous vous communiquons le montant de votre allocation paternité qui vous est due selon le détail ci-dessous.', '20210201120000globaz');
-- INSERT INTO CTTEXTES (CDIELE, CDITXT, CDLCIL, CDLDES, PSPY) VALUES ((SELECT COALESCE(MAX(CCIELE)+1,41101000001)  FROM CTELEMEN WHERE CCIDOC = 41101000001),(SELECT MAX(CDITXT)+1 FROM CTTEXTES WHERE CDIELE = ((SELECT COALESCE(MAX(CCIELE)+1,41101000001)  FROM CTELEMEN WHERE CCIDOC = 41101000001))), 'it', 'Suite à la naissance, le {1} de votre enfant, nous vous communiquons le montant de votre allocation paternité qui vous est due selon le détail ci-dessous.', '20210201120000globaz');
-- INSERT INTO CTELEMEN (CCIDOC, CCIELE, CCNPOS, CCNNIV, CCBDES, CCBSEL, CCBSBD, CCBEDI, PSPY) VALUES (41101000000+1, (SELECT COALESCE(MAX(CCIELE)+1,41101000001)  FROM CTELEMEN WHERE CCIDOC = 41101000001), 2, 2, '', '2', '2', '2', '20210201120000globaz');
--
-- INSERT INTO CTTEXTES (CDIELE, CDITXT, CDLCIL, CDLDES, PSPY) VALUES ((SELECT COALESCE(MAX(CCIELE)+1,41101000001)  FROM CTELEMEN WHERE CCIDOC = 41101000001), (SELECT COALESCE(MAX(CDITXT),41101000001)+1 FROM CTTEXTES WHERE CDIELE = ((SELECT COALESCE(MAX(CCIELE),41101000001)  FROM CTELEMEN WHERE CCIDOC = 41101000001))), 'de', '<p>Die Vaterschaftsentschädigung wird auf der Grundlage eines Jahreseinkommens berechnet {7} das einem durchschnittlichen Tageseinkommen von CHF {4}.</p>', '20210201120000globaz');
-- INSERT INTO CTTEXTES (CDIELE, CDITXT, CDLCIL, CDLDES, PSPY) VALUES ((SELECT COALESCE(MAX(CCIELE)+1,41101000001)  FROM CTELEMEN WHERE CCIDOC = 41101000001), (SELECT MAX(CDITXT)+1 FROM CTTEXTES WHERE CDIELE = ((SELECT COALESCE(MAX(CCIELE)+1,41101000001)  FROM CTELEMEN WHERE CCIDOC = 41101000001))), 'fr', '<p>L''allocation de paternité est calculée sur la base d''un revenu annuel {7} qui correspond à un revenu journalier moyen de CHF {4}.</p>', '20210201120000globaz');
-- INSERT INTO CTTEXTES (CDIELE, CDITXT, CDLCIL, CDLDES, PSPY) VALUES ((SELECT COALESCE(MAX(CCIELE)+1,41101000001)  FROM CTELEMEN WHERE CCIDOC = 41101000001),(SELECT MAX(CDITXT)+1 FROM CTTEXTES WHERE CDIELE = ((SELECT COALESCE(MAX(CCIELE)+1,41101000001)  FROM CTELEMEN WHERE CCIDOC = 41101000001))), 'it', '<p>L''allocation de paternité est calculée sur la base d''un revenu annuel {7} qui correspond à un revenu journalier moyen de CHF {4}.</p>', '20210201120000globaz');
-- INSERT INTO CTELEMEN (CCIDOC, CCIELE, CCNPOS, CCNNIV, CCBDES, CCBSEL, CCBSBD, CCBEDI, PSPY) VALUES (41101000000+1, (SELECT COALESCE(MAX(CCIELE)+1,41101000001)  FROM CTELEMEN WHERE CCIDOC = 41101000001), 3, 2, '', '2', '2', '2', '20210201120000globaz');
--
-- INSERT INTO CTTEXTES (CDIELE, CDITXT, CDLCIL, CDLDES, PSPY) VALUES ((SELECT COALESCE(MAX(CCIELE)+1,41101000001)  FROM CTELEMEN WHERE CCIDOC = 41101000001), (SELECT COALESCE(MAX(CDITXT),41101000001)+1 FROM CTTEXTES WHERE CDIELE = ((SELECT COALESCE(MAX(CCIELE),41101000001)  FROM CTELEMEN WHERE CCIDOC = 41101000001))), 'de', 'Das Taggeld, welches 80% von CHF {4} entspricht, beträgt zu CHF {5}.', '20210201120000globaz');
-- INSERT INTO CTTEXTES (CDIELE, CDITXT, CDLCIL, CDLDES, PSPY) VALUES ((SELECT COALESCE(MAX(CCIELE)+1,41101000001)  FROM CTELEMEN WHERE CCIDOC = 41101000001), (SELECT MAX(CDITXT)+1 FROM CTTEXTES WHERE CDIELE = ((SELECT COALESCE(MAX(CCIELE)+1,41101000001)  FROM CTELEMEN WHERE CCIDOC = 41101000001))), 'fr', 'L''allocation journalière, équivalente au 80% de CHF {4} s''élève à CHF {5}.', '20210201120000globaz');
-- INSERT INTO CTTEXTES (CDIELE, CDITXT, CDLCIL, CDLDES, PSPY) VALUES ((SELECT COALESCE(MAX(CCIELE)+1,41101000001)  FROM CTELEMEN WHERE CCIDOC = 41101000001),(SELECT MAX(CDITXT)+1 FROM CTTEXTES WHERE CDIELE = ((SELECT COALESCE(MAX(CCIELE)+1,41101000001)  FROM CTELEMEN WHERE CCIDOC = 41101000001))), 'it', 'L''allocation journalière, équivalente au 80% de CHF {4} s''élève à CHF {5}.', '20210201120000globaz');
-- INSERT INTO CTELEMEN (CCIDOC, CCIELE, CCNPOS, CCNNIV, CCBDES, CCBSEL, CCBSBD, CCBEDI, PSPY) VALUES (41101000000+1, (SELECT COALESCE(MAX(CCIELE)+1,41101000001)  FROM CTELEMEN WHERE CCIDOC = 41101000001), 4, 2, '', '2', '2', '2', '20210201120000globaz');
--
-- INSERT INTO CTTEXTES (CDIELE, CDITXT, CDLCIL, CDLDES, PSPY) VALUES ((SELECT COALESCE(MAX(CCIELE)+1,41101000001)  FROM CTELEMEN WHERE CCIDOC = 41101000001), (SELECT COALESCE(MAX(CDITXT),41101000001)+1 FROM CTTEXTES WHERE CDIELE = ((SELECT COALESCE(MAX(CCIELE),41101000001)  FROM CTELEMEN WHERE CCIDOC = 41101000001))), 'de', 'Die Entschädigung wird berechnet unter Berücksichtigung von', '20210201120000globaz');
-- INSERT INTO CTTEXTES (CDIELE, CDITXT, CDLCIL, CDLDES, PSPY) VALUES ((SELECT COALESCE(MAX(CCIELE)+1,41101000001)  FROM CTELEMEN WHERE CCIDOC = 41101000001), (SELECT MAX(CDITXT)+1 FROM CTTEXTES WHERE CDIELE = ((SELECT COALESCE(MAX(CCIELE)+1,41101000001)  FROM CTELEMEN WHERE CCIDOC = 41101000001))), 'fr', 'L''allocation est calculée en tenant compte', '20210201120000globaz');
-- INSERT INTO CTTEXTES (CDIELE, CDITXT, CDLCIL, CDLDES, PSPY) VALUES ((SELECT COALESCE(MAX(CCIELE)+1,41101000001)  FROM CTELEMEN WHERE CCIDOC = 41101000001),(SELECT MAX(CDITXT)+1 FROM CTTEXTES WHERE CDIELE = ((SELECT COALESCE(MAX(CCIELE)+1,41101000001)  FROM CTELEMEN WHERE CCIDOC = 41101000001))), 'it', 'L''allocation est calculée en tenant compte', '20210201120000globaz');
-- INSERT INTO CTELEMEN (CCIDOC, CCIELE, CCNPOS, CCNNIV, CCBDES, CCBSEL, CCBSBD, CCBEDI, PSPY) VALUES (41101000000+1, (SELECT COALESCE(MAX(CCIELE)+1,41101000001)  FROM CTELEMEN WHERE CCIDOC = 41101000001), 6, 2, '', '2', '2', '2', '20210201120000globaz');
--
-- INSERT INTO CTTEXTES (CDIELE, CDITXT, CDLCIL, CDLDES, PSPY) VALUES ((SELECT COALESCE(MAX(CCIELE)+1,41101000001)  FROM CTELEMEN WHERE CCIDOC = 41101000001), (SELECT COALESCE(MAX(CDITXT),41101000001)+1 FROM CTTEXTES WHERE CDIELE = ((SELECT COALESCE(MAX(CCIELE),41101000001)  FROM CTELEMEN WHERE CCIDOC = 41101000001))), 'de', 'dass ein Arbeitgeber seinen Eigenanteil beansprucht', '20210201120000globaz');
-- INSERT INTO CTTEXTES (CDIELE, CDITXT, CDLCIL, CDLDES, PSPY) VALUES ((SELECT COALESCE(MAX(CCIELE)+1,41101000001)  FROM CTELEMEN WHERE CCIDOC = 41101000001), (SELECT MAX(CDITXT)+1 FROM CTTEXTES WHERE CDIELE = ((SELECT COALESCE(MAX(CCIELE)+1,41101000001)  FROM CTELEMEN WHERE CCIDOC = 41101000001))), 'fr', 'qu''un employeur réclame sa propre part', '20210201120000globaz');
-- INSERT INTO CTTEXTES (CDIELE, CDITXT, CDLCIL, CDLDES, PSPY) VALUES ((SELECT COALESCE(MAX(CCIELE)+1,41101000001)  FROM CTELEMEN WHERE CCIDOC = 41101000001),(SELECT MAX(CDITXT)+1 FROM CTTEXTES WHERE CDIELE = ((SELECT COALESCE(MAX(CCIELE)+1,41101000001)  FROM CTELEMEN WHERE CCIDOC = 41101000001))), 'it', 'qu''un employeur réclame sa propre part', '20210201120000globaz');
-- INSERT INTO CTELEMEN (CCIDOC, CCIELE, CCNPOS, CCNNIV, CCBDES, CCBSEL, CCBSBD, CCBEDI, PSPY) VALUES (41101000000+1, (SELECT COALESCE(MAX(CCIELE)+1,41101000001)  FROM CTELEMEN WHERE CCIDOC = 41101000001), 7, 2, '', '2', '2', '2', '20210201120000globaz');
--
-- INSERT INTO CTTEXTES (CDIELE, CDITXT, CDLCIL, CDLDES, PSPY) VALUES ((SELECT COALESCE(MAX(CCIELE)+1,41101000001)  FROM CTELEMEN WHERE CCIDOC = 41101000001), (SELECT COALESCE(MAX(CDITXT),41101000001)+1 FROM CTTEXTES WHERE CDIELE = ((SELECT COALESCE(MAX(CCIELE),41101000001)  FROM CTELEMEN WHERE CCIDOC = 41101000001))), 'de', 'dass ein Arbeitgeber nicht 80% des üblichen Lohns zahlt', '20210201120000globaz');
-- INSERT INTO CTTEXTES (CDIELE, CDITXT, CDLCIL, CDLDES, PSPY) VALUES ((SELECT COALESCE(MAX(CCIELE)+1,41101000001)  FROM CTELEMEN WHERE CCIDOC = 41101000001), (SELECT MAX(CDITXT)+1 FROM CTTEXTES WHERE CDIELE = ((SELECT COALESCE(MAX(CCIELE)+1,41101000001)  FROM CTELEMEN WHERE CCIDOC = 41101000001))), 'fr', 'qu''un employeur ne verse pas 80% du salaire habituel', '20210201120000globaz');
-- INSERT INTO CTTEXTES (CDIELE, CDITXT, CDLCIL, CDLDES, PSPY) VALUES ((SELECT COALESCE(MAX(CCIELE)+1,41101000001)  FROM CTELEMEN WHERE CCIDOC = 41101000001),(SELECT MAX(CDITXT)+1 FROM CTTEXTES WHERE CDIELE = ((SELECT COALESCE(MAX(CCIELE)+1,41101000001)  FROM CTELEMEN WHERE CCIDOC = 41101000001))), 'it', 'qu''un employeur ne verse pas 80% du salaire habituel', '20210201120000globaz');
-- INSERT INTO CTELEMEN (CCIDOC, CCIELE, CCNPOS, CCNNIV, CCBDES, CCBSEL, CCBSBD, CCBEDI, PSPY) VALUES (41101000000+1, (SELECT COALESCE(MAX(CCIELE)+1,41101000001)  FROM CTELEMEN WHERE CCIDOC = 41101000001), 8, 2, '', '2', '2', '2', '20210201120000globaz');
--
-- INSERT INTO CTTEXTES (CDIELE, CDITXT, CDLCIL, CDLDES, PSPY) VALUES ((SELECT COALESCE(MAX(CCIELE)+1,41101000001)  FROM CTELEMEN WHERE CCIDOC = 41101000001), (SELECT COALESCE(MAX(CDITXT),41101000001)+1 FROM CTTEXTES WHERE CDIELE = ((SELECT COALESCE(MAX(CCIELE),41101000001)  FROM CTELEMEN WHERE CCIDOC = 41101000001))), 'de', 'dass ein Arbeitsvertrag ausläuft', '20210201120000globaz');
-- INSERT INTO CTTEXTES (CDIELE, CDITXT, CDLCIL, CDLDES, PSPY) VALUES ((SELECT COALESCE(MAX(CCIELE)+1,41101000001)  FROM CTELEMEN WHERE CCIDOC = 41101000001), (SELECT MAX(CDITXT)+1 FROM CTTEXTES WHERE CDIELE = ((SELECT COALESCE(MAX(CCIELE)+1,41101000001)  FROM CTELEMEN WHERE CCIDOC = 41101000001))), 'fr', 'qu''un contrat de travail arrive à échéance', '20210201120000globaz');
-- INSERT INTO CTTEXTES (CDIELE, CDITXT, CDLCIL, CDLDES, PSPY) VALUES ((SELECT COALESCE(MAX(CCIELE)+1,41101000001)  FROM CTELEMEN WHERE CCIDOC = 41101000001),(SELECT MAX(CDITXT)+1 FROM CTTEXTES WHERE CDIELE = ((SELECT COALESCE(MAX(CCIELE)+1,41101000001)  FROM CTELEMEN WHERE CCIDOC = 41101000001))), 'it', 'qu''un contrat de travail arrive à échéance', '20210201120000globaz');
-- INSERT INTO CTELEMEN (CCIDOC, CCIELE, CCNPOS, CCNNIV, CCBDES, CCBSEL, CCBSBD, CCBEDI, PSPY) VALUES (41101000000+1, (SELECT COALESCE(MAX(CCIELE)+1,41101000001)  FROM CTELEMEN WHERE CCIDOC = 41101000001), 9, 2, '', '2', '2', '2', '20210201120000globaz');
--
-- INSERT INTO CTTEXTES (CDIELE, CDITXT, CDLCIL, CDLDES, PSPY) VALUES ((SELECT COALESCE(MAX(CCIELE)+1,41101000001)  FROM CTELEMEN WHERE CCIDOC = 41101000001), (SELECT COALESCE(MAX(CDITXT),41101000001)+1 FROM CTTEXTES WHERE CDIELE = ((SELECT COALESCE(MAX(CCIELE),41101000001)  FROM CTELEMEN WHERE CCIDOC = 41101000001))), 'de', 'über zu CHF {montantAnnuelMax}', '20210201120000globaz');
-- INSERT INTO CTTEXTES (CDIELE, CDITXT, CDLCIL, CDLDES, PSPY) VALUES ((SELECT COALESCE(MAX(CCIELE)+1,41101000001)  FROM CTELEMEN WHERE CCIDOC = 41101000001), (SELECT MAX(CDITXT)+1 FROM CTTEXTES WHERE CDIELE = ((SELECT COALESCE(MAX(CCIELE)+1,41101000001)  FROM CTELEMEN WHERE CCIDOC = 41101000001))), 'fr', 'supérieur à CHF {montantAnnuelMax}', '20210201120000globaz');
-- INSERT INTO CTTEXTES (CDIELE, CDITXT, CDLCIL, CDLDES, PSPY) VALUES ((SELECT COALESCE(MAX(CCIELE)+1,41101000001)  FROM CTELEMEN WHERE CCIDOC = 41101000001),(SELECT MAX(CDITXT)+1 FROM CTTEXTES WHERE CDIELE = ((SELECT COALESCE(MAX(CCIELE)+1,41101000001)  FROM CTELEMEN WHERE CCIDOC = 41101000001))), 'it', 'supérieur à CHF {montantAnnuelMax}', '20210201120000globaz');
-- INSERT INTO CTELEMEN (CCIDOC, CCIELE, CCNPOS, CCNNIV, CCBDES, CCBSEL, CCBSBD, CCBEDI, PSPY) VALUES (41101000000+1, (SELECT COALESCE(MAX(CCIELE)+1,41101000001)  FROM CTELEMEN WHERE CCIDOC = 41101000001), 10, 2, '', '2', '2', '2', '20210201120000globaz');
--
-- INSERT INTO CTTEXTES (CDIELE, CDITXT, CDLCIL, CDLDES, PSPY) VALUES ((SELECT COALESCE(MAX(CCIELE)+1,41101000001)  FROM CTELEMEN WHERE CCIDOC = 41101000001), (SELECT COALESCE(MAX(CDITXT),41101000001)+1 FROM CTTEXTES WHERE CDIELE = ((SELECT COALESCE(MAX(CCIELE),41101000001)  FROM CTELEMEN WHERE CCIDOC = 41101000001))), 'de', 'von CHF {montantAnnuel}', '20210201120000globaz');
-- INSERT INTO CTTEXTES (CDIELE, CDITXT, CDLCIL, CDLDES, PSPY) VALUES ((SELECT COALESCE(MAX(CCIELE)+1,41101000001)  FROM CTELEMEN WHERE CCIDOC = 41101000001), (SELECT MAX(CDITXT)+1 FROM CTTEXTES WHERE CDIELE = ((SELECT COALESCE(MAX(CCIELE)+1,41101000001)  FROM CTELEMEN WHERE CCIDOC = 41101000001))), 'fr', 'de CHF {montantAnnuel}', '20210201120000globaz');
-- INSERT INTO CTTEXTES (CDIELE, CDITXT, CDLCIL, CDLDES, PSPY) VALUES ((SELECT COALESCE(MAX(CCIELE)+1,41101000001)  FROM CTELEMEN WHERE CCIDOC = 41101000001),(SELECT MAX(CDITXT)+1 FROM CTTEXTES WHERE CDIELE = ((SELECT COALESCE(MAX(CCIELE)+1,41101000001)  FROM CTELEMEN WHERE CCIDOC = 41101000001))), 'it', 'de CHF {montantAnnuel}', '20210201120000globaz');
-- INSERT INTO CTELEMEN (CCIDOC, CCIELE, CCNPOS, CCNNIV, CCBDES, CCBSEL, CCBSBD, CCBEDI, PSPY) VALUES (41101000000+1, (SELECT COALESCE(MAX(CCIELE)+1,41101000001)  FROM CTELEMEN WHERE CCIDOC = 41101000001), 11, 2, '', '2', '2', '2', '20210201120000globaz');
--
-- INSERT INTO CTTEXTES (CDIELE, CDITXT, CDLCIL, CDLDES, PSPY) VALUES ((SELECT COALESCE(MAX(CCIELE)+1,41101000001)  FROM CTELEMEN WHERE CCIDOC = 41101000001), (SELECT COALESCE(MAX(CDITXT),41101000001)+1 FROM CTTEXTES WHERE CDIELE = ((SELECT COALESCE(MAX(CCIELE),41101000001)  FROM CTELEMEN WHERE CCIDOC = 41101000001))), 'de', 'Mit der Geburt Ihrer Kinder am {1} , teilen wir Ihnen die Höhe der Ihnen zustehenden Vaterschaftsentschädigung wie folgt mit:', '20210201120000globaz');
-- INSERT INTO CTTEXTES (CDIELE, CDITXT, CDLCIL, CDLDES, PSPY) VALUES ((SELECT COALESCE(MAX(CCIELE)+1,41101000001)  FROM CTELEMEN WHERE CCIDOC = 41101000001), (SELECT MAX(CDITXT)+1 FROM CTTEXTES WHERE CDIELE = ((SELECT COALESCE(MAX(CCIELE)+1,41101000001)  FROM CTELEMEN WHERE CCIDOC = 41101000001))), 'fr', 'Suite à la naissance, le {1} de vos enfants, nous vous communiquons le montant de votre allocation paternité qui vous est due selon le détail ci-dessous.', '20210201120000globaz');
-- INSERT INTO CTTEXTES (CDIELE, CDITXT, CDLCIL, CDLDES, PSPY) VALUES ((SELECT COALESCE(MAX(CCIELE)+1,41101000001)  FROM CTELEMEN WHERE CCIDOC = 41101000001),(SELECT MAX(CDITXT)+1 FROM CTTEXTES WHERE CDIELE = ((SELECT COALESCE(MAX(CCIELE)+1,41101000001)  FROM CTELEMEN WHERE CCIDOC = 41101000001))), 'it', 'Suite à la naissance, le {1} de vos enfants, nous vous communiquons le montant de votre allocation paternité qui vous est due selon le détail ci-dessous.', '20210201120000globaz');
-- INSERT INTO CTELEMEN (CCIDOC, CCIELE, CCNPOS, CCNNIV, CCBDES, CCBSEL, CCBSBD, CCBEDI, PSPY) VALUES (41101000000+1, (SELECT COALESCE(MAX(CCIELE)+1,41101000001)  FROM CTELEMEN WHERE CCIDOC = 41101000001), 13, 2, '', '2', '2', '2', '20210201120000globaz');
--
-- INSERT INTO CTTEXTES (CDIELE, CDITXT, CDLCIL, CDLDES, PSPY) VALUES ((SELECT COALESCE(MAX(CCIELE)+1,41101000001)  FROM CTELEMEN WHERE CCIDOC = 41101000001), (SELECT COALESCE(MAX(CDITXT),41101000001)+1 FROM CTTEXTES WHERE CDIELE = ((SELECT COALESCE(MAX(CCIELE),41101000001)  FROM CTELEMEN WHERE CCIDOC = 41101000001))), 'de', 'Sie haben jedoch Anspruch auf CHF {6} , da Sie bereits ein Taggeld in dieser Höhe erhalten.', '20210201120000globaz');
-- INSERT INTO CTTEXTES (CDIELE, CDITXT, CDLCIL, CDLDES, PSPY) VALUES ((SELECT COALESCE(MAX(CCIELE)+1,41101000001)  FROM CTELEMEN WHERE CCIDOC = 41101000001), (SELECT MAX(CDITXT)+1 FROM CTTEXTES WHERE CDIELE = ((SELECT COALESCE(MAX(CCIELE)+1,41101000001)  FROM CTELEMEN WHERE CCIDOC = 41101000001))), 'fr', 'Cependant votre droit s''élève à CHF {6} étant donné que vous étes déjà au bénéfice d''une indemnité journalière qui est égale à ce dernier montant.', '20210201120000globaz');
-- INSERT INTO CTTEXTES (CDIELE, CDITXT, CDLCIL, CDLDES, PSPY) VALUES ((SELECT COALESCE(MAX(CCIELE)+1,41101000001)  FROM CTELEMEN WHERE CCIDOC = 41101000001), (SELECT MAX(CDITXT)+1 FROM CTTEXTES WHERE CDIELE = ((SELECT COALESCE(MAX(CCIELE)+1,41101000001)  FROM CTELEMEN WHERE CCIDOC = 41101000001))), 'it', 'Cependant votre droit s''élève à CHF {6} étant donné que vous étes déjà au bénéfice d''une indemnité journalière qui est égale à ce dernier montant.', '20210201120000globaz');
-- INSERT INTO CTELEMEN (CCIDOC, CCIELE, CCNPOS, CCNNIV, CCBDES, CCBSEL, CCBSBD, CCBEDI, PSPY) VALUES (41101000000+1, (SELECT COALESCE(MAX(CCIELE)+1,41101000001)  FROM CTELEMEN WHERE CCIDOC = 41101000001), 101, 2, '', '2', '2', '2', '20210201120000globaz');
--
-- INSERT INTO CTTEXTES (CDIELE, CDITXT, CDLCIL, CDLDES, PSPY) VALUES ((SELECT COALESCE(MAX(CCIELE)+1,41101000001)  FROM CTELEMEN WHERE CCIDOC = 41101000001), (SELECT COALESCE(MAX(CDITXT),41101000001)+1 FROM CTTEXTES WHERE CDIELE = ((SELECT COALESCE(MAX(CCIELE),41101000001)  FROM CTELEMEN WHERE CCIDOC = 41101000001))), 'de', 'Suite aux nouveaux éléments communiqués, nous avons procédé à un nouveau calcul des allocations de paternité dont le détail vous est présenté ci-dessous. Ce montant doit nous être restitué au moyen du bulletin de versement annexé.', '20210201120000globaz');
-- INSERT INTO CTTEXTES (CDIELE, CDITXT, CDLCIL, CDLDES, PSPY) VALUES ((SELECT COALESCE(MAX(CCIELE)+1,41101000001)  FROM CTELEMEN WHERE CCIDOC = 41101000001), (SELECT MAX(CDITXT)+1 FROM CTTEXTES WHERE CDIELE = ((SELECT COALESCE(MAX(CCIELE)+1,41101000001)  FROM CTELEMEN WHERE CCIDOC = 41101000001))), 'fr', 'Suite aux nouveaux éléments communiqués, nous avons procédé à un nouveau calcul des allocations de paternité dont le détail vous est présenté ci-dessous. Ce montant doit nous être restitué au moyen du bulletin de versement annexé.', '20210201120000globaz');
-- INSERT INTO CTTEXTES (CDIELE, CDITXT, CDLCIL, CDLDES, PSPY) VALUES ((SELECT COALESCE(MAX(CCIELE)+1,41101000001)  FROM CTELEMEN WHERE CCIDOC = 41101000001), (SELECT MAX(CDITXT)+1 FROM CTTEXTES WHERE CDIELE = ((SELECT COALESCE(MAX(CCIELE)+1,41101000001)  FROM CTELEMEN WHERE CCIDOC = 41101000001))), 'it', 'Suite aux nouveaux éléments communiqués, nous avons procédé à un nouveau calcul des allocations de paternité dont le détail vous est présenté ci-dessous. Ce montant doit nous être restitué au moyen du bulletin de versement annexé.', '20210201120000globaz');
-- INSERT INTO CTELEMEN (CCIDOC, CCIELE, CCNPOS, CCNNIV, CCBDES, CCBSEL, CCBSBD, CCBEDI, PSPY) VALUES (41101000000+1, (SELECT COALESCE(MAX(CCIELE)+1,41101000001)  FROM CTELEMEN WHERE CCIDOC = 41101000001), 200, 2, '', '2', '2', '2', '20210201120000globaz');
--
-- INSERT INTO CTTEXTES (CDIELE, CDITXT, CDLCIL, CDLDES, PSPY) VALUES ((SELECT COALESCE(MAX(CCIELE)+1,41101000001)  FROM CTELEMEN WHERE CCIDOC = 41101000001), (SELECT COALESCE(MAX(CDITXT),41101000001)+1 FROM CTTEXTES WHERE CDIELE = ((SELECT COALESCE(MAX(CCIELE),41101000001)  FROM CTELEMEN WHERE CCIDOC = 41101000001))), 'de', 'Suite aux nouveaux éléments communiqués, nous avons procédé à un nouveau calcul des allocations de paternité dont le détail vous est présenté ci-dessous.', '20210201120000globaz');
-- INSERT INTO CTTEXTES (CDIELE, CDITXT, CDLCIL, CDLDES, PSPY) VALUES ((SELECT COALESCE(MAX(CCIELE)+1,41101000001)  FROM CTELEMEN WHERE CCIDOC = 41101000001), (SELECT MAX(CDITXT)+1 FROM CTTEXTES WHERE CDIELE = ((SELECT COALESCE(MAX(CCIELE)+1,41101000001)  FROM CTELEMEN WHERE CCIDOC = 41101000001))), 'fr', 'Suite aux nouveaux éléments communiqués, nous avons procédé à un nouveau calcul des allocations de paternité dont le détail vous est présenté ci-dessous.', '20210201120000globaz');
-- INSERT INTO CTTEXTES (CDIELE, CDITXT, CDLCIL, CDLDES, PSPY) VALUES ((SELECT COALESCE(MAX(CCIELE)+1,41101000001)  FROM CTELEMEN WHERE CCIDOC = 41101000001), (SELECT MAX(CDITXT)+1 FROM CTTEXTES WHERE CDIELE = ((SELECT COALESCE(MAX(CCIELE)+1,41101000001)  FROM CTELEMEN WHERE CCIDOC = 41101000001))), 'it', 'Suite aux nouveaux éléments communiqués, nous avons procédé à un nouveau calcul des allocations de paternité dont le détail vous est présenté ci-dessous.', '20210201120000globaz');
-- INSERT INTO CTELEMEN (CCIDOC, CCIELE, CCNPOS, CCNNIV, CCBDES, CCBSEL, CCBSBD, CCBEDI, PSPY) VALUES (41101000000+1, (SELECT COALESCE(MAX(CCIELE)+1,41101000001)  FROM CTELEMEN WHERE CCIDOC = 41101000001), 201, 2, '', '2', '2', '2', '20210201120000globaz');
--
-- INSERT INTO CTTEXTES (CDIELE, CDITXT, CDLCIL, CDLDES, PSPY) VALUES ((SELECT COALESCE(MAX(CCIELE)+1,41101000001)  FROM CTELEMEN WHERE CCIDOC = 41101000001), (SELECT COALESCE(MAX(CDITXT),41101000001)+1 FROM CTTEXTES WHERE CDIELE = ((SELECT COALESCE(MAX(CCIELE),41101000001)  FROM CTELEMEN WHERE CCIDOC = 41101000001))), 'de', 'Versicherte', '20210201120000globaz');
-- INSERT INTO CTTEXTES (CDIELE, CDITXT, CDLCIL, CDLDES, PSPY) VALUES ((SELECT COALESCE(MAX(CCIELE)+1,41101000001)  FROM CTELEMEN WHERE CCIDOC = 41101000001), (SELECT MAX(CDITXT)+1 FROM CTTEXTES WHERE CDIELE = ((SELECT COALESCE(MAX(CCIELE)+1,41101000001)  FROM CTELEMEN WHERE CCIDOC = 41101000001))), 'fr', 'Assuré', '20210201120000globaz');
-- INSERT INTO CTTEXTES (CDIELE, CDITXT, CDLCIL, CDLDES, PSPY) VALUES ((SELECT COALESCE(MAX(CCIELE)+1,41101000001)  FROM CTELEMEN WHERE CCIDOC = 41101000001),(SELECT MAX(CDITXT)+1 FROM CTTEXTES WHERE CDIELE = ((SELECT COALESCE(MAX(CCIELE)+1,41101000001)  FROM CTELEMEN WHERE CCIDOC = 41101000001))), 'it', 'Assuré', '20210201120000globaz');
-- INSERT INTO CTELEMEN (CCIDOC, CCIELE, CCNPOS, CCNNIV, CCBDES, CCBSEL, CCBSBD, CCBEDI, PSPY) VALUES (41101000000+1, (SELECT COALESCE(MAX(CCIELE)+1,41101000001)  FROM CTELEMEN WHERE CCIDOC = 41101000001), 1, 3, '', '2', '2', '2', '20210201120000globaz');
--
-- INSERT INTO CTTEXTES (CDIELE, CDITXT, CDLCIL, CDLDES, PSPY) VALUES ((SELECT COALESCE(MAX(CCIELE)+1,41101000001)  FROM CTELEMEN WHERE CCIDOC = 41101000001), (SELECT COALESCE(MAX(CDITXT),41101000001)+1 FROM CTTEXTES WHERE CDIELE = ((SELECT COALESCE(MAX(CCIELE),41101000001)  FROM CTELEMEN WHERE CCIDOC = 41101000001))), 'de', 'Detail', '20210201120000globaz');
-- INSERT INTO CTTEXTES (CDIELE, CDITXT, CDLCIL, CDLDES, PSPY) VALUES ((SELECT COALESCE(MAX(CCIELE)+1,41101000001)  FROM CTELEMEN WHERE CCIDOC = 41101000001), (SELECT MAX(CDITXT)+1 FROM CTTEXTES WHERE CDIELE = ((SELECT COALESCE(MAX(CCIELE)+1,41101000001)  FROM CTELEMEN WHERE CCIDOC = 41101000001))), 'fr', 'Détail', '20210201120000globaz');
-- INSERT INTO CTTEXTES (CDIELE, CDITXT, CDLCIL, CDLDES, PSPY) VALUES ((SELECT COALESCE(MAX(CCIELE)+1,41101000001)  FROM CTELEMEN WHERE CCIDOC = 41101000001), (SELECT MAX(CDITXT)+1 FROM CTTEXTES WHERE CDIELE = ((SELECT COALESCE(MAX(CCIELE)+1,41101000001)  FROM CTELEMEN WHERE CCIDOC = 41101000001))), 'it', 'Détail', '20210201120000globaz');
-- INSERT INTO CTELEMEN (CCIDOC, CCIELE, CCNPOS, CCNNIV, CCBDES, CCBSEL, CCBSBD, CCBEDI, PSPY) VALUES (41101000000+1, (SELECT COALESCE(MAX(CCIELE)+1,41101000001)  FROM CTELEMEN WHERE CCIDOC = 41101000001), 2, 3, '', '2', '2', '2', '20210201120000globaz');
--
-- INSERT INTO CTTEXTES (CDIELE, CDITXT, CDLCIL, CDLDES, PSPY) VALUES ((SELECT COALESCE(MAX(CCIELE)+1,41101000001)  FROM CTELEMEN WHERE CCIDOC = 41101000001), (SELECT COALESCE(MAX(CDITXT),41101000001)+1 FROM CTTEXTES WHERE CDIELE = ((SELECT COALESCE(MAX(CCIELE),41101000001)  FROM CTELEMEN WHERE CCIDOC = 41101000001))), 'de', 'Betrag', '20210201120000globaz');
-- INSERT INTO CTTEXTES (CDIELE, CDITXT, CDLCIL, CDLDES, PSPY) VALUES ((SELECT COALESCE(MAX(CCIELE)+1,41101000001)  FROM CTELEMEN WHERE CCIDOC = 41101000001), (SELECT MAX(CDITXT)+1 FROM CTTEXTES WHERE CDIELE = ((SELECT COALESCE(MAX(CCIELE)+1,41101000001)  FROM CTELEMEN WHERE CCIDOC = 41101000001))), 'fr', 'Montant', '20210201120000globaz');
-- INSERT INTO CTTEXTES (CDIELE, CDITXT, CDLCIL, CDLDES, PSPY) VALUES ((SELECT COALESCE(MAX(CCIELE)+1,41101000001)  FROM CTELEMEN WHERE CCIDOC = 41101000001), (SELECT MAX(CDITXT)+1 FROM CTTEXTES WHERE CDIELE = ((SELECT COALESCE(MAX(CCIELE)+1,41101000001)  FROM CTELEMEN WHERE CCIDOC = 41101000001))), 'it', 'Montant', '20210201120000globaz');
-- INSERT INTO CTELEMEN (CCIDOC, CCIELE, CCNPOS, CCNNIV, CCBDES, CCBSEL, CCBSBD, CCBEDI, PSPY) VALUES (41101000000+1, (SELECT COALESCE(MAX(CCIELE)+1,41101000001)  FROM CTELEMEN WHERE CCIDOC = 41101000001), 3, 3, '', '2', '2', '2', '20210201120000globaz');
--
-- INSERT INTO CTTEXTES (CDIELE, CDITXT, CDLCIL, CDLDES, PSPY) VALUES ((SELECT COALESCE(MAX(CCIELE)+1,41101000001)  FROM CTELEMEN WHERE CCIDOC = 41101000001), (SELECT COALESCE(MAX(CDITXT),41101000001)+1 FROM CTTEXTES WHERE CDIELE = ((SELECT COALESCE(MAX(CCIELE),41101000001)  FROM CTELEMEN WHERE CCIDOC = 41101000001))), 'de', '<p>CHF</p>', '20210201120000globaz');
-- INSERT INTO CTTEXTES (CDIELE, CDITXT, CDLCIL, CDLDES, PSPY) VALUES ((SELECT COALESCE(MAX(CCIELE)+1,41101000001)  FROM CTELEMEN WHERE CCIDOC = 41101000001), (SELECT MAX(CDITXT)+1 FROM CTTEXTES WHERE CDIELE = ((SELECT COALESCE(MAX(CCIELE)+1,41101000001)  FROM CTELEMEN WHERE CCIDOC = 41101000001))), 'fr', '<p>CHF</p>', '20210201120000globaz');
-- INSERT INTO CTTEXTES (CDIELE, CDITXT, CDLCIL, CDLDES, PSPY) VALUES ((SELECT COALESCE(MAX(CCIELE)+1,41101000001)  FROM CTELEMEN WHERE CCIDOC = 41101000001), (SELECT MAX(CDITXT)+1 FROM CTTEXTES WHERE CDIELE = ((SELECT COALESCE(MAX(CCIELE)+1,41101000001)  FROM CTELEMEN WHERE CCIDOC = 41101000001))), 'it', '<p>CHF</p>', '20210201120000globaz');
-- INSERT INTO CTELEMEN (CCIDOC, CCIELE, CCNPOS, CCNNIV, CCBDES, CCBSEL, CCBSBD, CCBEDI, PSPY) VALUES (41101000000+1, (SELECT COALESCE(MAX(CCIELE)+1,41101000001)  FROM CTELEMEN WHERE CCIDOC = 41101000001), 4, 3, '', '2', '2', '2', '20210201120000globaz');
--
-- INSERT INTO CTTEXTES (CDIELE, CDITXT, CDLCIL, CDLDES, PSPY) VALUES ((SELECT COALESCE(MAX(CCIELE)+1,41101000001)  FROM CTELEMEN WHERE CCIDOC = 41101000001), (SELECT COALESCE(MAX(CDITXT),41101000001)+1 FROM CTTEXTES WHERE CDIELE = ((SELECT COALESCE(MAX(CCIELE),41101000001)  FROM CTELEMEN WHERE CCIDOC = 41101000001))), 'de', 'Aufgeteilter Betrag, Begünstigter: {ventilation}', '20210201120000globaz');
-- INSERT INTO CTTEXTES (CDIELE, CDITXT, CDLCIL, CDLDES, PSPY) VALUES ((SELECT COALESCE(MAX(CCIELE)+1,41101000001)  FROM CTELEMEN WHERE CCIDOC = 41101000001), (SELECT MAX(CDITXT)+1 FROM CTTEXTES WHERE CDIELE = ((SELECT COALESCE(MAX(CCIELE)+1,41101000001)  FROM CTELEMEN WHERE CCIDOC = 41101000001))), 'fr', 'Montant ventilé, bénéficiaire: {ventilation}', '20210201120000globaz');
-- INSERT INTO CTTEXTES (CDIELE, CDITXT, CDLCIL, CDLDES, PSPY) VALUES ((SELECT COALESCE(MAX(CCIELE)+1,41101000001)  FROM CTELEMEN WHERE CCIDOC = 41101000001), (SELECT MAX(CDITXT)+1 FROM CTTEXTES WHERE CDIELE = ((SELECT COALESCE(MAX(CCIELE)+1,41101000001)  FROM CTELEMEN WHERE CCIDOC = 41101000001))), 'it', 'Montant ventilé, bénéficiaire: {ventilation}', '20210201120000globaz');
-- INSERT INTO CTELEMEN (CCIDOC, CCIELE, CCNPOS, CCNNIV, CCBDES, CCBSEL, CCBSBD, CCBEDI, PSPY) VALUES (41101000000+1, (SELECT COALESCE(MAX(CCIELE)+1,41101000001)  FROM CTELEMEN WHERE CCIDOC = 41101000001), 6, 3, '', '2', '2', '2', '20210201120000globaz');
--
-- INSERT INTO CTTEXTES (CDIELE, CDITXT, CDLCIL, CDLDES, PSPY) VALUES ((SELECT COALESCE(MAX(CCIELE)+1,41101000001)  FROM CTELEMEN WHERE CCIDOC = 41101000001), (SELECT COALESCE(MAX(CDITXT),41101000001)+1 FROM CTTEXTES WHERE CDIELE = ((SELECT COALESCE(MAX(CCIELE),41101000001)  FROM CTELEMEN WHERE CCIDOC = 41101000001))), 'de', 'Total', '20210201120000globaz');
-- INSERT INTO CTTEXTES (CDIELE, CDITXT, CDLCIL, CDLDES, PSPY) VALUES ((SELECT COALESCE(MAX(CCIELE)+1,41101000001)  FROM CTELEMEN WHERE CCIDOC = 41101000001), (SELECT MAX(CDITXT)+1 FROM CTTEXTES WHERE CDIELE = ((SELECT COALESCE(MAX(CCIELE)+1,41101000001)  FROM CTELEMEN WHERE CCIDOC = 41101000001))), 'fr', 'Total', '20210201120000globaz');
-- INSERT INTO CTTEXTES (CDIELE, CDITXT, CDLCIL, CDLDES, PSPY) VALUES ((SELECT COALESCE(MAX(CCIELE)+1,41101000001)  FROM CTELEMEN WHERE CCIDOC = 41101000001), (SELECT MAX(CDITXT)+1 FROM CTTEXTES WHERE CDIELE = ((SELECT COALESCE(MAX(CCIELE)+1,41101000001)  FROM CTELEMEN WHERE CCIDOC = 41101000001))), 'it', 'Total', '20210201120000globaz');
-- INSERT INTO CTELEMEN (CCIDOC, CCIELE, CCNPOS, CCNNIV, CCBDES, CCBSEL, CCBSBD, CCBEDI, PSPY) VALUES (41101000000+1, (SELECT COALESCE(MAX(CCIELE)+1,41101000001)  FROM CTELEMEN WHERE CCIDOC = 41101000001), 7, 3, '', '2', '2', '2', '20210201120000globaz');
--
-- INSERT INTO CTTEXTES (CDIELE, CDITXT, CDLCIL, CDLDES, PSPY) VALUES ((SELECT COALESCE(MAX(CCIELE)+1,41101000001)  FROM CTELEMEN WHERE CCIDOC = 41101000001), (SELECT COALESCE(MAX(CDITXT),41101000001)+1 FROM CTTEXTES WHERE CDIELE = ((SELECT COALESCE(MAX(CCIELE),41101000001)  FROM CTELEMEN WHERE CCIDOC = 41101000001))), 'de', 'Abzug auf der nächsten Rechnung', '20210201120000globaz');
-- INSERT INTO CTTEXTES (CDIELE, CDITXT, CDLCIL, CDLDES, PSPY) VALUES ((SELECT COALESCE(MAX(CCIELE)+1,41101000001)  FROM CTELEMEN WHERE CCIDOC = 41101000001), (SELECT MAX(CDITXT)+1 FROM CTTEXTES WHERE CDIELE = ((SELECT COALESCE(MAX(CCIELE)+1,41101000001)  FROM CTELEMEN WHERE CCIDOC = 41101000001))), 'fr', 'Déduction sur la prochaine facture', '20210201120000globaz');
-- INSERT INTO CTTEXTES (CDIELE, CDITXT, CDLCIL, CDLDES, PSPY) VALUES ((SELECT COALESCE(MAX(CCIELE)+1,41101000001)  FROM CTELEMEN WHERE CCIDOC = 41101000001), (SELECT MAX(CDITXT)+1 FROM CTTEXTES WHERE CDIELE = ((SELECT COALESCE(MAX(CCIELE)+1,41101000001)  FROM CTELEMEN WHERE CCIDOC = 41101000001))), 'it', 'Déduction sur la prochaine facture', '20210201120000globaz');
-- INSERT INTO CTELEMEN (CCIDOC, CCIELE, CCNPOS, CCNNIV, CCBDES, CCBSEL, CCBSBD, CCBEDI, PSPY) VALUES (41101000000+1, (SELECT COALESCE(MAX(CCIELE)+1,41101000001)  FROM CTELEMEN WHERE CCIDOC = 41101000001), 8, 3, '', '2', '2', '2', '20210201120000globaz');
--
-- INSERT INTO CTTEXTES (CDIELE, CDITXT, CDLCIL, CDLDES, PSPY) VALUES ((SELECT COALESCE(MAX(CCIELE)+1,41101000001)  FROM CTELEMEN WHERE CCIDOC = 41101000001), (SELECT COALESCE(MAX(CDITXT),41101000001)+1 FROM CTTEXTES WHERE CDIELE = ((SELECT COALESCE(MAX(CCIELE),41101000001)  FROM CTELEMEN WHERE CCIDOC = 41101000001))), 'de', 'Zahlung', '20210201120000globaz');
-- INSERT INTO CTTEXTES (CDIELE, CDITXT, CDLCIL, CDLDES, PSPY) VALUES ((SELECT COALESCE(MAX(CCIELE)+1,41101000001)  FROM CTELEMEN WHERE CCIDOC = 41101000001), (SELECT MAX(CDITXT)+1 FROM CTTEXTES WHERE CDIELE = ((SELECT COALESCE(MAX(CCIELE)+1,41101000001)  FROM CTELEMEN WHERE CCIDOC = 41101000001))), 'fr', 'Versement', '20210201120000globaz');
-- INSERT INTO CTTEXTES (CDIELE, CDITXT, CDLCIL, CDLDES, PSPY) VALUES ((SELECT COALESCE(MAX(CCIELE)+1,41101000001)  FROM CTELEMEN WHERE CCIDOC = 41101000001), (SELECT MAX(CDITXT)+1 FROM CTTEXTES WHERE CDIELE = ((SELECT COALESCE(MAX(CCIELE)+1,41101000001)  FROM CTELEMEN WHERE CCIDOC = 41101000001))), 'it', 'Versement', '20210201120000globaz');
-- INSERT INTO CTELEMEN (CCIDOC, CCIELE, CCNPOS, CCNNIV, CCBDES, CCBSEL, CCBSBD, CCBEDI, PSPY) VALUES (41101000000+1, (SELECT COALESCE(MAX(CCIELE)+1,41101000001)  FROM CTELEMEN WHERE CCIDOC = 41101000001), 9, 3, '', '2', '2', '2', '20210201120000globaz');
--
-- INSERT INTO CTTEXTES (CDIELE, CDITXT, CDLCIL, CDLDES, PSPY) VALUES ((SELECT COALESCE(MAX(CCIELE)+1,41101000001)  FROM CTELEMEN WHERE CCIDOC = 41101000001), (SELECT COALESCE(MAX(CDITXT),41101000001)+1 FROM CTTEXTES WHERE CDIELE = ((SELECT COALESCE(MAX(CCIELE),41101000001)  FROM CTELEMEN WHERE CCIDOC = 41101000001))), 'de', 'Endsumme', '20210201120000globaz');
-- INSERT INTO CTTEXTES (CDIELE, CDITXT, CDLCIL, CDLDES, PSPY) VALUES ((SELECT COALESCE(MAX(CCIELE)+1,41101000001)  FROM CTELEMEN WHERE CCIDOC = 41101000001), (SELECT MAX(CDITXT)+1 FROM CTTEXTES WHERE CDIELE = ((SELECT COALESCE(MAX(CCIELE)+1,41101000001)  FROM CTELEMEN WHERE CCIDOC = 41101000001))), 'fr', 'Total final', '20210201120000globaz');
-- INSERT INTO CTTEXTES (CDIELE, CDITXT, CDLCIL, CDLDES, PSPY) VALUES ((SELECT COALESCE(MAX(CCIELE)+1,41101000001)  FROM CTELEMEN WHERE CCIDOC = 41101000001), (SELECT MAX(CDITXT)+1 FROM CTTEXTES WHERE CDIELE = ((SELECT COALESCE(MAX(CCIELE)+1,41101000001)  FROM CTELEMEN WHERE CCIDOC = 41101000001))), 'it', 'Total final', '20210201120000globaz');
-- INSERT INTO CTELEMEN (CCIDOC, CCIELE, CCNPOS, CCNNIV, CCBDES, CCBSEL, CCBSBD, CCBEDI, PSPY) VALUES (41101000000+1, (SELECT COALESCE(MAX(CCIELE)+1,41101000001)  FROM CTELEMEN WHERE CCIDOC = 41101000001), 11, 3, '', '2', '2', '2', '20210201120000globaz');
--
-- INSERT INTO CTTEXTES (CDIELE, CDITXT, CDLCIL, CDLDES, PSPY) VALUES ((SELECT COALESCE(MAX(CCIELE)+1,41101000001)  FROM CTELEMEN WHERE CCIDOC = 41101000001), (SELECT COALESCE(MAX(CDITXT),41101000001)+1 FROM CTTEXTES WHERE CDIELE = ((SELECT COALESCE(MAX(CCIELE),41101000001)  FROM CTELEMEN WHERE CCIDOC = 41101000001))), 'de', 'Quellensteuer {tauxImposition}', '20210201120000globaz');
-- INSERT INTO CTTEXTES (CDIELE, CDITXT, CDLCIL, CDLDES, PSPY) VALUES ((SELECT COALESCE(MAX(CCIELE)+1,41101000001)  FROM CTELEMEN WHERE CCIDOC = 41101000001), (SELECT MAX(CDITXT)+1 FROM CTTEXTES WHERE CDIELE = ((SELECT COALESCE(MAX(CCIELE)+1,41101000001)  FROM CTELEMEN WHERE CCIDOC = 41101000001))), 'fr', 'Impôt à la source {tauxImposition}', '20210201120000globaz');
-- INSERT INTO CTTEXTES (CDIELE, CDITXT, CDLCIL, CDLDES, PSPY) VALUES ((SELECT COALESCE(MAX(CCIELE)+1,41101000001)  FROM CTELEMEN WHERE CCIDOC = 41101000001), (SELECT MAX(CDITXT)+1 FROM CTTEXTES WHERE CDIELE = ((SELECT COALESCE(MAX(CCIELE)+1,41101000001)  FROM CTELEMEN WHERE CCIDOC = 41101000001))), 'it', 'Impôt à la source {tauxImposition}', '20210201120000globaz');
-- INSERT INTO CTELEMEN (CCIDOC, CCIELE, CCNPOS, CCNNIV, CCBDES, CCBSEL, CCBSBD, CCBEDI, PSPY) VALUES (41101000000+1, (SELECT COALESCE(MAX(CCIELE)+1,41101000001)  FROM CTELEMEN WHERE CCIDOC = 41101000001), 12, 3, '', '2', '2', '2', '20210201120000globaz');
--
-- INSERT INTO CTTEXTES (CDIELE, CDITXT, CDLCIL, CDLDES, PSPY) VALUES ((SELECT COALESCE(MAX(CCIELE)+1,41101000001)  FROM CTELEMEN WHERE CCIDOC = 41101000001), (SELECT COALESCE(MAX(CDITXT),41101000001)+1 FROM CTTEXTES WHERE CDIELE = ((SELECT COALESCE(MAX(CCIELE),41101000001)  FROM CTELEMEN WHERE CCIDOC = 41101000001))), 'de', '{nomAVS}', '20210201120000globaz');
-- INSERT INTO CTTEXTES (CDIELE, CDITXT, CDLCIL, CDLDES, PSPY) VALUES ((SELECT COALESCE(MAX(CCIELE)+1,41101000001)  FROM CTELEMEN WHERE CCIDOC = 41101000001), (SELECT MAX(CDITXT)+1 FROM CTTEXTES WHERE CDIELE = ((SELECT COALESCE(MAX(CCIELE)+1,41101000001)  FROM CTELEMEN WHERE CCIDOC = 41101000001))), 'fr', '{nomAVS}', '20210201120000globaz');
-- INSERT INTO CTTEXTES (CDIELE, CDITXT, CDLCIL, CDLDES, PSPY) VALUES ((SELECT COALESCE(MAX(CCIELE)+1,41101000001)  FROM CTELEMEN WHERE CCIDOC = 41101000001), (SELECT MAX(CDITXT)+1 FROM CTTEXTES WHERE CDIELE = ((SELECT COALESCE(MAX(CCIELE)+1,41101000001)  FROM CTELEMEN WHERE CCIDOC = 41101000001))), 'it', '{nomAVS}', '20210201120000globaz');
-- INSERT INTO CTELEMEN (CCIDOC, CCIELE, CCNPOS, CCNNIV, CCBDES, CCBSEL, CCBSBD, CCBEDI, PSPY) VALUES (41101000000+1, (SELECT COALESCE(MAX(CCIELE)+1,41101000001)  FROM CTELEMEN WHERE CCIDOC = 41101000001), 13, 3, '', '2', '2', '2', '20210201120000globaz');
--
-- INSERT INTO CTTEXTES (CDIELE, CDITXT, CDLCIL, CDLDES, PSPY) VALUES ((SELECT COALESCE(MAX(CCIELE)+1,41101000001)  FROM CTELEMEN WHERE CCIDOC = 41101000001), (SELECT COALESCE(MAX(CDITXT),41101000001)+1 FROM CTTEXTES WHERE CDIELE = ((SELECT COALESCE(MAX(CCIELE),41101000001)  FROM CTELEMEN WHERE CCIDOC = 41101000001))), 'de', '{periode}', '20210201120000globaz');
-- INSERT INTO CTTEXTES (CDIELE, CDITXT, CDLCIL, CDLDES, PSPY) VALUES ((SELECT COALESCE(MAX(CCIELE)+1,41101000001)  FROM CTELEMEN WHERE CCIDOC = 41101000001), (SELECT MAX(CDITXT)+1 FROM CTTEXTES WHERE CDIELE = ((SELECT COALESCE(MAX(CCIELE)+1,41101000001)  FROM CTELEMEN WHERE CCIDOC = 41101000001))), 'fr', '{periode}', '20210201120000globaz');
-- INSERT INTO CTTEXTES (CDIELE, CDITXT, CDLCIL, CDLDES, PSPY) VALUES ((SELECT COALESCE(MAX(CCIELE)+1,41101000001)  FROM CTELEMEN WHERE CCIDOC = 41101000001), (SELECT MAX(CDITXT)+1 FROM CTTEXTES WHERE CDIELE = ((SELECT COALESCE(MAX(CCIELE)+1,41101000001)  FROM CTELEMEN WHERE CCIDOC = 41101000001))), 'it', '{periode}', '20210201120000globaz');
-- INSERT INTO CTELEMEN (CCIDOC, CCIELE, CCNPOS, CCNNIV, CCBDES, CCBSEL, CCBSBD, CCBEDI, PSPY) VALUES (41101000000+1, (SELECT COALESCE(MAX(CCIELE)+1,41101000001)  FROM CTELEMEN WHERE CCIDOC = 41101000001), 14, 3, '', '2', '2', '2', '20210201120000globaz');
--
-- INSERT INTO CTTEXTES (CDIELE, CDITXT, CDLCIL, CDLDES, PSPY) VALUES ((SELECT COALESCE(MAX(CCIELE)+1,41101000001)  FROM CTELEMEN WHERE CCIDOC = 41101000001), (SELECT COALESCE(MAX(CDITXT),41101000001)+1 FROM CTTEXTES WHERE CDIELE = ((SELECT COALESCE(MAX(CCIELE),41101000001)  FROM CTELEMEN WHERE CCIDOC = 41101000001))), 'de', '<p>Beiträge</p>', '20210201120000globaz');
-- INSERT INTO CTTEXTES (CDIELE, CDITXT, CDLCIL, CDLDES, PSPY) VALUES ((SELECT COALESCE(MAX(CCIELE)+1,41101000001)  FROM CTELEMEN WHERE CCIDOC = 41101000001), (SELECT MAX(CDITXT)+1 FROM CTTEXTES WHERE CDIELE = ((SELECT COALESCE(MAX(CCIELE)+1,41101000001)  FROM CTELEMEN WHERE CCIDOC = 41101000001))), 'fr', '<p>Cotisations</p>', '20210201120000globaz');
-- INSERT INTO CTTEXTES (CDIELE, CDITXT, CDLCIL, CDLDES, PSPY) VALUES ((SELECT COALESCE(MAX(CCIELE)+1,41101000001)  FROM CTELEMEN WHERE CCIDOC = 41101000001), (SELECT MAX(CDITXT)+1 FROM CTTEXTES WHERE CDIELE = ((SELECT COALESCE(MAX(CCIELE)+1,41101000001)  FROM CTELEMEN WHERE CCIDOC = 41101000001))), 'it', '<p>Cotisations</p>', '20210201120000globaz');
-- INSERT INTO CTELEMEN (CCIDOC, CCIELE, CCNPOS, CCNNIV, CCBDES, CCBSEL, CCBSBD, CCBEDI, PSPY) VALUES (41101000000+1, (SELECT COALESCE(MAX(CCIELE)+1,41101000001)  FROM CTELEMEN WHERE CCIDOC = 41101000001), 15, 3, '', '2', '2', '2', '20210201120000globaz');
--
-- INSERT INTO CTTEXTES (CDIELE, CDITXT, CDLCIL, CDLDES, PSPY) VALUES ((SELECT COALESCE(MAX(CCIELE)+1,41101000001)  FROM CTELEMEN WHERE CCIDOC = 41101000001), (SELECT COALESCE(MAX(CDITXT),41101000001)+1 FROM CTTEXTES WHERE CDIELE = ((SELECT COALESCE(MAX(CCIELE),41101000001)  FROM CTELEMEN WHERE CCIDOC = 41101000001))), 'de', '{montantPeriode}', '20210201120000globaz');
-- INSERT INTO CTTEXTES (CDIELE, CDITXT, CDLCIL, CDLDES, PSPY) VALUES ((SELECT COALESCE(MAX(CCIELE)+1,41101000001)  FROM CTELEMEN WHERE CCIDOC = 41101000001), (SELECT MAX(CDITXT)+1 FROM CTTEXTES WHERE CDIELE = ((SELECT COALESCE(MAX(CCIELE)+1,41101000001)  FROM CTELEMEN WHERE CCIDOC = 41101000001))), 'fr', '{montantPeriode}', '20210201120000globaz');
-- INSERT INTO CTTEXTES (CDIELE, CDITXT, CDLCIL, CDLDES, PSPY) VALUES ((SELECT COALESCE(MAX(CCIELE)+1,41101000001)  FROM CTELEMEN WHERE CCIDOC = 41101000001), (SELECT MAX(CDITXT)+1 FROM CTTEXTES WHERE CDIELE = ((SELECT COALESCE(MAX(CCIELE)+1,41101000001)  FROM CTELEMEN WHERE CCIDOC = 41101000001))), 'it', '{montantPeriode}', '20210201120000globaz');
-- INSERT INTO CTELEMEN (CCIDOC, CCIELE, CCNPOS, CCNNIV, CCBDES, CCBSEL, CCBSBD, CCBEDI, PSPY) VALUES (41101000000+1, (SELECT COALESCE(MAX(CCIELE)+1,41101000001)  FROM CTELEMEN WHERE CCIDOC = 41101000001), 16, 3, '', '2', '2', '2', '20210201120000globaz');
--
-- INSERT INTO CTTEXTES (CDIELE, CDITXT, CDLCIL, CDLDES, PSPY) VALUES ((SELECT COALESCE(MAX(CCIELE)+1,41101000001)  FROM CTELEMEN WHERE CCIDOC = 41101000001), (SELECT COALESCE(MAX(CDITXT),41101000001)+1 FROM CTTEXTES WHERE CDIELE = ((SELECT COALESCE(MAX(CCIELE),41101000001)  FROM CTELEMEN WHERE CCIDOC = 41101000001))), 'de', '{montantCoti}', '20210201120000globaz');
-- INSERT INTO CTTEXTES (CDIELE, CDITXT, CDLCIL, CDLDES, PSPY) VALUES ((SELECT COALESCE(MAX(CCIELE)+1,41101000001)  FROM CTELEMEN WHERE CCIDOC = 41101000001), (SELECT MAX(CDITXT)+1 FROM CTTEXTES WHERE CDIELE = ((SELECT COALESCE(MAX(CCIELE)+1,41101000001)  FROM CTELEMEN WHERE CCIDOC = 41101000001))), 'fr', '{montantCoti}', '20210201120000globaz');
-- INSERT INTO CTTEXTES (CDIELE, CDITXT, CDLCIL, CDLDES, PSPY) VALUES ((SELECT COALESCE(MAX(CCIELE)+1,41101000001)  FROM CTELEMEN WHERE CCIDOC = 41101000001), (SELECT MAX(CDITXT)+1 FROM CTTEXTES WHERE CDIELE = ((SELECT COALESCE(MAX(CCIELE)+1,41101000001)  FROM CTELEMEN WHERE CCIDOC = 41101000001))), 'it', '{montantCoti}', '20210201120000globaz');
-- INSERT INTO CTELEMEN (CCIDOC, CCIELE, CCNPOS, CCNNIV, CCBDES, CCBSEL, CCBSBD, CCBEDI, PSPY) VALUES (41101000000+1, (SELECT COALESCE(MAX(CCIELE)+1,41101000001)  FROM CTELEMEN WHERE CCIDOC = 41101000001), 17, 3, '', '2', '2', '2', '20210201120000globaz');
--
-- INSERT INTO CTTEXTES (CDIELE, CDITXT, CDLCIL, CDLDES, PSPY) VALUES ((SELECT COALESCE(MAX(CCIELE)+1,41101000001)  FROM CTELEMEN WHERE CCIDOC = 41101000001), (SELECT COALESCE(MAX(CDITXT),41101000001)+1 FROM CTTEXTES WHERE CDIELE = ((SELECT COALESCE(MAX(CCIELE),41101000001)  FROM CTELEMEN WHERE CCIDOC = 41101000001))), 'de', '{montantTotal}', '20210201120000globaz');
-- INSERT INTO CTTEXTES (CDIELE, CDITXT, CDLCIL, CDLDES, PSPY) VALUES ((SELECT COALESCE(MAX(CCIELE)+1,41101000001)  FROM CTELEMEN WHERE CCIDOC = 41101000001), (SELECT MAX(CDITXT)+1 FROM CTTEXTES WHERE CDIELE = ((SELECT COALESCE(MAX(CCIELE)+1,41101000001)  FROM CTELEMEN WHERE CCIDOC = 41101000001))), 'fr', '{montantTotal}', '20210201120000globaz');
-- INSERT INTO CTTEXTES (CDIELE, CDITXT, CDLCIL, CDLDES, PSPY) VALUES ((SELECT COALESCE(MAX(CCIELE)+1,41101000001)  FROM CTELEMEN WHERE CCIDOC = 41101000001), (SELECT MAX(CDITXT)+1 FROM CTTEXTES WHERE CDIELE = ((SELECT COALESCE(MAX(CCIELE)+1,41101000001)  FROM CTELEMEN WHERE CCIDOC = 41101000001))), 'it', '{montantTotal}', '20210201120000globaz');
-- INSERT INTO CTELEMEN (CCIDOC, CCIELE, CCNPOS, CCNNIV, CCBDES, CCBSEL, CCBSBD, CCBEDI, PSPY) VALUES (41101000000+1, (SELECT COALESCE(MAX(CCIELE)+1,41101000001)  FROM CTELEMEN WHERE CCIDOC = 41101000001), 18, 3, '', '2', '2', '2', '20210201120000globaz');
--
-- INSERT INTO CTTEXTES (CDIELE, CDITXT, CDLCIL, CDLDES, PSPY) VALUES ((SELECT COALESCE(MAX(CCIELE)+1,41101000001)  FROM CTELEMEN WHERE CCIDOC = 41101000001), (SELECT COALESCE(MAX(CDITXT),41101000001)+1 FROM CTTEXTES WHERE CDIELE = ((SELECT COALESCE(MAX(CCIELE),41101000001)  FROM CTELEMEN WHERE CCIDOC = 41101000001))), 'de', '{remarque}', '20210201120000globaz');
-- INSERT INTO CTTEXTES (CDIELE, CDITXT, CDLCIL, CDLDES, PSPY) VALUES ((SELECT COALESCE(MAX(CCIELE)+1,41101000001)  FROM CTELEMEN WHERE CCIDOC = 41101000001), (SELECT MAX(CDITXT)+1 FROM CTTEXTES WHERE CDIELE = ((SELECT COALESCE(MAX(CCIELE)+1,41101000001)  FROM CTELEMEN WHERE CCIDOC = 41101000001))), 'fr', '{remarque}', '20210201120000globaz');
-- INSERT INTO CTTEXTES (CDIELE, CDITXT, CDLCIL, CDLDES, PSPY) VALUES ((SELECT COALESCE(MAX(CCIELE)+1,41101000001)  FROM CTELEMEN WHERE CCIDOC = 41101000001), (SELECT MAX(CDITXT)+1 FROM CTTEXTES WHERE CDIELE = ((SELECT COALESCE(MAX(CCIELE)+1,41101000001)  FROM CTELEMEN WHERE CCIDOC = 41101000001))), 'it', '{remarque}', '20210201120000globaz');
-- INSERT INTO CTELEMEN (CCIDOC, CCIELE, CCNPOS, CCNNIV, CCBDES, CCBSEL, CCBSBD, CCBEDI, PSPY) VALUES (41101000000+1, (SELECT COALESCE(MAX(CCIELE)+1,41101000001)  FROM CTELEMEN WHERE CCIDOC = 41101000001), 19, 3, '', '2', '2', '2', '20210201120000globaz');
--
-- INSERT INTO CTTEXTES (CDIELE, CDITXT, CDLCIL, CDLDES, PSPY) VALUES ((SELECT COALESCE(MAX(CCIELE)+1,41101000001)  FROM CTELEMEN WHERE CCIDOC = 41101000001), (SELECT COALESCE(MAX(CDITXT),41101000001)+1 FROM CTTEXTES WHERE CDIELE = ((SELECT COALESCE(MAX(CCIELE),41101000001)  FROM CTELEMEN WHERE CCIDOC = 41101000001))), 'de', '<p>Rückerstattung</p>', '20210201120000globaz');
-- INSERT INTO CTTEXTES (CDIELE, CDITXT, CDLCIL, CDLDES, PSPY) VALUES ((SELECT COALESCE(MAX(CCIELE)+1,41101000001)  FROM CTELEMEN WHERE CCIDOC = 41101000001), (SELECT MAX(CDITXT)+1 FROM CTTEXTES WHERE CDIELE = ((SELECT COALESCE(MAX(CCIELE)+1,41101000001)  FROM CTELEMEN WHERE CCIDOC = 41101000001))), 'fr', '<p>Restitution</p>', '20210201120000globaz');
-- INSERT INTO CTTEXTES (CDIELE, CDITXT, CDLCIL, CDLDES, PSPY) VALUES ((SELECT COALESCE(MAX(CCIELE)+1,41101000001)  FROM CTELEMEN WHERE CCIDOC = 41101000001),(SELECT MAX(CDITXT)+1 FROM CTTEXTES WHERE CDIELE = ((SELECT COALESCE(MAX(CCIELE)+1,41101000001)  FROM CTELEMEN WHERE CCIDOC = 41101000001))), 'it', '<p>Restitution</p>', '20210201120000globaz');
-- INSERT INTO CTELEMEN (CCIDOC, CCIELE, CCNPOS, CCNNIV, CCBDES, CCBSEL, CCBSBD, CCBEDI, PSPY) VALUES (41101000000+1, (SELECT COALESCE(MAX(CCIELE)+1,41101000001)  FROM CTELEMEN WHERE CCIDOC = 41101000001), 20, 3, '', '2', '2', '2', '20210201120000globaz');
--
-- INSERT INTO CTTEXTES (CDIELE, CDITXT, CDLCIL, CDLDES, PSPY) VALUES ((SELECT COALESCE(MAX(CCIELE)+1,41101000001)  FROM CTELEMEN WHERE CCIDOC = 41101000001), (SELECT COALESCE(MAX(CDITXT),41101000001)+1 FROM CTTEXTES WHERE CDIELE = ((SELECT COALESCE(MAX(CCIELE),41101000001)  FROM CTELEMEN WHERE CCIDOC = 41101000001))), 'de', '{montantImpot}', '20210201120000globaz');
-- INSERT INTO CTTEXTES (CDIELE, CDITXT, CDLCIL, CDLDES, PSPY) VALUES ((SELECT COALESCE(MAX(CCIELE)+1,41101000001)  FROM CTELEMEN WHERE CCIDOC = 41101000001), (SELECT MAX(CDITXT)+1 FROM CTTEXTES WHERE CDIELE = ((SELECT COALESCE(MAX(CCIELE)+1,41101000001)  FROM CTELEMEN WHERE CCIDOC = 41101000001))), 'fr', '{montantImpot}', '20210201120000globaz');
-- INSERT INTO CTTEXTES (CDIELE, CDITXT, CDLCIL, CDLDES, PSPY) VALUES ((SELECT COALESCE(MAX(CCIELE)+1,41101000001)  FROM CTELEMEN WHERE CCIDOC = 41101000001), (SELECT MAX(CDITXT)+1 FROM CTTEXTES WHERE CDIELE = ((SELECT COALESCE(MAX(CCIELE)+1,41101000001)  FROM CTELEMEN WHERE CCIDOC = 41101000001))), 'it', '{montantImpot}', '20210201120000globaz');
-- INSERT INTO CTELEMEN (CCIDOC, CCIELE, CCNPOS, CCNNIV, CCBDES, CCBSEL, CCBSBD, CCBEDI, PSPY) VALUES (41101000000+1, (SELECT COALESCE(MAX(CCIELE)+1,41101000001)  FROM CTELEMEN WHERE CCIDOC = 41101000001), 22, 3, '', '2', '2', '2', '20210201120000globaz');
--
-- INSERT INTO CTTEXTES (CDIELE, CDITXT, CDLCIL, CDLDES, PSPY) VALUES ((SELECT COALESCE(MAX(CCIELE)+1,41101000001)  FROM CTELEMEN WHERE CCIDOC = 41101000001), (SELECT COALESCE(MAX(CDITXT),41101000001)+1 FROM CTTEXTES WHERE CDIELE = ((SELECT COALESCE(MAX(CCIELE),41101000001)  FROM CTELEMEN WHERE CCIDOC = 41101000001))), 'de', '{montantVentilation}', '20210201120000globaz');
-- INSERT INTO CTTEXTES (CDIELE, CDITXT, CDLCIL, CDLDES, PSPY) VALUES ((SELECT COALESCE(MAX(CCIELE)+1,41101000001)  FROM CTELEMEN WHERE CCIDOC = 41101000001), (SELECT MAX(CDITXT)+1 FROM CTTEXTES WHERE CDIELE = ((SELECT COALESCE(MAX(CCIELE)+1,41101000001)  FROM CTELEMEN WHERE CCIDOC = 41101000001))), 'fr', '{montantVentilation}', '20210201120000globaz');
-- INSERT INTO CTTEXTES (CDIELE, CDITXT, CDLCIL, CDLDES, PSPY) VALUES ((SELECT COALESCE(MAX(CCIELE)+1,41101000001)  FROM CTELEMEN WHERE CCIDOC = 41101000001), (SELECT MAX(CDITXT)+1 FROM CTTEXTES WHERE CDIELE = ((SELECT COALESCE(MAX(CCIELE)+1,41101000001)  FROM CTELEMEN WHERE CCIDOC = 41101000001))), 'it', '{montantVentilation}', '20210201120000globaz');
-- INSERT INTO CTELEMEN (CCIDOC, CCIELE, CCNPOS, CCNNIV, CCBDES, CCBSEL, CCBSBD, CCBEDI, PSPY) VALUES (41101000000+1, (SELECT COALESCE(MAX(CCIELE)+1,41101000001)  FROM CTELEMEN WHERE CCIDOC = 41101000001), 24, 3, '', '2', '2', '2', '20210201120000globaz');
--
-- INSERT INTO CTTEXTES (CDIELE, CDITXT, CDLCIL, CDLDES, PSPY) VALUES ((SELECT COALESCE(MAX(CCIELE)+1,41101000001)  FROM CTELEMEN WHERE CCIDOC = 41101000001), (SELECT COALESCE(MAX(CDITXT),41101000001)+1 FROM CTTEXTES WHERE CDIELE = ((SELECT COALESCE(MAX(CCIELE),41101000001)  FROM CTELEMEN WHERE CCIDOC = 41101000001))), 'de', 'Verrechnung mit Rechnung Nr. {compSurFacture}', '20210201120000globaz');
-- INSERT INTO CTTEXTES (CDIELE, CDITXT, CDLCIL, CDLDES, PSPY) VALUES ((SELECT COALESCE(MAX(CCIELE)+1,41101000001)  FROM CTELEMEN WHERE CCIDOC = 41101000001), (SELECT MAX(CDITXT)+1 FROM CTTEXTES WHERE CDIELE = ((SELECT COALESCE(MAX(CCIELE)+1,41101000001)  FROM CTELEMEN WHERE CCIDOC = 41101000001))), 'fr', 'Compensation sur facture n° {compSurFacture}', '20210201120000globaz');
-- INSERT INTO CTTEXTES (CDIELE, CDITXT, CDLCIL, CDLDES, PSPY) VALUES ((SELECT COALESCE(MAX(CCIELE)+1,41101000001)  FROM CTELEMEN WHERE CCIDOC = 41101000001), (SELECT MAX(CDITXT)+1 FROM CTTEXTES WHERE CDIELE = ((SELECT COALESCE(MAX(CCIELE)+1,41101000001)  FROM CTELEMEN WHERE CCIDOC = 41101000001))), 'it', 'Compensation sur facture n° {compSurFacture}', '20210201120000globaz');
-- INSERT INTO CTELEMEN (CCIDOC, CCIELE, CCNPOS, CCNNIV, CCBDES, CCBSEL, CCBSBD, CCBEDI, PSPY) VALUES (41101000000+1, (SELECT COALESCE(MAX(CCIELE)+1,41101000001)  FROM CTELEMEN WHERE CCIDOC = 41101000001), 25, 3, '', '2', '2', '2', '20210201120000globaz');
--
-- INSERT INTO CTTEXTES (CDIELE, CDITXT, CDLCIL, CDLDES, PSPY) VALUES ((SELECT COALESCE(MAX(CCIELE)+1,41101000001)  FROM CTELEMEN WHERE CCIDOC = 41101000001), (SELECT COALESCE(MAX(CDITXT),41101000001)+1 FROM CTTEXTES WHERE CDIELE = ((SELECT COALESCE(MAX(CCIELE),41101000001)  FROM CTELEMEN WHERE CCIDOC = 41101000001))), 'de', '{montantCompensation}', '20210201120000globaz');
-- INSERT INTO CTTEXTES (CDIELE, CDITXT, CDLCIL, CDLDES, PSPY) VALUES ((SELECT COALESCE(MAX(CCIELE)+1,41101000001)  FROM CTELEMEN WHERE CCIDOC = 41101000001), (SELECT MAX(CDITXT)+1 FROM CTTEXTES WHERE CDIELE = ((SELECT COALESCE(MAX(CCIELE)+1,41101000001)  FROM CTELEMEN WHERE CCIDOC = 41101000001))), 'fr', '{montantCompensation}', '20210201120000globaz');
-- INSERT INTO CTTEXTES (CDIELE, CDITXT, CDLCIL, CDLDES, PSPY) VALUES ((SELECT COALESCE(MAX(CCIELE)+1,41101000001)  FROM CTELEMEN WHERE CCIDOC = 41101000001), (SELECT MAX(CDITXT)+1 FROM CTTEXTES WHERE CDIELE = ((SELECT COALESCE(MAX(CCIELE)+1,41101000001)  FROM CTELEMEN WHERE CCIDOC = 41101000001))), 'it', '{montantCompensation}', '20210201120000globaz');
-- INSERT INTO CTELEMEN (CCIDOC, CCIELE, CCNPOS, CCNNIV, CCBDES, CCBSEL, CCBSBD, CCBEDI, PSPY) VALUES (41101000000+1, (SELECT COALESCE(MAX(CCIELE)+1,41101000001)  FROM CTELEMEN WHERE CCIDOC = 41101000001), 26, 3, '', '2', '2', '2', '20210201120000globaz');
--
-- INSERT INTO CTTEXTES (CDIELE, CDITXT, CDLCIL, CDLDES, PSPY) VALUES ((SELECT COALESCE(MAX(CCIELE)+1,41101000001)  FROM CTELEMEN WHERE CCIDOC = 41101000001), (SELECT COALESCE(MAX(CDITXT),41101000001)+1 FROM CTTEXTES WHERE CDIELE = ((SELECT COALESCE(MAX(CCIELE),41101000001)  FROM CTELEMEN WHERE CCIDOC = 41101000001))), 'de', '{montantFinal}', '20210201120000globaz');
-- INSERT INTO CTTEXTES (CDIELE, CDITXT, CDLCIL, CDLDES, PSPY) VALUES ((SELECT COALESCE(MAX(CCIELE)+1,41101000001)  FROM CTELEMEN WHERE CCIDOC = 41101000001), (SELECT MAX(CDITXT)+1 FROM CTTEXTES WHERE CDIELE = ((SELECT COALESCE(MAX(CCIELE)+1,41101000001)  FROM CTELEMEN WHERE CCIDOC = 41101000001))), 'fr', '{montantFinal}', '20210201120000globaz');
-- INSERT INTO CTTEXTES (CDIELE, CDITXT, CDLCIL, CDLDES, PSPY) VALUES ((SELECT COALESCE(MAX(CCIELE)+1,41101000001)  FROM CTELEMEN WHERE CCIDOC = 41101000001), (SELECT MAX(CDITXT)+1 FROM CTTEXTES WHERE CDIELE = ((SELECT COALESCE(MAX(CCIELE)+1,41101000001)  FROM CTELEMEN WHERE CCIDOC = 41101000001))), 'it', '{montantFinal}', '20210201120000globaz');
-- INSERT INTO CTELEMEN (CCIDOC, CCIELE, CCNPOS, CCNNIV, CCBDES, CCBSEL, CCBSBD, CCBEDI, PSPY) VALUES (41101000000+1, (SELECT COALESCE(MAX(CCIELE)+1,41101000001)  FROM CTELEMEN WHERE CCIDOC = 41101000001), 27, 3, '', '2', '2', '2', '20210201120000globaz');
--
-- INSERT INTO CTTEXTES (CDIELE, CDITXT, CDLCIL, CDLDES, PSPY) VALUES ((SELECT COALESCE(MAX(CCIELE)+1,41101000001)  FROM CTELEMEN WHERE CCIDOC = 41101000001), (SELECT COALESCE(MAX(CDITXT),41101000001)+1 FROM CTTEXTES WHERE CDIELE = ((SELECT COALESCE(MAX(CCIELE),41101000001)  FROM CTELEMEN WHERE CCIDOC = 41101000001))), 'de', 'AHV/IV/EO', '20210201120000globaz');
-- INSERT INTO CTTEXTES (CDIELE, CDITXT, CDLCIL, CDLDES, PSPY) VALUES ((SELECT COALESCE(MAX(CCIELE)+1,41101000001)  FROM CTELEMEN WHERE CCIDOC = 41101000001), (SELECT MAX(CDITXT)+1 FROM CTTEXTES WHERE CDIELE = ((SELECT COALESCE(MAX(CCIELE)+1,41101000001)  FROM CTELEMEN WHERE CCIDOC = 41101000001))), 'fr', 'AVS/AI/APG', '20210201120000globaz');
-- INSERT INTO CTTEXTES (CDIELE, CDITXT, CDLCIL, CDLDES, PSPY) VALUES ((SELECT COALESCE(MAX(CCIELE)+1,41101000001)  FROM CTELEMEN WHERE CCIDOC = 41101000001), (SELECT MAX(CDITXT)+1 FROM CTTEXTES WHERE CDIELE = ((SELECT COALESCE(MAX(CCIELE)+1,41101000001)  FROM CTELEMEN WHERE CCIDOC = 41101000001))), 'it', 'AVS/AI/APG', '20210201120000globaz');
-- INSERT INTO CTELEMEN (CCIDOC, CCIELE, CCNPOS, CCNNIV, CCBDES, CCBSEL, CCBSBD, CCBEDI, PSPY) VALUES (41101000000+1, (SELECT COALESCE(MAX(CCIELE)+1,41101000001)  FROM CTELEMEN WHERE CCIDOC = 41101000001), 40, 3, '', '2', '2', '2', '20210201120000globaz');
--
-- INSERT INTO CTTEXTES (CDIELE, CDITXT, CDLCIL, CDLDES, PSPY) VALUES ((SELECT COALESCE(MAX(CCIELE)+1,41101000001)  FROM CTELEMEN WHERE CCIDOC = 41101000001),  (SELECT COALESCE(MAX(CDITXT),41101000001)+1 FROM CTTEXTES WHERE CDIELE = ((SELECT COALESCE(MAX(CCIELE),41101000001)  FROM CTELEMEN WHERE CCIDOC = 41101000001))), 'de', '/ALV', '20210201120000globaz');
-- INSERT INTO CTTEXTES (CDIELE, CDITXT, CDLCIL, CDLDES, PSPY) VALUES ((SELECT COALESCE(MAX(CCIELE)+1,41101000001)  FROM CTELEMEN WHERE CCIDOC = 41101000001),(SELECT MAX(CDITXT)+1 FROM CTTEXTES WHERE CDIELE = ((SELECT COALESCE(MAX(CCIELE)+1,41101000001)  FROM CTELEMEN WHERE CCIDOC = 41101000001))), 'fr', '/AC', '20210201120000globaz');
-- INSERT INTO CTTEXTES (CDIELE, CDITXT, CDLCIL, CDLDES, PSPY) VALUES ((SELECT COALESCE(MAX(CCIELE)+1,41101000001)  FROM CTELEMEN WHERE CCIDOC = 41101000001), (SELECT MAX(CDITXT)+1 FROM CTTEXTES WHERE CDIELE = ((SELECT COALESCE(MAX(CCIELE)+1,41101000001)  FROM CTELEMEN WHERE CCIDOC = 41101000001))), 'it', '/AC', '20210201120000globaz');
-- INSERT INTO CTELEMEN (CCIDOC, CCIELE, CCNPOS, CCNNIV, CCBDES, CCBSEL, CCBSBD, CCBEDI, PSPY) VALUES (41101000000+1, (SELECT COALESCE(MAX(CCIELE)+1,41101000001)  FROM CTELEMEN WHERE CCIDOC = 41101000001), 41, 3, '', '2', '2', '2', '20210201120000globaz');
--
-- INSERT INTO CTTEXTES (CDIELE, CDITXT, CDLCIL, CDLDES, PSPY) VALUES ((SELECT COALESCE(MAX(CCIELE)+1,41101000001)  FROM CTELEMEN WHERE CCIDOC = 41101000001),  (SELECT COALESCE(MAX(CDITXT),41101000001)+1 FROM CTTEXTES WHERE CDIELE = ((SELECT COALESCE(MAX(CCIELE),41101000001)  FROM CTELEMEN WHERE CCIDOC = 41101000001))), 'de', '/FLG', '20210201120000globaz');
-- INSERT INTO CTTEXTES (CDIELE, CDITXT, CDLCIL, CDLDES, PSPY) VALUES ((SELECT COALESCE(MAX(CCIELE)+1,41101000001)  FROM CTELEMEN WHERE CCIDOC = 41101000001), (SELECT MAX(CDITXT)+1 FROM CTTEXTES WHERE CDIELE = ((SELECT COALESCE(MAX(CCIELE)+1,41101000001)  FROM CTELEMEN WHERE CCIDOC = 41101000001))), 'fr', '/LFA', '20210201120000globaz');
-- INSERT INTO CTTEXTES (CDIELE, CDITXT, CDLCIL, CDLDES, PSPY) VALUES ((SELECT COALESCE(MAX(CCIELE)+1,41101000001)  FROM CTELEMEN WHERE CCIDOC = 41101000001), (SELECT MAX(CDITXT)+1 FROM CTTEXTES WHERE CDIELE = ((SELECT COALESCE(MAX(CCIELE)+1,41101000001)  FROM CTELEMEN WHERE CCIDOC = 41101000001))), 'it', '/LFA', '20210201120000globaz');
-- INSERT INTO CTELEMEN (CCIDOC, CCIELE, CCNPOS, CCNNIV, CCBDES, CCBSEL, CCBSBD, CCBEDI, PSPY) VALUES (41101000000+1, (SELECT COALESCE(MAX(CCIELE)+1,41101000001)  FROM CTELEMEN WHERE CCIDOC = 41101000001), 42, 3, '', '2', '2', '2', '20210201120000globaz');
--
-- INSERT INTO CTTEXTES (CDIELE, CDITXT, CDLCIL, CDLDES, PSPY) VALUES ((SELECT COALESCE(MAX(CCIELE)+1,41101000001)  FROM CTELEMEN WHERE CCIDOC = 41101000001),  (SELECT COALESCE(MAX(CDITXT),41101000001)+1 FROM CTTEXTES WHERE CDIELE = ((SELECT COALESCE(MAX(CCIELE),41101000001)  FROM CTELEMEN WHERE CCIDOC = 41101000001))), 'de', '<span style=¢font-size: 9pt; font-family: ''Verdana'',''sans-serif''; color: black; line-height: 115%¢>Verrechnungen mit Rechnungen Nr. {compSurFacture}</span>', '20210201120000globaz');
-- INSERT INTO CTTEXTES (CDIELE, CDITXT, CDLCIL, CDLDES, PSPY) VALUES ((SELECT COALESCE(MAX(CCIELE)+1,41101000001)  FROM CTELEMEN WHERE CCIDOC = 41101000001), (SELECT MAX(CDITXT)+1 FROM CTTEXTES WHERE CDIELE = ((SELECT COALESCE(MAX(CCIELE)+1,41101000001)  FROM CTELEMEN WHERE CCIDOC = 41101000001))), 'fr', '<span style=¢font-size: 9pt; font-family: ''Verdana'',''sans-serif''; color: black; line-height: 115%¢>Compensations sur factures n° {compSurFacture}</span>', '20210201120000globaz');
-- INSERT INTO CTTEXTES (CDIELE, CDITXT, CDLCIL, CDLDES, PSPY) VALUES ((SELECT COALESCE(MAX(CCIELE)+1,41101000001)  FROM CTELEMEN WHERE CCIDOC = 41101000001), (SELECT MAX(CDITXT)+1 FROM CTTEXTES WHERE CDIELE = ((SELECT COALESCE(MAX(CCIELE)+1,41101000001)  FROM CTELEMEN WHERE CCIDOC = 41101000001))), 'it', '<span style=¢font-size: 9pt; font-family: ''Verdana'',''sans-serif''; color: black; line-height: 115%¢>Compensations sur factures n° {compSurFacture}</span>', '20210201120000globaz');
-- INSERT INTO CTELEMEN (CCIDOC, CCIELE, CCNPOS, CCNNIV, CCBDES, CCBSEL, CCBSBD, CCBEDI, PSPY) VALUES (41101000000+1, (SELECT COALESCE(MAX(CCIELE)+1,41101000001)  FROM CTELEMEN WHERE CCIDOC = 41101000001), 43, 3, '', '2', '2', '2', '20210201120000globaz');
--
-- INSERT INTO CTTEXTES (CDIELE, CDITXT, CDLCIL, CDLDES, PSPY) VALUES ((SELECT COALESCE(MAX(CCIELE)+1,41101000001)  FROM CTELEMEN WHERE CCIDOC = 41101000001),  (SELECT COALESCE(MAX(CDITXT),41101000001)+1 FROM CTTEXTES WHERE CDIELE = ((SELECT COALESCE(MAX(CCIELE),41101000001)  FROM CTELEMEN WHERE CCIDOC = 41101000001))), 'de', '{nbJours} Tag(e) zu CHF {mntJournalier}', '20210201120000globaz');
-- INSERT INTO CTTEXTES (CDIELE, CDITXT, CDLCIL, CDLDES, PSPY) VALUES ((SELECT COALESCE(MAX(CCIELE)+1,41101000001)  FROM CTELEMEN WHERE CCIDOC = 41101000001), (SELECT MAX(CDITXT)+1 FROM CTTEXTES WHERE CDIELE = ((SELECT COALESCE(MAX(CCIELE)+1,41101000001)  FROM CTELEMEN WHERE CCIDOC = 41101000001))), 'fr', '{nbJours} jour(s) à CHF {mntJournalier}', '20210201120000globaz');
-- INSERT INTO CTTEXTES (CDIELE, CDITXT, CDLCIL, CDLDES, PSPY) VALUES ((SELECT COALESCE(MAX(CCIELE)+1,41101000001)  FROM CTELEMEN WHERE CCIDOC = 41101000001), (SELECT MAX(CDITXT)+1 FROM CTTEXTES WHERE CDIELE = ((SELECT COALESCE(MAX(CCIELE)+1,41101000001)  FROM CTELEMEN WHERE CCIDOC = 41101000001))), 'it', '{nbJours} jour(s) à CHF {mntJournalier}', '20210201120000globaz');
-- INSERT INTO CTELEMEN (CCIDOC, CCIELE, CCNPOS, CCNNIV, CCBDES, CCBSEL, CCBSBD, CCBEDI, PSPY) VALUES (41101000000+1, (SELECT COALESCE(MAX(CCIELE)+1,41101000001)  FROM CTELEMEN WHERE CCIDOC = 41101000001), 44, 3, '', '2', '2', '2', '20210201120000globaz');
--
-- INSERT INTO CTTEXTES (CDIELE, CDITXT, CDLCIL, CDLDES, PSPY) VALUES ((SELECT COALESCE(MAX(CCIELE)+1,41101000001)  FROM CTELEMEN WHERE CCIDOC = 41101000001),  (SELECT COALESCE(MAX(CDITXT),41101000001)+1 FROM CTTEXTES WHERE CDIELE = ((SELECT COALESCE(MAX(CCIELE),41101000001)  FROM CTELEMEN WHERE CCIDOC = 41101000001))), 'de', 'Die Zahlung erfolgt an die folgende Adresse:', '20210201120000globaz');
-- INSERT INTO CTTEXTES (CDIELE, CDITXT, CDLCIL, CDLDES, PSPY) VALUES ((SELECT COALESCE(MAX(CCIELE)+1,41101000001)  FROM CTELEMEN WHERE CCIDOC = 41101000001),(SELECT MAX(CDITXT)+1 FROM CTTEXTES WHERE CDIELE = ((SELECT COALESCE(MAX(CCIELE)+1,41101000001)  FROM CTELEMEN WHERE CCIDOC = 41101000001))), 'fr', 'Le paiement sera effectué à l''adresse suivante :', '20210201120000globaz');
-- INSERT INTO CTTEXTES (CDIELE, CDITXT, CDLCIL, CDLDES, PSPY) VALUES ((SELECT COALESCE(MAX(CCIELE)+1,41101000001)  FROM CTELEMEN WHERE CCIDOC = 41101000001), (SELECT MAX(CDITXT)+1 FROM CTTEXTES WHERE CDIELE = ((SELECT COALESCE(MAX(CCIELE)+1,41101000001)  FROM CTELEMEN WHERE CCIDOC = 41101000001))), 'it', 'Le paiement sera effectué à l''adresse suivante :', '20210201120000globaz');
-- INSERT INTO CTELEMEN (CCIDOC, CCIELE, CCNPOS, CCNNIV, CCBDES, CCBSEL, CCBSBD, CCBEDI, PSPY) VALUES (41101000000+1, (SELECT COALESCE(MAX(CCIELE)+1,41101000001)  FROM CTELEMEN WHERE CCIDOC = 41101000001), 45, 3, '', '2', '2', '2', '20210201120000globaz');
--
-- INSERT INTO CTTEXTES (CDIELE, CDITXT, CDLCIL, CDLDES, PSPY) VALUES ((SELECT COALESCE(MAX(CCIELE)+1,41101000001)  FROM CTELEMEN WHERE CCIDOC = 41101000001),  (SELECT COALESCE(MAX(CDITXT),41101000001)+1 FROM CTTEXTES WHERE CDIELE = ((SELECT COALESCE(MAX(CCIELE),41101000001)  FROM CTELEMEN WHERE CCIDOC = 41101000001))), 'de', 'Die Zahlung erfolgt auf das Konto', '20210201120000globaz');
-- INSERT INTO CTTEXTES (CDIELE, CDITXT, CDLCIL, CDLDES, PSPY) VALUES ((SELECT COALESCE(MAX(CCIELE)+1,41101000001)  FROM CTELEMEN WHERE CCIDOC = 41101000001),(SELECT MAX(CDITXT)+1 FROM CTTEXTES WHERE CDIELE = ((SELECT COALESCE(MAX(CCIELE)+1,41101000001)  FROM CTELEMEN WHERE CCIDOC = 41101000001))), 'fr', 'Le paiement sera effectué sur le compte', '20210201120000globaz');
-- INSERT INTO CTTEXTES (CDIELE, CDITXT, CDLCIL, CDLDES, PSPY) VALUES ((SELECT COALESCE(MAX(CCIELE)+1,41101000001)  FROM CTELEMEN WHERE CCIDOC = 41101000001), (SELECT MAX(CDITXT)+1 FROM CTTEXTES WHERE CDIELE = ((SELECT COALESCE(MAX(CCIELE)+1,41101000001)  FROM CTELEMEN WHERE CCIDOC = 41101000001))), 'it', 'Le paiement sera effectué sur le compte', '20210201120000globaz');
-- INSERT INTO CTELEMEN (CCIDOC, CCIELE, CCNPOS, CCNNIV, CCBDES, CCBSEL, CCBSBD, CCBEDI, PSPY) VALUES (41101000000+1, (SELECT COALESCE(MAX(CCIELE)+1,41101000001)  FROM CTELEMEN WHERE CCIDOC = 41101000001), 46, 3, '', '2', '2', '2', '20210201120000globaz');
--
-- INSERT INTO CTTEXTES (CDIELE, CDITXT, CDLCIL, CDLDES, PSPY) VALUES ((SELECT COALESCE(MAX(CCIELE)+1,41101000001)  FROM CTELEMEN WHERE CCIDOC = 41101000001),  (SELECT COALESCE(MAX(CDITXT),41101000001)+1 FROM CTTEXTES WHERE CDIELE = ((SELECT COALESCE(MAX(CCIELE),41101000001)  FROM CTELEMEN WHERE CCIDOC = 41101000001))), 'de', 'Die Zahlung erfolgt per Postanweisung an die folgende Adresse :', '20210201120000globaz');
-- INSERT INTO CTTEXTES (CDIELE, CDITXT, CDLCIL, CDLDES, PSPY) VALUES ((SELECT COALESCE(MAX(CCIELE)+1,41101000001)  FROM CTELEMEN WHERE CCIDOC = 41101000001), (SELECT MAX(CDITXT)+1 FROM CTTEXTES WHERE CDIELE = ((SELECT COALESCE(MAX(CCIELE)+1,41101000001)  FROM CTELEMEN WHERE CCIDOC = 41101000001))), 'fr', 'Le paiement sera effectué par mandat postal à l''adresse suivante :', '20210201120000globaz');
-- INSERT INTO CTTEXTES (CDIELE, CDITXT, CDLCIL, CDLDES, PSPY) VALUES ((SELECT COALESCE(MAX(CCIELE)+1,41101000001)  FROM CTELEMEN WHERE CCIDOC = 41101000001), (SELECT MAX(CDITXT)+1 FROM CTTEXTES WHERE CDIELE = ((SELECT COALESCE(MAX(CCIELE)+1,41101000001)  FROM CTELEMEN WHERE CCIDOC = 41101000001))), 'it', 'Le paiement sera effectué par mandat postal à l''adresse suivante :', '20210201120000globaz');
-- INSERT INTO CTELEMEN (CCIDOC, CCIELE, CCNPOS, CCNNIV, CCBDES, CCBSEL, CCBSBD, CCBEDI, PSPY) VALUES (41101000000+1, (SELECT COALESCE(MAX(CCIELE)+1,41101000001)  FROM CTELEMEN WHERE CCIDOC = 41101000001), 47, 3, '', '2', '2', '2', '20210201120000globaz');
--
-- INSERT INTO CTTEXTES (CDIELE, CDITXT, CDLCIL, CDLDES, PSPY) VALUES ((SELECT COALESCE(MAX(CCIELE)+1,41101000001)  FROM CTELEMEN WHERE CCIDOC = 41101000001),  (SELECT COALESCE(MAX(CDITXT),41101000001)+1 FROM CTTEXTES WHERE CDIELE = ((SELECT COALESCE(MAX(CCIELE),41101000001)  FROM CTELEMEN WHERE CCIDOC = 41101000001))), 'de', '{adressePaiement}', '20210201120000globaz');
-- INSERT INTO CTTEXTES (CDIELE, CDITXT, CDLCIL, CDLDES, PSPY) VALUES ((SELECT COALESCE(MAX(CCIELE)+1,41101000001)  FROM CTELEMEN WHERE CCIDOC = 41101000001),(SELECT MAX(CDITXT)+1 FROM CTTEXTES WHERE CDIELE = ((SELECT COALESCE(MAX(CCIELE)+1,41101000001)  FROM CTELEMEN WHERE CCIDOC = 41101000001))), 'fr', '{adressePaiement}', '20210201120000globaz');
-- INSERT INTO CTTEXTES (CDIELE, CDITXT, CDLCIL, CDLDES, PSPY) VALUES ((SELECT COALESCE(MAX(CCIELE)+1,41101000001)  FROM CTELEMEN WHERE CCIDOC = 41101000001), (SELECT MAX(CDITXT)+1 FROM CTTEXTES WHERE CDIELE = ((SELECT COALESCE(MAX(CCIELE)+1,41101000001)  FROM CTELEMEN WHERE CCIDOC = 41101000001))), 'it', '{adressePaiement}', '20210201120000globaz');
-- INSERT INTO CTELEMEN (CCIDOC, CCIELE, CCNPOS, CCNNIV, CCBDES, CCBSEL, CCBSBD, CCBEDI, PSPY) VALUES (41101000000+1, (SELECT COALESCE(MAX(CCIELE)+1,41101000001)  FROM CTELEMEN WHERE CCIDOC = 41101000001), 48, 3, '', '2', '2', '2', '20210201120000globaz');
--
-- INSERT INTO CTTEXTES (CDIELE, CDITXT, CDLCIL, CDLDES, PSPY) VALUES ((SELECT COALESCE(MAX(CCIELE)+1,41101000001)  FROM CTELEMEN WHERE CCIDOC = 41101000001),  (SELECT COALESCE(MAX(CDITXT),41101000001)+1 FROM CTTEXTES WHERE CDIELE = ((SELECT COALESCE(MAX(CCIELE),41101000001)  FROM CTELEMEN WHERE CCIDOC = 41101000001))), 'de', 'Gegen diese Verfügung können Sie innerhalb von 30 Tagen nach deren Bekanntgabe bei unserer Ausgleichskasse Einspruch erheben. Der Einspruch kann schriftlich oder mündlich in einem persönlichen Gespräch erfolgen. Der Einspruch muss begründet sein und Schlussfolgerungen enthalten.', '20210201120000globaz');
-- INSERT INTO CTTEXTES (CDIELE, CDITXT, CDLCIL, CDLDES, PSPY) VALUES ((SELECT COALESCE(MAX(CCIELE)+1,41101000001)  FROM CTELEMEN WHERE CCIDOC = 41101000001), (SELECT MAX(CDITXT)+1 FROM CTTEXTES WHERE CDIELE = ((SELECT COALESCE(MAX(CCIELE)+1,41101000001)  FROM CTELEMEN WHERE CCIDOC = 41101000001))), 'fr', 'Vous pouvez former opposition contre la présente décision auprès de notre caisse de compensation dans le délai de 30 jours à compter de sa notification. L''opposition peut étre formée par écrit ou oralement lors d''un entretien personnel. L''opposition doit étre motivée et contenir des conclusions.', '20210201120000globaz');
-- INSERT INTO CTTEXTES (CDIELE, CDITXT, CDLCIL, CDLDES, PSPY) VALUES ((SELECT COALESCE(MAX(CCIELE)+1,41101000001)  FROM CTELEMEN WHERE CCIDOC = 41101000001), (SELECT MAX(CDITXT)+1 FROM CTTEXTES WHERE CDIELE = ((SELECT COALESCE(MAX(CCIELE)+1,41101000001)  FROM CTELEMEN WHERE CCIDOC = 41101000001))), 'it', 'Vous pouvez former opposition contre la présente décision auprès de notre caisse de compensation dans le délai de 30 jours à compter de sa notification. L''opposition peut étre formée par écrit ou oralement lors d''un entretien personnel. L''opposition doit étre motivée et contenir des conclusions.', '20210201120000globaz');
-- INSERT INTO CTELEMEN (CCIDOC, CCIELE, CCNPOS, CCNNIV, CCBDES, CCBSEL, CCBSBD, CCBEDI, PSPY) VALUES (41101000000+1, (SELECT COALESCE(MAX(CCIELE)+1,41101000001)  FROM CTELEMEN WHERE CCIDOC = 41101000001), 1, 4, '', '2', '2', '2', '20210201120000globaz');
--
-- INSERT INTO CTTEXTES (CDIELE, CDITXT, CDLCIL, CDLDES, PSPY) VALUES ((SELECT COALESCE(MAX(CCIELE)+1,41101000001)  FROM CTELEMEN WHERE CCIDOC = 41101000001),  (SELECT COALESCE(MAX(CDITXT),41101000001)+1 FROM CTTEXTES WHERE CDIELE = ((SELECT COALESCE(MAX(CCIELE),41101000001)  FROM CTELEMEN WHERE CCIDOC = 41101000001))), 'de', 'Der Nettobetrag ist in Ihrer Steuererklärung unter der Rubrik Renten, Pensionen und andere Entschädigungen zu vermerken.', '20210201120000globaz');
-- INSERT INTO CTTEXTES (CDIELE, CDITXT, CDLCIL, CDLDES, PSPY) VALUES ((SELECT COALESCE(MAX(CCIELE)+1,41101000001)  FROM CTELEMEN WHERE CCIDOC = 41101000001), (SELECT MAX(CDITXT)+1 FROM CTTEXTES WHERE CDIELE = ((SELECT COALESCE(MAX(CCIELE)+1,41101000001)  FROM CTELEMEN WHERE CCIDOC = 41101000001))), 'fr', 'Le montant net est à mentionner sous la rubrique rentes, pensions et autres indemnités de votre déclaration fiscale.', '20210201120000globaz');
-- INSERT INTO CTTEXTES (CDIELE, CDITXT, CDLCIL, CDLDES, PSPY) VALUES ((SELECT COALESCE(MAX(CCIELE)+1,41101000001)  FROM CTELEMEN WHERE CCIDOC = 41101000001), (SELECT MAX(CDITXT)+1 FROM CTTEXTES WHERE CDIELE = ((SELECT COALESCE(MAX(CCIELE)+1,41101000001)  FROM CTELEMEN WHERE CCIDOC = 41101000001))), 'it', '', '20210201120000globaz');
-- INSERT INTO CTELEMEN (CCIDOC, CCIELE, CCNPOS, CCNNIV, CCBDES, CCBSEL, CCBSBD, CCBEDI, PSPY) VALUES (41101000000+1, (SELECT COALESCE(MAX(CCIELE)+1,41101000001)  FROM CTELEMEN WHERE CCIDOC = 41101000001), 2, 4, '', '2', '2', '2', '20210201120000globaz');
--
-- INSERT INTO CTTEXTES (CDIELE, CDITXT, CDLCIL, CDLDES, PSPY) VALUES ((SELECT COALESCE(MAX(CCIELE)+1,41101000001)  FROM CTELEMEN WHERE CCIDOC = 41101000001),  (SELECT COALESCE(MAX(CDITXT),41101000001)+1 FROM CTTEXTES WHERE CDIELE = ((SELECT COALESCE(MAX(CCIELE),41101000001)  FROM CTELEMEN WHERE CCIDOC = 41101000001))), 'de', 'Die Vaterschaftsentschädigung wird auf der Grundlage eines PROVISORISCHEN Einkommens berechnet. Wenn Sie definitiv besteuert sein werden, nehmen wir das günstigste Einkommen des laufenden Jahres oder Vorjahres, um Ihnen einen Zuschlag zu zahlen oder eine Rückerstattung zu verlangen.', '20210201120000globaz');
-- INSERT INTO CTTEXTES (CDIELE, CDITXT, CDLCIL, CDLDES, PSPY) VALUES ((SELECT COALESCE(MAX(CCIELE)+1,41101000001)  FROM CTELEMEN WHERE CCIDOC = 41101000001), (SELECT MAX(CDITXT)+1 FROM CTTEXTES WHERE CDIELE = ((SELECT COALESCE(MAX(CCIELE)+1,41101000001)  FROM CTELEMEN WHERE CCIDOC = 41101000001))), 'fr', 'La prestation de paternité est calculée sur la base d''un revenu PROVISOIRE. Lorsque vous serez taxé définitivement, nous prendrons le revenu le plus favorable de l''année en cours ou précédant la naissance afin de vous verser un complément ou vous demander un remboursement.', '20210201120000globaz');
-- INSERT INTO CTTEXTES (CDIELE, CDITXT, CDLCIL, CDLDES, PSPY) VALUES ((SELECT COALESCE(MAX(CCIELE)+1,41101000001)  FROM CTELEMEN WHERE CCIDOC = 41101000001), (SELECT MAX(CDITXT)+1 FROM CTTEXTES WHERE CDIELE = ((SELECT COALESCE(MAX(CCIELE)+1,41101000001)  FROM CTELEMEN WHERE CCIDOC = 41101000001))), 'it', 'La prestation de paternité est calculée sur la base d''un revenu PROVISOIRE. Lorsque vous serez taxé définitivement, nous prendrons le revenu le plus favorable de l''année en cours ou précédant la naissance afin de vous verser un complément ou vous demander un remboursement.', '20210201120000globaz');
-- INSERT INTO CTELEMEN (CCIDOC, CCIELE, CCNPOS, CCNNIV, CCBDES, CCBSEL, CCBSBD, CCBEDI, PSPY) VALUES (41101000000+1, (SELECT COALESCE(MAX(CCIELE)+1,41101000001)  FROM CTELEMEN WHERE CCIDOC = 41101000001), 101, 4, '', '2', '2', '2', '20210201120000globaz');
--
-- INSERT INTO CTTEXTES (CDIELE, CDITXT, CDLCIL, CDLDES, PSPY) VALUES ((SELECT COALESCE(MAX(CCIELE)+1,41101000001)  FROM CTELEMEN WHERE CCIDOC = 41101000001),  (SELECT COALESCE(MAX(CDITXT),41101000001)+1 FROM CTTEXTES WHERE CDIELE = ((SELECT COALESCE(MAX(CCIELE),41101000001)  FROM CTELEMEN WHERE CCIDOC = 41101000001))), 'de', 'Verfügung der Vaterschaftsenschädigung vom {dateDec}', '20210201120000globaz');
-- INSERT INTO CTTEXTES (CDIELE, CDITXT, CDLCIL, CDLDES, PSPY) VALUES ((SELECT COALESCE(MAX(CCIELE)+1,41101000001)  FROM CTELEMEN WHERE CCIDOC = 41101000001), (SELECT MAX(CDITXT)+1 FROM CTTEXTES WHERE CDIELE = ((SELECT COALESCE(MAX(CCIELE)+1,41101000001)  FROM CTELEMEN WHERE CCIDOC = 41101000001))), 'fr', 'Décision d''allocation de paternité du {dateDec}', '20210201120000globaz');
-- INSERT INTO CTTEXTES (CDIELE, CDITXT, CDLCIL, CDLDES, PSPY) VALUES ((SELECT COALESCE(MAX(CCIELE)+1,41101000001)  FROM CTELEMEN WHERE CCIDOC = 41101000001),(SELECT MAX(CDITXT)+1 FROM CTTEXTES WHERE CDIELE = ((SELECT COALESCE(MAX(CCIELE)+1,41101000001)  FROM CTELEMEN WHERE CCIDOC = 41101000001))), 'it', 'Décision d''allocation de paternité du {dateDec}', '20210201120000globaz');
-- INSERT INTO CTELEMEN (CCIDOC, CCIELE, CCNPOS, CCNNIV, CCBDES, CCBSEL, CCBSBD, CCBEDI, PSPY) VALUES (41101000000+1, (SELECT COALESCE(MAX(CCIELE)+1,41101000001)  FROM CTELEMEN WHERE CCIDOC = 41101000001), 1, 5, '', '2', '2', '2', '20210201120000globaz');
--
-- INSERT INTO CTTEXTES (CDIELE, CDITXT, CDLCIL, CDLDES, PSPY) VALUES ((SELECT COALESCE(MAX(CCIELE)+1,41101000001)  FROM CTELEMEN WHERE CCIDOC = 41101000001),  (SELECT COALESCE(MAX(CDITXT),41101000001)+1 FROM CTTEXTES WHERE CDIELE = ((SELECT COALESCE(MAX(CCIELE),41101000001)  FROM CTELEMEN WHERE CCIDOC = 41101000001))),'de', '<p>{noAffilie}</p>', '20210201120000globaz');
-- INSERT INTO CTTEXTES (CDIELE, CDITXT, CDLCIL, CDLDES, PSPY) VALUES ((SELECT COALESCE(MAX(CCIELE)+1,41101000001)  FROM CTELEMEN WHERE CCIDOC = 41101000001), (SELECT MAX(CDITXT)+1 FROM CTTEXTES WHERE CDIELE = ((SELECT COALESCE(MAX(CCIELE)+1,41101000001)  FROM CTELEMEN WHERE CCIDOC = 41101000001))),'fr', '<p>{noAffilie}</p>', '20210201120000globaz');
-- INSERT INTO CTTEXTES (CDIELE, CDITXT, CDLCIL, CDLDES, PSPY) VALUES ((SELECT COALESCE(MAX(CCIELE)+1,41101000001)  FROM CTELEMEN WHERE CCIDOC = 41101000001), (SELECT MAX(CDITXT)+1 FROM CTTEXTES WHERE CDIELE = ((SELECT COALESCE(MAX(CCIELE)+1,41101000001)  FROM CTELEMEN WHERE CCIDOC = 41101000001))),'it', '<p>{noAffilie}</p>', '20210201120000globaz');
-- INSERT INTO CTELEMEN (CCIDOC, CCIELE, CCNPOS, CCNNIV, CCBDES, CCBSEL, CCBSBD, CCBEDI, PSPY) VALUES (41101000000+1, (SELECT COALESCE(MAX(CCIELE)+1,41101000001)  FROM CTELEMEN WHERE CCIDOC = 41101000001), 2, 5, '', '2', '2', '2', '20210201120000globaz');
--
-- INSERT INTO CTTEXTES (CDIELE, CDITXT, CDLCIL, CDLDES, PSPY) VALUES ((SELECT COALESCE(MAX(CCIELE)+1,41101000001)  FROM CTELEMEN WHERE CCIDOC = 41101000001),  (SELECT COALESCE(MAX(CDITXT),41101000001)+1 FROM CTTEXTES WHERE CDIELE = ((SELECT COALESCE(MAX(CCIELE),41101000001)  FROM CTELEMEN WHERE CCIDOC = 41101000001))), 'de', '<p>{noAVS}</p>', '20210201120000globaz');
-- INSERT INTO CTTEXTES (CDIELE, CDITXT, CDLCIL, CDLDES, PSPY) VALUES ((SELECT COALESCE(MAX(CCIELE)+1,41101000001)  FROM CTELEMEN WHERE CCIDOC = 41101000001),(SELECT MAX(CDITXT)+1 FROM CTTEXTES WHERE CDIELE = ((SELECT COALESCE(MAX(CCIELE)+1,41101000001)  FROM CTELEMEN WHERE CCIDOC = 41101000001))), 'fr', '<p>{noAVS}</p>', '20210201120000globaz');
-- INSERT INTO CTTEXTES (CDIELE, CDITXT, CDLCIL, CDLDES, PSPY) VALUES ((SELECT COALESCE(MAX(CCIELE)+1,41101000001)  FROM CTELEMEN WHERE CCIDOC = 41101000001), (SELECT MAX(CDITXT)+1 FROM CTTEXTES WHERE CDIELE = ((SELECT COALESCE(MAX(CCIELE)+1,41101000001)  FROM CTELEMEN WHERE CCIDOC = 41101000001))), 'it', '<p>{noAVS}</p>', '20210201120000globaz');
-- INSERT INTO CTELEMEN (CCIDOC, CCIELE, CCNPOS, CCNNIV, CCBDES, CCBSEL, CCBSBD, CCBEDI, PSPY) VALUES (41101000000+1, (SELECT COALESCE(MAX(CCIELE)+1,41101000001)  FROM CTELEMEN WHERE CCIDOC = 41101000001), 3, 5, '', '2', '2', '2', '20210201120000globaz');
--
-- INSERT INTO CTTEXTES (CDIELE, CDITXT, CDLCIL, CDLDES, PSPY) VALUES ((SELECT COALESCE(MAX(CCIELE)+1,41101000001)  FROM CTELEMEN WHERE CCIDOC = 41101000001),  (SELECT COALESCE(MAX(CDITXT),41101000001)+1 FROM CTTEXTES WHERE CDIELE = ((SELECT COALESCE(MAX(CCIELE),41101000001)  FROM CTELEMEN WHERE CCIDOC = 41101000001))), 'de', '<p>{nomPrenom}</p>', '20210201120000globaz');
-- INSERT INTO CTTEXTES (CDIELE, CDITXT, CDLCIL, CDLDES, PSPY) VALUES ((SELECT COALESCE(MAX(CCIELE)+1,41101000001)  FROM CTELEMEN WHERE CCIDOC = 41101000001), (SELECT MAX(CDITXT)+1 FROM CTTEXTES WHERE CDIELE = ((SELECT COALESCE(MAX(CCIELE)+1,41101000001)  FROM CTELEMEN WHERE CCIDOC = 41101000001))), 'fr', '<p>{nomPrenom}</p>', '20210201120000globaz');
-- INSERT INTO CTTEXTES (CDIELE, CDITXT, CDLCIL, CDLDES, PSPY) VALUES ((SELECT COALESCE(MAX(CCIELE)+1,41101000001)  FROM CTELEMEN WHERE CCIDOC = 41101000001), (SELECT MAX(CDITXT)+1 FROM CTTEXTES WHERE CDIELE = ((SELECT COALESCE(MAX(CCIELE)+1,41101000001)  FROM CTELEMEN WHERE CCIDOC = 41101000001))), 'it', '<p>{nomPrenom}</p>', '20210201120000globaz');
-- INSERT INTO CTELEMEN (CCIDOC, CCIELE, CCNPOS, CCNNIV, CCBDES, CCBSEL, CCBSBD, CCBEDI, PSPY) VALUES (41101000000+1, (SELECT COALESCE(MAX(CCIELE)+1,41101000001)  FROM CTELEMEN WHERE CCIDOC = 41101000001), 4, 5, '', '2', '2', '2', '20210201120000globaz');
--
-- INSERT INTO CTTEXTES (CDIELE, CDITXT, CDLCIL, CDLDES, PSPY) VALUES ((SELECT COALESCE(MAX(CCIELE)+1,41101000001)  FROM CTELEMEN WHERE CCIDOC = 41101000001),  (SELECT COALESCE(MAX(CDITXT),41101000001)+1 FROM CTTEXTES WHERE CDIELE = ((SELECT COALESCE(MAX(CCIELE),41101000001)  FROM CTELEMEN WHERE CCIDOC = 41101000001))), 'de', '<p>Seite</p>', '20210201120000globaz');
-- INSERT INTO CTTEXTES (CDIELE, CDITXT, CDLCIL, CDLDES, PSPY) VALUES ((SELECT COALESCE(MAX(CCIELE)+1,41101000001)  FROM CTELEMEN WHERE CCIDOC = 41101000001), (SELECT MAX(CDITXT)+1 FROM CTTEXTES WHERE CDIELE = ((SELECT COALESCE(MAX(CCIELE)+1,41101000001)  FROM CTELEMEN WHERE CCIDOC = 41101000001))), 'fr', '<p>Page</p>', '20210201120000globaz');
-- INSERT INTO CTTEXTES (CDIELE, CDITXT, CDLCIL, CDLDES, PSPY) VALUES ((SELECT COALESCE(MAX(CCIELE)+1,41101000001)  FROM CTELEMEN WHERE CCIDOC = 41101000001), (SELECT MAX(CDITXT)+1 FROM CTTEXTES WHERE CDIELE = ((SELECT COALESCE(MAX(CCIELE)+1,41101000001)  FROM CTELEMEN WHERE CCIDOC = 41101000001))), 'it', '<p>Page</p>', '20210201120000globaz');
-- INSERT INTO CTELEMEN (CCIDOC, CCIELE, CCNPOS, CCNNIV, CCBDES, CCBSEL, CCBSBD, CCBEDI, PSPY) VALUES (41101000000+1, (SELECT COALESCE(MAX(CCIELE)+1,41101000001)  FROM CTELEMEN WHERE CCIDOC = 41101000001), 5, 5, '', '2', '2', '2', '20210201120000globaz');
--
-- INSERT INTO CTTEXTES (CDIELE, CDITXT, CDLCIL, CDLDES, PSPY) VALUES ((SELECT COALESCE(MAX(CCIELE)+1,41101000001)  FROM CTELEMEN WHERE CCIDOC = 41101000001),  (SELECT COALESCE(MAX(CDITXT),41101000001)+1 FROM CTTEXTES WHERE CDIELE = ((SELECT COALESCE(MAX(CCIELE),41101000001)  FROM CTELEMEN WHERE CCIDOC = 41101000001))), 'de', '<p>Vaterschaft</p>', '20210201120000globaz');
-- INSERT INTO CTTEXTES (CDIELE, CDITXT, CDLCIL, CDLDES, PSPY) VALUES ((SELECT COALESCE(MAX(CCIELE)+1,41101000001)  FROM CTELEMEN WHERE CCIDOC = 41101000001), (SELECT MAX(CDITXT)+1 FROM CTTEXTES WHERE CDIELE = ((SELECT COALESCE(MAX(CCIELE)+1,41101000001)  FROM CTELEMEN WHERE CCIDOC = 41101000001))), 'fr', '<p>Paternité</p>', '20210201120000globaz');
-- INSERT INTO CTTEXTES (CDIELE, CDITXT, CDLCIL, CDLDES, PSPY) VALUES ((SELECT COALESCE(MAX(CCIELE)+1,41101000001)  FROM CTELEMEN WHERE CCIDOC = 41101000001), (SELECT MAX(CDITXT)+1 FROM CTTEXTES WHERE CDIELE = ((SELECT COALESCE(MAX(CCIELE)+1,41101000001)  FROM CTELEMEN WHERE CCIDOC = 41101000001))), 'it', '<p>Paternité</p>', '20210201120000globaz');
-- INSERT INTO CTELEMEN (CCIDOC, CCIELE, CCNPOS, CCNNIV, CCBDES, CCBSEL, CCBSBD, CCBEDI, PSPY) VALUES (41101000000+1, (SELECT COALESCE(MAX(CCIELE)+1,41101000001)  FROM CTELEMEN WHERE CCIDOC = 41101000001), 6, 5, '', '2', '2', '2', '20210201120000globaz');
--
-- INSERT INTO CTTEXTES (CDIELE, CDITXT, CDLCIL, CDLDES, PSPY) VALUES ((SELECT COALESCE(MAX(CCIELE)+1,41101000001)  FROM CTELEMEN WHERE CCIDOC = 41101000001),  (SELECT COALESCE(MAX(CDITXT),41101000001)+1 FROM CTTEXTES WHERE CDIELE = ((SELECT COALESCE(MAX(CCIELE),41101000001)  FROM CTELEMEN WHERE CCIDOC = 41101000001))), 'de', 'Nous vous prions d''agréer, {0}, nos salutations distinguées.', '20210201120000globaz');
-- INSERT INTO CTTEXTES (CDIELE, CDITXT, CDLCIL, CDLDES, PSPY) VALUES ((SELECT COALESCE(MAX(CCIELE)+1,41101000001)  FROM CTELEMEN WHERE CCIDOC = 41101000001), (SELECT MAX(CDITXT)+1 FROM CTTEXTES WHERE CDIELE = ((SELECT COALESCE(MAX(CCIELE)+1,41101000001)  FROM CTELEMEN WHERE CCIDOC = 41101000001))), 'fr', 'Nous vous prions d''agréer, {0}, nos salutations distinguées.', '20210201120000globaz');
-- INSERT INTO CTTEXTES (CDIELE, CDITXT, CDLCIL, CDLDES, PSPY) VALUES ((SELECT COALESCE(MAX(CCIELE)+1,41101000001)  FROM CTELEMEN WHERE CCIDOC = 41101000001),(SELECT MAX(CDITXT)+1 FROM CTTEXTES WHERE CDIELE = ((SELECT COALESCE(MAX(CCIELE)+1,41101000001)  FROM CTELEMEN WHERE CCIDOC = 41101000001))), 'it', 'Nous vous prions d''agréer, {0}, nos salutations distinguées.', '20210201120000globaz');
-- INSERT INTO CTELEMEN (CCIDOC, CCIELE, CCNPOS, CCNNIV, CCBDES, CCBSEL, CCBSBD, CCBEDI, PSPY) VALUES (41101000000+1, (SELECT COALESCE(MAX(CCIELE)+1,41101000001)  FROM CTELEMEN WHERE CCIDOC = 41101000001), 1, 6, '', '2', '2', '2', '20210201120000globaz');
--
-- INSERT INTO CTTEXTES (CDIELE, CDITXT, CDLCIL, CDLDES, PSPY) VALUES ((SELECT COALESCE(MAX(CCIELE)+1,41101000001)  FROM CTELEMEN WHERE CCIDOC = 41101000001),  (SELECT COALESCE(MAX(CDITXT),41101000001)+1 FROM CTTEXTES WHERE CDIELE = ((SELECT COALESCE(MAX(CCIELE),41101000001)  FROM CTELEMEN WHERE CCIDOC = 41101000001))), 'de', 'Guten Tag,', '20210201120000globaz');
-- INSERT INTO CTTEXTES (CDIELE, CDITXT, CDLCIL, CDLDES, PSPY) VALUES ((SELECT COALESCE(MAX(CCIELE)+1,41101000001)  FROM CTELEMEN WHERE CCIDOC = 41101000001), (SELECT MAX(CDITXT)+1 FROM CTTEXTES WHERE CDIELE = ((SELECT COALESCE(MAX(CCIELE)+1,41101000001)  FROM CTELEMEN WHERE CCIDOC = 41101000001))), 'fr', 'Madame, Monsieur,', '20210201120000globaz');
-- INSERT INTO CTTEXTES (CDIELE, CDITXT, CDLCIL, CDLDES, PSPY) VALUES ((SELECT COALESCE(MAX(CCIELE)+1,41101000001)  FROM CTELEMEN WHERE CCIDOC = 41101000001),(SELECT MAX(CDITXT)+1 FROM CTTEXTES WHERE CDIELE = ((SELECT COALESCE(MAX(CCIELE)+1,41101000001)  FROM CTELEMEN WHERE CCIDOC = 41101000001))), 'it', 'Madame, Monsieur,', '20210201120000globaz');
-- INSERT INTO CTELEMEN (CCIDOC, CCIELE, CCNPOS, CCNNIV, CCBDES, CCBSEL, CCBSBD, CCBEDI, PSPY) VALUES (41101000000+1, (SELECT COALESCE(MAX(CCIELE)+1,41101000001)  FROM CTELEMEN WHERE CCIDOC = 41101000001), 1, 7, '', '2', '2', '2', '20210201120000globaz');
--
-- INSERT INTO CTTEXTES (CDIELE, CDITXT, CDLCIL, CDLDES, PSPY) VALUES ((SELECT COALESCE(MAX(CCIELE)+1,41101000001)  FROM CTELEMEN WHERE CCIDOC = 41101000001),  (SELECT COALESCE(MAX(CDITXT),41101000001)+1 FROM CTTEXTES WHERE CDIELE = ((SELECT COALESCE(MAX(CCIELE),41101000001)  FROM CTELEMEN WHERE CCIDOC = 41101000001))), 'de', 'Im Anhang finden Sie eine Kopie des Schreibens, welches wir heute senden.', '20210201120000globaz');
-- INSERT INTO CTTEXTES (CDIELE, CDITXT, CDLCIL, CDLDES, PSPY) VALUES ((SELECT COALESCE(MAX(CCIELE)+1,41101000001)  FROM CTELEMEN WHERE CCIDOC = 41101000001), (SELECT MAX(CDITXT)+1 FROM CTTEXTES WHERE CDIELE = ((SELECT COALESCE(MAX(CCIELE)+1,41101000001)  FROM CTELEMEN WHERE CCIDOC = 41101000001))), 'fr', 'Vous trouverez en annexe une copie du courrier que nous envoyons ce jour.', '20210201120000globaz');
-- INSERT INTO CTTEXTES (CDIELE, CDITXT, CDLCIL, CDLDES, PSPY) VALUES ((SELECT COALESCE(MAX(CCIELE)+1,41101000001)  FROM CTELEMEN WHERE CCIDOC = 41101000001),(SELECT MAX(CDITXT)+1 FROM CTTEXTES WHERE CDIELE = ((SELECT COALESCE(MAX(CCIELE)+1,41101000001)  FROM CTELEMEN WHERE CCIDOC = 41101000001))), 'it', 'Vous trouverez en annexe une copie du courrier que nous envoyons ce jour.', '20210201120000globaz');
-- INSERT INTO CTELEMEN (CCIDOC, CCIELE, CCNPOS, CCNNIV, CCBDES, CCBSEL, CCBSBD, CCBEDI, PSPY) VALUES (41101000000+1, (SELECT COALESCE(MAX(CCIELE)+1,41101000001)  FROM CTELEMEN WHERE CCIDOC = 41101000001), 2, 7, '', '2', '2', '2', '20210201120000globaz');
--
-- INSERT INTO CTTEXTES (CDIELE, CDITXT, CDLCIL, CDLDES, PSPY) VALUES ((SELECT COALESCE(MAX(CCIELE)+1,41101000001)  FROM CTELEMEN WHERE CCIDOC = 41101000001),  (SELECT COALESCE(MAX(CDITXT),41101000001)+1 FROM CTTEXTES WHERE CDIELE = ((SELECT COALESCE(MAX(CCIELE),41101000001)  FROM CTELEMEN WHERE CCIDOC = 41101000001))), 'de', 'Freundliche Grüsse.', '20210201120000globaz');
-- INSERT INTO CTTEXTES (CDIELE, CDITXT, CDLCIL, CDLDES, PSPY) VALUES ((SELECT COALESCE(MAX(CCIELE)+1,41101000001)  FROM CTELEMEN WHERE CCIDOC = 41101000001), (SELECT MAX(CDITXT)+1 FROM CTTEXTES WHERE CDIELE = ((SELECT COALESCE(MAX(CCIELE)+1,41101000001)  FROM CTELEMEN WHERE CCIDOC = 41101000001))), 'fr', 'Nous vous prions d''agréer, Madame, Monsieur, nos salutations distinguées.', '20210201120000globaz');
-- INSERT INTO CTTEXTES (CDIELE, CDITXT, CDLCIL, CDLDES, PSPY) VALUES ((SELECT COALESCE(MAX(CCIELE)+1,41101000001)  FROM CTELEMEN WHERE CCIDOC = 41101000001),(SELECT MAX(CDITXT)+1 FROM CTTEXTES WHERE CDIELE = ((SELECT COALESCE(MAX(CCIELE)+1,41101000001)  FROM CTELEMEN WHERE CCIDOC = 41101000001))), 'it', 'Nous vous prions d''agréer, Madame, Monsieur, nos salutations distinguées.', '20210201120000globaz');
-- INSERT INTO CTELEMEN (CCIDOC, CCIELE, CCNPOS, CCNNIV, CCBDES, CCBSEL, CCBSBD, CCBEDI, PSPY) VALUES (41101000000+1, (SELECT COALESCE(MAX(CCIELE)+1,41101000001)  FROM CTELEMEN WHERE CCIDOC = 41101000001), 3, 7, '', '2', '2', '2', '20210201120000globaz');
--
-- INSERT INTO CTTEXTES (CDIELE, CDITXT, CDLCIL, CDLDES, PSPY) VALUES ((SELECT COALESCE(MAX(CCIELE)+1,41101000001)  FROM CTELEMEN WHERE CCIDOC = 41101000001),  (SELECT COALESCE(MAX(CDITXT),41101000001)+1 FROM CTTEXTES WHERE CDIELE = ((SELECT COALESCE(MAX(CCIELE),41101000001)  FROM CTELEMEN WHERE CCIDOC = 41101000001))), 'de', '<p>Caisse de compensation</p>', '20210201120000globaz');
-- INSERT INTO CTTEXTES (CDIELE, CDITXT, CDLCIL, CDLDES, PSPY) VALUES ((SELECT COALESCE(MAX(CCIELE)+1,41101000001)  FROM CTELEMEN WHERE CCIDOC = 41101000001),(SELECT MAX(CDITXT)+1 FROM CTTEXTES WHERE CDIELE = ((SELECT COALESCE(MAX(CCIELE)+1,41101000001)  FROM CTELEMEN WHERE CCIDOC = 41101000001))), 'fr', '<p>Caisse de compensation</p>', '20210201120000globaz');
-- INSERT INTO CTTEXTES (CDIELE, CDITXT, CDLCIL, CDLDES, PSPY) VALUES ((SELECT COALESCE(MAX(CCIELE)+1,41101000001)  FROM CTELEMEN WHERE CCIDOC = 41101000001), (SELECT MAX(CDITXT)+1 FROM CTTEXTES WHERE CDIELE = ((SELECT COALESCE(MAX(CCIELE)+1,41101000001)  FROM CTELEMEN WHERE CCIDOC = 41101000001))), 'it', '<p>Caisse de compensation</p>', '20210201120000globaz');
-- INSERT INTO CTELEMEN (CCIDOC, CCIELE, CCNPOS, CCNNIV, CCBDES, CCBSEL, CCBSBD, CCBEDI, PSPY) VALUES (41101000000+1, (SELECT COALESCE(MAX(CCIELE)+1,41101000001)  FROM CTELEMEN WHERE CCIDOC = 41101000001), 1, 20, '', '2', '2', '2', '20210201120000globaz');
--
-- INSERT INTO CTTEXTES (CDIELE, CDITXT, CDLCIL, CDLDES, PSPY) VALUES ((SELECT COALESCE(MAX(CCIELE)+1,41101000001)  FROM CTELEMEN WHERE CCIDOC = 41101000001),  (SELECT COALESCE(MAX(CDITXT),41101000001)+1 FROM CTTEXTES WHERE CDIELE = ((SELECT COALESCE(MAX(CCIELE),41101000001)  FROM CTELEMEN WHERE CCIDOC = 41101000001))), 'de', '<p>Service des prestations</p>', '20210201120000globaz');
-- INSERT INTO CTTEXTES (CDIELE, CDITXT, CDLCIL, CDLDES, PSPY) VALUES ((SELECT COALESCE(MAX(CCIELE)+1,41101000001)  FROM CTELEMEN WHERE CCIDOC = 41101000001), (SELECT MAX(CDITXT)+1 FROM CTTEXTES WHERE CDIELE = ((SELECT COALESCE(MAX(CCIELE)+1,41101000001)  FROM CTELEMEN WHERE CCIDOC = 41101000001))), 'fr', '<p>Service des prestations</p>', '20210201120000globaz');
-- INSERT INTO CTTEXTES (CDIELE, CDITXT, CDLCIL, CDLDES, PSPY) VALUES ((SELECT COALESCE(MAX(CCIELE)+1,41101000001)  FROM CTELEMEN WHERE CCIDOC = 41101000001), (SELECT MAX(CDITXT)+1 FROM CTTEXTES WHERE CDIELE = ((SELECT COALESCE(MAX(CCIELE)+1,41101000001)  FROM CTELEMEN WHERE CCIDOC = 41101000001))), 'it', '<p>Service des prestations</p>', '20210201120000globaz');
-- INSERT INTO CTELEMEN (CCIDOC, CCIELE, CCNPOS, CCNNIV, CCBDES, CCBSEL, CCBSBD, CCBEDI, PSPY) VALUES (41101000000+1, (SELECT COALESCE(MAX(CCIELE)+1,41101000001)  FROM CTELEMEN WHERE CCIDOC = 41101000001), 2, 20, '', '2', '2', '2', '20210201120000globaz');
--
--
-- --DECISION - EMPLOYEUR
-- INSERT INTO CTDOCUME (CBITYD, CBIDOC, CBDDES, CBBACT, CBLNOM, CBTEDI, CBTDES, CBBDEF, CBBSTY, PSPY) VALUES (42101, 42101000000+2, 0, '1', 'normal', 34000001, 34005002, '1', '1', '20210201120000globaz');
--
-- --DECISION - CTELEMENT ET CTTEXTES
--
-- INSERT INTO CTTEXTES (CDIELE, CDITXT, CDLCIL, CDLDES, PSPY) VALUES ((SELECT COALESCE(MAX(CCIELE)+1,41101000002)  FROM CTELEMEN WHERE CCIDOC = 41101000001), (SELECT COALESCE(MAX(CDITXT)+1,41101000002) FROM CTTEXTES WHERE CDIELE = ((SELECT COALESCE(MAX(CCIELE),41101000002)  FROM CTELEMEN WHERE CCIDOC = 41101000001))), 'de', 'Verfügung der (Bundes-)Vaterschaftsentschädigung', '20210201120000globaz');
-- INSERT INTO CTTEXTES (CDIELE, CDITXT, CDLCIL, CDLDES, PSPY) VALUES ((SELECT COALESCE(MAX(CCIELE)+1,41101000002)  FROM CTELEMEN WHERE CCIDOC = 41101000001), (SELECT MAX(CDITXT)+1 FROM CTTEXTES WHERE CDIELE = ((SELECT COALESCE(MAX(CCIELE)+1,41101000002)  FROM CTELEMEN WHERE CCIDOC = 41101000001))), 'fr', 'Décision d''allocation de paternité fédérale', '20210201120000globaz');
-- INSERT INTO CTTEXTES (CDIELE, CDITXT, CDLCIL, CDLDES, PSPY) VALUES ((SELECT COALESCE(MAX(CCIELE)+1,41101000002)  FROM CTELEMEN WHERE CCIDOC = 41101000001), (SELECT MAX(CDITXT)+1 FROM CTTEXTES WHERE CDIELE = ((SELECT COALESCE(MAX(CCIELE)+1,41101000002)  FROM CTELEMEN WHERE CCIDOC = 41101000001))), 'it', 'Décision d''allocation de paternité fédérale', '20210201120000globaz');
-- INSERT INTO CTELEMEN (CCIDOC, CCIELE, CCNPOS, CCNNIV, CCBDES, CCBSEL, CCBSBD, CCBEDI, PSPY) VALUES (41101000002, (SELECT COALESCE(MAX(CCIELE)+1,41101000001)  FROM CTELEMEN WHERE CCIDOC = 41101000001), 1, 1, '', '2', '2', '2', '20210201120000globaz');
--
-- INSERT INTO CTTEXTES (CDIELE, CDITXT, CDLCIL, CDLDES, PSPY) VALUES ((SELECT COALESCE(MAX(CCIELE)+1,41101000002)  FROM CTELEMEN WHERE CCIDOC = 41101000002), (SELECT COALESCE(MAX(CDITXT)+1,41101000002) FROM CTTEXTES WHERE CDIELE = ((SELECT COALESCE(MAX(CCIELE),41101000002)  FROM CTELEMEN WHERE CCIDOC = 41101000002))), 'de', '', '20210201120000globaz');
-- INSERT INTO CTTEXTES (CDIELE, CDITXT, CDLCIL, CDLDES, PSPY) VALUES ((SELECT COALESCE(MAX(CCIELE)+1,41101000002)  FROM CTELEMEN WHERE CCIDOC = 41101000002), (SELECT MAX(CDITXT)+1 FROM CTTEXTES WHERE CDIELE = ((SELECT COALESCE(MAX(CCIELE)+1,41101000002)  FROM CTELEMEN WHERE CCIDOC = 41101000002))), 'fr', '', '20210201120000globaz');
-- INSERT INTO CTTEXTES (CDIELE, CDITXT, CDLCIL, CDLDES, PSPY) VALUES ((SELECT COALESCE(MAX(CCIELE)+1,41101000002)  FROM CTELEMEN WHERE CCIDOC = 41101000002),(SELECT MAX(CDITXT)+1 FROM CTTEXTES WHERE CDIELE = ((SELECT COALESCE(MAX(CCIELE)+1,41101000002)  FROM CTELEMEN WHERE CCIDOC = 41101000002))), 'it', '', '20210201120000globaz');
-- INSERT INTO CTELEMEN (CCIDOC, CCIELE, CCNPOS, CCNNIV, CCBDES, CCBSEL, CCBSBD, CCBEDI, PSPY) VALUES (41101000002, (SELECT COALESCE(MAX(CCIELE)+1,41101000002)  FROM CTELEMEN WHERE CCIDOC = 41101000002), 2, 1, '', '2', '2', '2', '20210201120000globaz');
--
--
-- INSERT INTO CTTEXTES (CDIELE, CDITXT, CDLCIL, CDLDES, PSPY) VALUES ((SELECT COALESCE(MAX(CCIELE)+1,41101000002)  FROM CTELEMEN WHERE CCIDOC = 41101000002), (SELECT COALESCE(MAX(CDITXT)+1,41101000002) FROM CTTEXTES WHERE CDIELE = ((SELECT COALESCE(MAX(CCIELE),41101000002)  FROM CTELEMEN WHERE CCIDOC = 41101000002))), 'de', '', '20210201120000globaz');
-- INSERT INTO CTTEXTES (CDIELE, CDITXT, CDLCIL, CDLDES, PSPY) VALUES ((SELECT COALESCE(MAX(CCIELE)+1,41101000002)  FROM CTELEMEN WHERE CCIDOC = 41101000002), (SELECT MAX(CDITXT)+1 FROM CTTEXTES WHERE CDIELE = ((SELECT COALESCE(MAX(CCIELE)+1,41101000002)  FROM CTELEMEN WHERE CCIDOC = 41101000002))), 'fr', '', '20210201120000globaz');
-- INSERT INTO CTTEXTES (CDIELE, CDITXT, CDLCIL, CDLDES, PSPY) VALUES ((SELECT COALESCE(MAX(CCIELE)+1,41101000002)  FROM CTELEMEN WHERE CCIDOC = 41101000002),(SELECT MAX(CDITXT)+1 FROM CTTEXTES WHERE CDIELE = ((SELECT COALESCE(MAX(CCIELE)+1,41101000002)  FROM CTELEMEN WHERE CCIDOC = 41101000002))), 'it', '', '20210201120000globaz');
-- INSERT INTO CTELEMEN (CCIDOC, CCIELE, CCNPOS, CCNNIV, CCBDES, CCBSEL, CCBSBD, CCBEDI, PSPY) VALUES (41101000002, (SELECT COALESCE(MAX(CCIELE)+1,41101000002)  FROM CTELEMEN WHERE CCIDOC = 41101000002), 3, 1, '', '2', '2', '2', '20210201120000globaz');
--
--
-- INSERT INTO CTTEXTES (CDIELE, CDITXT, CDLCIL, CDLDES, PSPY) VALUES ((SELECT COALESCE(MAX(CCIELE)+1,41101000002)  FROM CTELEMEN WHERE CCIDOC = 41101000002), (SELECT COALESCE(MAX(CDITXT)+1,41101000002) FROM CTTEXTES WHERE CDIELE = ((SELECT COALESCE(MAX(CCIELE),41101000002)  FROM CTELEMEN WHERE CCIDOC = 41101000002))), 'de', 'Kopie an :', '20210201120000globaz');
-- INSERT INTO CTTEXTES (CDIELE, CDITXT, CDLCIL, CDLDES, PSPY) VALUES ((SELECT COALESCE(MAX(CCIELE)+1,41101000002)  FROM CTELEMEN WHERE CCIDOC = 41101000002), (SELECT MAX(CDITXT)+1 FROM CTTEXTES WHERE CDIELE = ((SELECT COALESCE(MAX(CCIELE)+1,41101000002)  FROM CTELEMEN WHERE CCIDOC = 41101000002))), 'fr', 'Copie à :', '20210201120000globaz');
-- INSERT INTO CTTEXTES (CDIELE, CDITXT, CDLCIL, CDLDES, PSPY) VALUES ((SELECT COALESCE(MAX(CCIELE)+1,41101000002)  FROM CTELEMEN WHERE CCIDOC = 41101000002),(SELECT MAX(CDITXT)+1 FROM CTTEXTES WHERE CDIELE = ((SELECT COALESCE(MAX(CCIELE)+1,41101000002)  FROM CTELEMEN WHERE CCIDOC = 41101000002))), 'it', 'Copie à :', '20210201120000globaz');
-- INSERT INTO CTELEMEN (CCIDOC, CCIELE, CCNPOS, CCNNIV, CCBDES, CCBSEL, CCBSBD, CCBEDI, PSPY) VALUES (41101000002, (SELECT COALESCE(MAX(CCIELE)+1,41101000002)  FROM CTELEMEN WHERE CCIDOC = 41101000002), 8, 1, '', '2', '2', '2', '20210201120000globaz');
--
-- INSERT INTO CTTEXTES (CDIELE, CDITXT, CDLCIL, CDLDES, PSPY) VALUES ((SELECT COALESCE(MAX(CCIELE)+1,41101000002)  FROM CTELEMEN WHERE CCIDOC = 41101000002), (SELECT COALESCE(MAX(CDITXT)+1,41101000002) FROM CTTEXTES WHERE CDIELE = ((SELECT COALESCE(MAX(CCIELE),41101000002)  FROM CTELEMEN WHERE CCIDOC = 41101000002))), 'de', '{0},', '20210201120000globaz');
-- INSERT INTO CTTEXTES (CDIELE, CDITXT, CDLCIL, CDLDES, PSPY) VALUES ((SELECT COALESCE(MAX(CCIELE)+1,41101000002)  FROM CTELEMEN WHERE CCIDOC = 41101000002), (SELECT MAX(CDITXT)+1 FROM CTTEXTES WHERE CDIELE = ((SELECT COALESCE(MAX(CCIELE)+1,41101000002)  FROM CTELEMEN WHERE CCIDOC = 41101000002))), 'fr', '{0},', '20210201120000globaz');
-- INSERT INTO CTTEXTES (CDIELE, CDITXT, CDLCIL, CDLDES, PSPY) VALUES ((SELECT COALESCE(MAX(CCIELE)+1,41101000002)  FROM CTELEMEN WHERE CCIDOC = 41101000002),(SELECT MAX(CDITXT)+1 FROM CTTEXTES WHERE CDIELE = ((SELECT COALESCE(MAX(CCIELE)+1,41101000002)  FROM CTELEMEN WHERE CCIDOC = 41101000002))), 'it', '{0},', '20210201120000globaz');
-- INSERT INTO CTELEMEN (CCIDOC, CCIELE, CCNPOS, CCNNIV, CCBDES, CCBSEL, CCBSBD, CCBEDI, PSPY) VALUES (41101000002, (SELECT COALESCE(MAX(CCIELE)+1,41101000002)  FROM CTELEMEN WHERE CCIDOC = 41101000002), 1, 2, '', '2', '2', '2', '20210201120000globaz');
--
--
-- INSERT INTO CTTEXTES (CDIELE, CDITXT, CDLCIL, CDLDES, PSPY) VALUES ((SELECT COALESCE(MAX(CCIELE)+1,41101000002)  FROM CTELEMEN WHERE CCIDOC = 41101000002), (SELECT COALESCE(MAX(CDITXT)+1,41101000002) FROM CTTEXTES WHERE CDIELE = ((SELECT COALESCE(MAX(CCIELE),41101000002)  FROM CTELEMEN WHERE CCIDOC = 41101000002))), 'de', 'Suite à la naissance, le {1}, de l''enfant de Monsieur {2}, nous vous communiquons le montant de votre allocation paternité qui vous est due selon le détail ci-dessous.', '20210201120000globaz');
-- INSERT INTO CTTEXTES (CDIELE, CDITXT, CDLCIL, CDLDES, PSPY) VALUES ((SELECT COALESCE(MAX(CCIELE)+1,41101000002)  FROM CTELEMEN WHERE CCIDOC = 41101000002), (SELECT MAX(CDITXT)+1 FROM CTTEXTES WHERE CDIELE = ((SELECT COALESCE(MAX(CCIELE)+1,41101000002)  FROM CTELEMEN WHERE CCIDOC = 41101000002))), 'fr', 'Suite à la naissance, le {1}, de l''enfant de Monsieur {2}, nous vous communiquons le montant de votre allocation paternité qui vous est due selon le détail ci-dessous.', '20210201120000globaz');
-- INSERT INTO CTTEXTES (CDIELE, CDITXT, CDLCIL, CDLDES, PSPY) VALUES ((SELECT COALESCE(MAX(CCIELE)+1,41101000002)  FROM CTELEMEN WHERE CCIDOC = 41101000002),(SELECT MAX(CDITXT)+1 FROM CTTEXTES WHERE CDIELE = ((SELECT COALESCE(MAX(CCIELE)+1,41101000002)  FROM CTELEMEN WHERE CCIDOC = 41101000002))), 'it', 'Suite à la naissance, le {1}, de l''enfant de Monsieur {2}, nous vous communiquons le montant de votre allocation paternité qui vous est due selon le détail ci-dessous.', '20210201120000globaz');
-- INSERT INTO CTELEMEN (CCIDOC, CCIELE, CCNPOS, CCNNIV, CCBDES, CCBSEL, CCBSBD, CCBEDI, PSPY) VALUES (41101000002, (SELECT COALESCE(MAX(CCIELE)+1,41101000002)  FROM CTELEMEN WHERE CCIDOC = 41101000002), 2, 2, '', '2', '2', '2', '20210201120000globaz');
--
-- INSERT INTO CTTEXTES (CDIELE, CDITXT, CDLCIL, CDLDES, PSPY) VALUES ((SELECT COALESCE(MAX(CCIELE)+1,41101000002)  FROM CTELEMEN WHERE CCIDOC = 41101000002), (SELECT COALESCE(MAX(CDITXT)+1,41101000002) FROM CTTEXTES WHERE CDIELE = ((SELECT COALESCE(MAX(CCIELE),41101000002)  FROM CTELEMEN WHERE CCIDOC = 41101000002))), 'de', '<p>L''allocation de paternité est calculée sur la base d''un revenu annuel {10} qui correspond à un revenu journalier moyen de CHF {5}.</p>', '20210201120000globaz');
-- INSERT INTO CTTEXTES (CDIELE, CDITXT, CDLCIL, CDLDES, PSPY) VALUES ((SELECT COALESCE(MAX(CCIELE)+1,41101000002)  FROM CTELEMEN WHERE CCIDOC = 41101000002), (SELECT MAX(CDITXT)+1 FROM CTTEXTES WHERE CDIELE = ((SELECT COALESCE(MAX(CCIELE)+1,41101000002)  FROM CTELEMEN WHERE CCIDOC = 41101000002))), 'fr', '<p>L''allocation de paternité est calculée sur la base d''un revenu annuel {10} qui correspond à un revenu journalier moyen de CHF {5}.</p>', '20210201120000globaz');
-- INSERT INTO CTTEXTES (CDIELE, CDITXT, CDLCIL, CDLDES, PSPY) VALUES ((SELECT COALESCE(MAX(CCIELE)+1,41101000002)  FROM CTELEMEN WHERE CCIDOC = 41101000002),(SELECT MAX(CDITXT)+1 FROM CTTEXTES WHERE CDIELE = ((SELECT COALESCE(MAX(CCIELE)+1,41101000002)  FROM CTELEMEN WHERE CCIDOC = 41101000002))), 'it', '<p>L''allocation de paternité est calculée sur la base d''un revenu annuel {10} qui correspond à un revenu journalier moyen de CHF {5}.</p>', '20210201120000globaz');
-- INSERT INTO CTELEMEN (CCIDOC, CCIELE, CCNPOS, CCNNIV, CCBDES, CCBSEL, CCBSBD, CCBEDI, PSPY) VALUES (41101000002, (SELECT COALESCE(MAX(CCIELE)+1,41101000002)  FROM CTELEMEN WHERE CCIDOC = 41101000002), 3, 2, '', '2', '2', '2', '20210201120000globaz');
--
-- INSERT INTO CTTEXTES (CDIELE, CDITXT, CDLCIL, CDLDES, PSPY) VALUES ((SELECT COALESCE(MAX(CCIELE)+1,41101000002)  FROM CTELEMEN WHERE CCIDOC = 41101000002), (SELECT COALESCE(MAX(CDITXT)+1,41101000002) FROM CTTEXTES WHERE CDIELE = ((SELECT COALESCE(MAX(CCIELE),41101000002)  FROM CTELEMEN WHERE CCIDOC = 41101000002))), 'de', 'L''allocation, équivalente au 80% de CHF {5} s''élève à CHF {6}.', '20210201120000globaz');
-- INSERT INTO CTTEXTES (CDIELE, CDITXT, CDLCIL, CDLDES, PSPY) VALUES ((SELECT COALESCE(MAX(CCIELE)+1,41101000002)  FROM CTELEMEN WHERE CCIDOC = 41101000002), (SELECT MAX(CDITXT)+1 FROM CTTEXTES WHERE CDIELE = ((SELECT COALESCE(MAX(CCIELE)+1,41101000002)  FROM CTELEMEN WHERE CCIDOC = 41101000002))), 'fr', 'L''allocation, équivalente au 80% de CHF {5} s''élève à CHF {6}.', '20210201120000globaz');
-- INSERT INTO CTTEXTES (CDIELE, CDITXT, CDLCIL, CDLDES, PSPY) VALUES ((SELECT COALESCE(MAX(CCIELE)+1,41101000002)  FROM CTELEMEN WHERE CCIDOC = 41101000002),(SELECT MAX(CDITXT)+1 FROM CTTEXTES WHERE CDIELE = ((SELECT COALESCE(MAX(CCIELE)+1,41101000002)  FROM CTELEMEN WHERE CCIDOC = 41101000002))), 'it', 'L''allocation, équivalente au 80% de CHF {5} s''élève à CHF {6}.', '20210201120000globaz');
-- INSERT INTO CTELEMEN (CCIDOC, CCIELE, CCNPOS, CCNNIV, CCBDES, CCBSEL, CCBSBD, CCBEDI, PSPY) VALUES (41101000002, (SELECT COALESCE(MAX(CCIELE)+1,41101000002)  FROM CTELEMEN WHERE CCIDOC = 41101000002), 4, 2, '', '2', '2', '2', '20210201120000globaz');
--
-- INSERT INTO CTTEXTES (CDIELE, CDITXT, CDLCIL, CDLDES, PSPY) VALUES ((SELECT COALESCE(MAX(CCIELE)+1,41101000002)  FROM CTELEMEN WHERE CCIDOC = 41101000002), (SELECT COALESCE(MAX(CDITXT),41101000002)+1 FROM CTTEXTES WHERE CDIELE = ((SELECT COALESCE(MAX(CCIELE),41101000002)  FROM CTELEMEN WHERE CCIDOC = 41101000002))), 'de', 'supérieur à CHF {montantAnnuelMax}', '20210201120000globaz');
-- INSERT INTO CTTEXTES (CDIELE, CDITXT, CDLCIL, CDLDES, PSPY) VALUES ((SELECT COALESCE(MAX(CCIELE)+1,41101000002)  FROM CTELEMEN WHERE CCIDOC = 41101000002), (SELECT MAX(CDITXT)+1 FROM CTTEXTES WHERE CDIELE = ((SELECT COALESCE(MAX(CCIELE)+1,41101000002)  FROM CTELEMEN WHERE CCIDOC = 41101000002))), 'fr', 'supérieur à CHF {montantAnnuelMax}', '20210201120000globaz');
-- INSERT INTO CTTEXTES (CDIELE, CDITXT, CDLCIL, CDLDES, PSPY) VALUES ((SELECT COALESCE(MAX(CCIELE)+1,41101000002)  FROM CTELEMEN WHERE CCIDOC = 41101000002),(SELECT MAX(CDITXT)+1 FROM CTTEXTES WHERE CDIELE = ((SELECT COALESCE(MAX(CCIELE)+1,41101000002)  FROM CTELEMEN WHERE CCIDOC = 41101000002))), 'it', 'supérieur à CHF {montantAnnuelMax}', '20210201120000globaz');
-- INSERT INTO CTELEMEN (CCIDOC, CCIELE, CCNPOS, CCNNIV, CCBDES, CCBSEL, CCBSBD, CCBEDI, PSPY) VALUES (41101000002, (SELECT COALESCE(MAX(CCIELE)+1,41101000002)  FROM CTELEMEN WHERE CCIDOC = 41101000002), 5, 2, '', '2', '2', '2', '20210201120000globaz');
--
-- INSERT INTO CTTEXTES (CDIELE, CDITXT, CDLCIL, CDLDES, PSPY) VALUES ((SELECT COALESCE(MAX(CCIELE)+1,41101000002)  FROM CTELEMEN WHERE CCIDOC = 41101000002), (SELECT COALESCE(MAX(CDITXT)+1,41101000002) FROM CTTEXTES WHERE CDIELE = ((SELECT COALESCE(MAX(CCIELE),41101000002)  FROM CTELEMEN WHERE CCIDOC = 41101000002))), 'de', 'de CHF {montantAnnuel}', '20210201120000globaz');
-- INSERT INTO CTTEXTES (CDIELE, CDITXT, CDLCIL, CDLDES, PSPY) VALUES ((SELECT COALESCE(MAX(CCIELE)+1,41101000002)  FROM CTELEMEN WHERE CCIDOC = 41101000002), (SELECT MAX(CDITXT)+1 FROM CTTEXTES WHERE CDIELE = ((SELECT COALESCE(MAX(CCIELE)+1,41101000002)  FROM CTELEMEN WHERE CCIDOC = 41101000002))), 'fr', 'de CHF {montantAnnuel}', '20210201120000globaz');
-- INSERT INTO CTTEXTES (CDIELE, CDITXT, CDLCIL, CDLDES, PSPY) VALUES ((SELECT COALESCE(MAX(CCIELE)+1,41101000002)  FROM CTELEMEN WHERE CCIDOC = 41101000002),(SELECT MAX(CDITXT)+1 FROM CTTEXTES WHERE CDIELE = ((SELECT COALESCE(MAX(CCIELE)+1,41101000002)  FROM CTELEMEN WHERE CCIDOC = 41101000002))), 'it', 'de CHF {montantAnnuel}', '20210201120000globaz');
-- INSERT INTO CTELEMEN (CCIDOC, CCIELE, CCNPOS, CCNNIV, CCBDES, CCBSEL, CCBSBD, CCBEDI, PSPY) VALUES (41101000002, (SELECT COALESCE(MAX(CCIELE)+1,41101000002)  FROM CTELEMEN WHERE CCIDOC = 41101000002), 6, 2, '', '2', '2', '2', '20210201120000globaz');
--
-- INSERT INTO CTTEXTES (CDIELE, CDITXT, CDLCIL, CDLDES, PSPY) VALUES ((SELECT COALESCE(MAX(CCIELE)+1,41101000002)  FROM CTELEMEN WHERE CCIDOC = 41101000002), (SELECT COALESCE(MAX(CDITXT)+1,41101000002) FROM CTTEXTES WHERE CDIELE = ((SELECT COALESCE(MAX(CCIELE),41101000002)  FROM CTELEMEN WHERE CCIDOC = 41101000002))), 'de', 'dass ein Arbeitgeber seinen Eigenanteil beansprucht', '20210201120000globaz');
-- INSERT INTO CTTEXTES (CDIELE, CDITXT, CDLCIL, CDLDES, PSPY) VALUES ((SELECT COALESCE(MAX(CCIELE)+1,41101000002)  FROM CTELEMEN WHERE CCIDOC = 41101000002), (SELECT MAX(CDITXT)+1 FROM CTTEXTES WHERE CDIELE = ((SELECT COALESCE(MAX(CCIELE)+1,41101000002)  FROM CTELEMEN WHERE CCIDOC = 41101000002))), 'fr', 'qu''un employeur réclame sa propre part', '20210201120000globaz');
-- INSERT INTO CTTEXTES (CDIELE, CDITXT, CDLCIL, CDLDES, PSPY) VALUES ((SELECT COALESCE(MAX(CCIELE)+1,41101000002)  FROM CTELEMEN WHERE CCIDOC = 41101000002),(SELECT MAX(CDITXT)+1 FROM CTTEXTES WHERE CDIELE = ((SELECT COALESCE(MAX(CCIELE)+1,41101000002)  FROM CTELEMEN WHERE CCIDOC = 41101000002))), 'it', 'qu''un employeur réclame sa propre part', '20210201120000globaz');
-- INSERT INTO CTELEMEN (CCIDOC, CCIELE, CCNPOS, CCNNIV, CCBDES, CCBSEL, CCBSBD, CCBEDI, PSPY) VALUES (41101000002, (SELECT COALESCE(MAX(CCIELE)+1,41101000002)  FROM CTELEMEN WHERE CCIDOC = 41101000002), 7, 2, '', '2', '2', '2', '20210201120000globaz');
--
-- INSERT INTO CTTEXTES (CDIELE, CDITXT, CDLCIL, CDLDES, PSPY) VALUES ((SELECT COALESCE(MAX(CCIELE)+1,41101000002)  FROM CTELEMEN WHERE CCIDOC = 41101000002), (SELECT COALESCE(MAX(CDITXT)+1,41101000002) FROM CTTEXTES WHERE CDIELE = ((SELECT COALESCE(MAX(CCIELE),41101000002)  FROM CTELEMEN WHERE CCIDOC = 41101000002))), 'de', 'dass ein Arbeitgeber nicht 80% des üblichen Lohns zahlt', '20210201120000globaz');
-- INSERT INTO CTTEXTES (CDIELE, CDITXT, CDLCIL, CDLDES, PSPY) VALUES ((SELECT COALESCE(MAX(CCIELE)+1,41101000002)  FROM CTELEMEN WHERE CCIDOC = 41101000002), (SELECT MAX(CDITXT)+1 FROM CTTEXTES WHERE CDIELE = ((SELECT COALESCE(MAX(CCIELE)+1,41101000002)  FROM CTELEMEN WHERE CCIDOC = 41101000002))), 'fr', 'qu''un employeur ne verse pas 80% du salaire habituel', '20210201120000globaz');
-- INSERT INTO CTTEXTES (CDIELE, CDITXT, CDLCIL, CDLDES, PSPY) VALUES ((SELECT COALESCE(MAX(CCIELE)+1,41101000002)  FROM CTELEMEN WHERE CCIDOC = 41101000002),(SELECT MAX(CDITXT)+1 FROM CTTEXTES WHERE CDIELE = ((SELECT COALESCE(MAX(CCIELE)+1,41101000002)  FROM CTELEMEN WHERE CCIDOC = 41101000002))), 'it', 'qu''un employeur ne verse pas 80% du salaire habituel', '20210201120000globaz');
-- INSERT INTO CTELEMEN (CCIDOC, CCIELE, CCNPOS, CCNNIV, CCBDES, CCBSEL, CCBSBD, CCBEDI, PSPY) VALUES (41101000002, (SELECT COALESCE(MAX(CCIELE)+1,41101000002)  FROM CTELEMEN WHERE CCIDOC = 41101000002), 8, 2, '', '2', '2', '2', '20210201120000globaz');
--
--
-- INSERT INTO CTTEXTES (CDIELE, CDITXT, CDLCIL, CDLDES, PSPY) VALUES ((SELECT COALESCE(MAX(CCIELE)+1,41101000002)  FROM CTELEMEN WHERE CCIDOC = 41101000002), (SELECT COALESCE(MAX(CDITXT)+1,41101000002) FROM CTTEXTES WHERE CDIELE = ((SELECT COALESCE(MAX(CCIELE),41101000002)  FROM CTELEMEN WHERE CCIDOC = 41101000002))), 'de', 'dass ein Arbeitsvertrag ausläuft', '20210201120000globaz');
-- INSERT INTO CTTEXTES (CDIELE, CDITXT, CDLCIL, CDLDES, PSPY) VALUES ((SELECT COALESCE(MAX(CCIELE)+1,41101000002)  FROM CTELEMEN WHERE CCIDOC = 41101000002), (SELECT MAX(CDITXT)+1 FROM CTTEXTES WHERE CDIELE = ((SELECT COALESCE(MAX(CCIELE)+1,41101000002)  FROM CTELEMEN WHERE CCIDOC = 41101000002))), 'fr', 'qu''un contrat de travail arrive à échéance', '20210201120000globaz');
-- INSERT INTO CTTEXTES (CDIELE, CDITXT, CDLCIL, CDLDES, PSPY) VALUES ((SELECT COALESCE(MAX(CCIELE)+1,41101000002)  FROM CTELEMEN WHERE CCIDOC = 41101000002),(SELECT MAX(CDITXT)+1 FROM CTTEXTES WHERE CDIELE = ((SELECT COALESCE(MAX(CCIELE)+1,41101000002)  FROM CTELEMEN WHERE CCIDOC = 41101000002))), 'it', 'qu''un contrat de travail arrive à échéance', '20210201120000globaz');
-- INSERT INTO CTELEMEN (CCIDOC, CCIELE, CCNPOS, CCNNIV, CCBDES, CCBSEL, CCBSBD, CCBEDI, PSPY) VALUES (41101000002, (SELECT COALESCE(MAX(CCIELE)+1,41101000002)  FROM CTELEMEN WHERE CCIDOC = 41101000002), 9, 2, '', '2', '2', '2', '20210201120000globaz');
--
-- INSERT INTO CTTEXTES (CDIELE, CDITXT, CDLCIL, CDLDES, PSPY) VALUES ((SELECT COALESCE(MAX(CCIELE)+1,41101000002)  FROM CTELEMEN WHERE CCIDOC = 41101000002), (SELECT COALESCE(MAX(CDITXT)+1,41101000002) FROM CTTEXTES WHERE CDIELE = ((SELECT COALESCE(MAX(CCIELE),41101000002)  FROM CTELEMEN WHERE CCIDOC = 41101000002))), 'de', 'über zu CHF {montantAnnuelMax}', '20210201120000globaz');
-- INSERT INTO CTTEXTES (CDIELE, CDITXT, CDLCIL, CDLDES, PSPY) VALUES ((SELECT COALESCE(MAX(CCIELE)+1,41101000002)  FROM CTELEMEN WHERE CCIDOC = 41101000002), (SELECT MAX(CDITXT)+1 FROM CTTEXTES WHERE CDIELE = ((SELECT COALESCE(MAX(CCIELE)+1,41101000002)  FROM CTELEMEN WHERE CCIDOC = 41101000002))), 'fr', 'supérieur à CHF {montantAnnuelMax}', '20210201120000globaz');
-- INSERT INTO CTTEXTES (CDIELE, CDITXT, CDLCIL, CDLDES, PSPY) VALUES ((SELECT COALESCE(MAX(CCIELE)+1,41101000002)  FROM CTELEMEN WHERE CCIDOC = 41101000002),(SELECT MAX(CDITXT)+1 FROM CTTEXTES WHERE CDIELE = ((SELECT COALESCE(MAX(CCIELE)+1,41101000002)  FROM CTELEMEN WHERE CCIDOC = 41101000002))), 'it', 'supérieur à CHF {montantAnnuelMax}', '20210201120000globaz');
-- INSERT INTO CTELEMEN (CCIDOC, CCIELE, CCNPOS, CCNNIV, CCBDES, CCBSEL, CCBSBD, CCBEDI, PSPY) VALUES (41101000002, (SELECT COALESCE(MAX(CCIELE)+1,41101000002)  FROM CTELEMEN WHERE CCIDOC = 41101000002), 10, 2, '', '2', '2', '2', '20210201120000globaz');
--
-- INSERT INTO CTTEXTES (CDIELE, CDITXT, CDLCIL, CDLDES, PSPY) VALUES ((SELECT COALESCE(MAX(CCIELE)+1,41101000002)  FROM CTELEMEN WHERE CCIDOC = 41101000002), (SELECT COALESCE(MAX(CDITXT)+1,41101000002) FROM CTTEXTES WHERE CDIELE = ((SELECT COALESCE(MAX(CCIELE),41101000002)  FROM CTELEMEN WHERE CCIDOC = 41101000002))), 'de', 'von CHF {montantAnnuel}', '20210201120000globaz');
-- INSERT INTO CTTEXTES (CDIELE, CDITXT, CDLCIL, CDLDES, PSPY) VALUES ((SELECT COALESCE(MAX(CCIELE)+1,41101000002)  FROM CTELEMEN WHERE CCIDOC = 41101000002), (SELECT MAX(CDITXT)+1 FROM CTTEXTES WHERE CDIELE = ((SELECT COALESCE(MAX(CCIELE)+1,41101000002)  FROM CTELEMEN WHERE CCIDOC = 41101000002))), 'fr', 'de CHF {montantAnnuel}', '20210201120000globaz');
-- INSERT INTO CTTEXTES (CDIELE, CDITXT, CDLCIL, CDLDES, PSPY) VALUES ((SELECT COALESCE(MAX(CCIELE)+1,41101000002)  FROM CTELEMEN WHERE CCIDOC = 41101000002),(SELECT MAX(CDITXT)+1 FROM CTTEXTES WHERE CDIELE = ((SELECT COALESCE(MAX(CCIELE)+1,41101000002)  FROM CTELEMEN WHERE CCIDOC = 41101000002))), 'it', 'de CHF {montantAnnuel}', '20210201120000globaz');
-- INSERT INTO CTELEMEN (CCIDOC, CCIELE, CCNPOS, CCNNIV, CCBDES, CCBSEL, CCBSBD, CCBEDI, PSPY) VALUES (41101000002, (SELECT COALESCE(MAX(CCIELE)+1,41101000002)  FROM CTELEMEN WHERE CCIDOC = 41101000002), 11, 2, '', '2', '2', '2', '20210201120000globaz');
--
-- INSERT INTO CTTEXTES (CDIELE, CDITXT, CDLCIL, CDLDES, PSPY) VALUES ((SELECT COALESCE(MAX(CCIELE)+1,41101000002)  FROM CTELEMEN WHERE CCIDOC = 41101000002), (SELECT COALESCE(MAX(CDITXT)+1,41101000002) FROM CTTEXTES WHERE CDIELE = ((SELECT COALESCE(MAX(CCIELE),41101000002)  FROM CTELEMEN WHERE CCIDOC = 41101000002))), 'de', 'Suite à la naissance, le {1}, des enfants de Monsieur {2}, nous vous communiquons le montant de l''allocation de paternité qui vous est due selon le détail ci-dessous.', '20210201120000globaz');
-- INSERT INTO CTTEXTES (CDIELE, CDITXT, CDLCIL, CDLDES, PSPY) VALUES ((SELECT COALESCE(MAX(CCIELE)+1,41101000002)  FROM CTELEMEN WHERE CCIDOC = 41101000002), (SELECT MAX(CDITXT)+1 FROM CTTEXTES WHERE CDIELE = ((SELECT COALESCE(MAX(CCIELE)+1,41101000002)  FROM CTELEMEN WHERE CCIDOC = 41101000002))), 'fr', 'Suite à la naissance, le {1}, des enfants de Monsieur {2}, nous vous communiquons le montant de l''allocation de paternité qui vous est due selon le détail ci-dessous.', '20210201120000globaz');
-- INSERT INTO CTTEXTES (CDIELE, CDITXT, CDLCIL, CDLDES, PSPY) VALUES ((SELECT COALESCE(MAX(CCIELE)+1,41101000002)  FROM CTELEMEN WHERE CCIDOC = 41101000002),(SELECT MAX(CDITXT)+1 FROM CTTEXTES WHERE CDIELE = ((SELECT COALESCE(MAX(CCIELE)+1,41101000002)  FROM CTELEMEN WHERE CCIDOC = 41101000002))), 'it', 'Suite à la naissance, le {1}, des enfants de Monsieur {2}, nous vous communiquons le montant de l''allocation de paternité qui vous est due selon le détail ci-dessous.', '20210201120000globaz');
-- INSERT INTO CTELEMEN (CCIDOC, CCIELE, CCNPOS, CCNNIV, CCBDES, CCBSEL, CCBSBD, CCBEDI, PSPY) VALUES (41101000002, (SELECT COALESCE(MAX(CCIELE)+1,41101000002)  FROM CTELEMEN WHERE CCIDOC = 41101000002), 13, 2, '', '2', '2', '2', '20210201120000globaz');
--
-- INSERT INTO CTTEXTES (CDIELE, CDITXT, CDLCIL, CDLDES, PSPY) VALUES ((SELECT COALESCE(MAX(CCIELE)+1,41101000002)  FROM CTELEMEN WHERE CCIDOC = 41101000002), (SELECT COALESCE(MAX(CDITXT)+1,41101000002) FROM CTTEXTES WHERE CDIELE = ((SELECT COALESCE(MAX(CCIELE),41101000002)  FROM CTELEMEN WHERE CCIDOC = 41101000002))), 'de', 'Cependant, le droit s''élève à CHF {7} étant donné que Monsieur {2} est déjà au bénéfice d''une indemnité journalière qui est égale à ce dernier montant.', '20210201120000globaz');
-- INSERT INTO CTTEXTES (CDIELE, CDITXT, CDLCIL, CDLDES, PSPY) VALUES ((SELECT COALESCE(MAX(CCIELE)+1,41101000002)  FROM CTELEMEN WHERE CCIDOC = 41101000002), (SELECT MAX(CDITXT)+1 FROM CTTEXTES WHERE CDIELE = ((SELECT COALESCE(MAX(CCIELE)+1,41101000002)  FROM CTELEMEN WHERE CCIDOC = 41101000002))), 'fr', 'Cependant, le droit s''élève à CHF {7} étant donné que Monsieur {2} est déjà au bénéfice d''une indemnité journalière qui est égale à ce dernier montant.', '20210201120000globaz');
-- INSERT INTO CTTEXTES (CDIELE, CDITXT, CDLCIL, CDLDES, PSPY) VALUES ((SELECT COALESCE(MAX(CCIELE)+1,41101000002)  FROM CTELEMEN WHERE CCIDOC = 41101000002), (SELECT MAX(CDITXT)+1 FROM CTTEXTES WHERE CDIELE = ((SELECT COALESCE(MAX(CCIELE)+1,41101000002)  FROM CTELEMEN WHERE CCIDOC = 41101000002))), 'it', 'Cependant, le droit s''élève à CHF {7} étant donné que Monsieur {2} est déjà au bénéfice d''une indemnité journalière qui est égale à ce dernier montant.', '20210201120000globaz');
-- INSERT INTO CTELEMEN (CCIDOC, CCIELE, CCNPOS, CCNNIV, CCBDES, CCBSEL, CCBSBD, CCBEDI, PSPY) VALUES (41101000002, (SELECT COALESCE(MAX(CCIELE)+1,41101000002)  FROM CTELEMEN WHERE CCIDOC = 41101000002), 101, 2, '', '2', '2', '2', '20210201120000globaz');
--
-- INSERT INTO CTTEXTES (CDIELE, CDITXT, CDLCIL, CDLDES, PSPY) VALUES ((SELECT COALESCE(MAX(CCIELE)+1,41101000002)  FROM CTELEMEN WHERE CCIDOC = 41101000002), (SELECT COALESCE(MAX(CDITXT)+1,41101000002) FROM CTTEXTES WHERE CDIELE = ((SELECT COALESCE(MAX(CCIELE),41101000002)  FROM CTELEMEN WHERE CCIDOC = 41101000002))), 'de', 'Seuls {8}% de cette somme vous seront versés, soit CHF {9}, car vous êtes plusieurs employeurs.', '20210201120000globaz');
-- INSERT INTO CTTEXTES (CDIELE, CDITXT, CDLCIL, CDLDES, PSPY) VALUES ((SELECT COALESCE(MAX(CCIELE)+1,41101000002)  FROM CTELEMEN WHERE CCIDOC = 41101000002), (SELECT MAX(CDITXT)+1 FROM CTTEXTES WHERE CDIELE = ((SELECT COALESCE(MAX(CCIELE)+1,41101000002)  FROM CTELEMEN WHERE CCIDOC = 41101000002))), 'fr', 'Seuls {8}% de cette somme vous seront versés, soit CHF {9}, car vous êtes plusieurs employeurs.', '20210201120000globaz');
-- INSERT INTO CTTEXTES (CDIELE, CDITXT, CDLCIL, CDLDES, PSPY) VALUES ((SELECT COALESCE(MAX(CCIELE)+1,41101000002)  FROM CTELEMEN WHERE CCIDOC = 41101000002), (SELECT MAX(CDITXT)+1 FROM CTTEXTES WHERE CDIELE = ((SELECT COALESCE(MAX(CCIELE)+1,41101000002)  FROM CTELEMEN WHERE CCIDOC = 41101000002))), 'it', 'Seuls {8}% de cette somme vous seront versés, soit CHF {9}, car vous êtes plusieurs employeurs.', '20210201120000globaz');
-- INSERT INTO CTELEMEN (CCIDOC, CCIELE, CCNPOS, CCNNIV, CCBDES, CCBSEL, CCBSBD, CCBEDI, PSPY) VALUES (41101000002, (SELECT COALESCE(MAX(CCIELE)+1,41101000002)  FROM CTELEMEN WHERE CCIDOC = 41101000002), 102, 2, '', '2', '2', '2', '20210201120000globaz');
--
-- INSERT INTO CTTEXTES (CDIELE, CDITXT, CDLCIL, CDLDES, PSPY) VALUES ((SELECT COALESCE(MAX(CCIELE)+1,41101000002)  FROM CTELEMEN WHERE CCIDOC = 41101000002), (SELECT COALESCE(MAX(CDITXT)+1,41101000002) FROM CTTEXTES WHERE CDIELE = ((SELECT COALESCE(MAX(CCIELE),41101000002)  FROM CTELEMEN WHERE CCIDOC = 41101000002))), 'de', 'Cependant, vous ne versez pas 80% à votre employé, le montant est également réduit.', '20210201120000globaz');
-- INSERT INTO CTTEXTES (CDIELE, CDITXT, CDLCIL, CDLDES, PSPY) VALUES ((SELECT COALESCE(MAX(CCIELE)+1,41101000002)  FROM CTELEMEN WHERE CCIDOC = 41101000002), (SELECT MAX(CDITXT)+1 FROM CTTEXTES WHERE CDIELE = ((SELECT COALESCE(MAX(CCIELE)+1,41101000002)  FROM CTELEMEN WHERE CCIDOC = 41101000002))), 'fr', 'Cependant, vous ne versez pas 80% à votre employé, le montant est également réduit.', '20210201120000globaz');
-- INSERT INTO CTTEXTES (CDIELE, CDITXT, CDLCIL, CDLDES, PSPY) VALUES ((SELECT COALESCE(MAX(CCIELE)+1,41101000002)  FROM CTELEMEN WHERE CCIDOC = 41101000002), (SELECT MAX(CDITXT)+1 FROM CTTEXTES WHERE CDIELE = ((SELECT COALESCE(MAX(CCIELE)+1,41101000002)  FROM CTELEMEN WHERE CCIDOC = 41101000002))), 'it', 'Cependant, vous ne versez pas 80% à votre employé, le montant est également réduit.', '20210201120000globaz');
-- INSERT INTO CTELEMEN (CCIDOC, CCIELE, CCNPOS, CCNNIV, CCBDES, CCBSEL, CCBSBD, CCBEDI, PSPY) VALUES (41101000002, (SELECT COALESCE(MAX(CCIELE)+1,41101000002)  FROM CTELEMEN WHERE CCIDOC = 41101000002), 103, 2, '', '2', '2', '2', '20210201120000globaz');
--
-- INSERT INTO CTTEXTES (CDIELE, CDITXT, CDLCIL, CDLDES, PSPY) VALUES ((SELECT COALESCE(MAX(CCIELE)+1,41101000002)  FROM CTELEMEN WHERE CCIDOC = 41101000002), (SELECT COALESCE(MAX(CDITXT)+1,41101000002) FROM CTTEXTES WHERE CDIELE = ((SELECT COALESCE(MAX(CCIELE),41101000002)  FROM CTELEMEN WHERE CCIDOC = 41101000002))), 'de', 'Suite aux nouveaux éléments communiqués, nous avons procédé à un nouveau calcul des allocations de paternité dont le détail vous est présenté ci-dessous. Ce montant doit nous être restitué au moyen du bulletin de versement annexé.', '20210201120000globaz');
-- INSERT INTO CTTEXTES (CDIELE, CDITXT, CDLCIL, CDLDES, PSPY) VALUES ((SELECT COALESCE(MAX(CCIELE)+1,41101000002)  FROM CTELEMEN WHERE CCIDOC = 41101000002), (SELECT MAX(CDITXT)+1 FROM CTTEXTES WHERE CDIELE = ((SELECT COALESCE(MAX(CCIELE)+1,41101000002)  FROM CTELEMEN WHERE CCIDOC = 41101000002))), 'fr', 'Suite aux nouveaux éléments communiqués, nous avons procédé à un nouveau calcul des allocations de paternité dont le détail vous est présenté ci-dessous. Ce montant doit nous être restitué au moyen du bulletin de versement annexé.', '20210201120000globaz');
-- INSERT INTO CTTEXTES (CDIELE, CDITXT, CDLCIL, CDLDES, PSPY) VALUES ((SELECT COALESCE(MAX(CCIELE)+1,41101000002)  FROM CTELEMEN WHERE CCIDOC = 41101000002), (SELECT MAX(CDITXT)+1 FROM CTTEXTES WHERE CDIELE = ((SELECT COALESCE(MAX(CCIELE)+1,41101000002)  FROM CTELEMEN WHERE CCIDOC = 41101000002))), 'it', 'Suite aux nouveaux éléments communiqués, nous avons procédé à un nouveau calcul des allocations de paternité dont le détail vous est présenté ci-dessous. Ce montant doit nous être restitué au moyen du bulletin de versement annexé.', '20210201120000globaz');
-- INSERT INTO CTELEMEN (CCIDOC, CCIELE, CCNPOS, CCNNIV, CCBDES, CCBSEL, CCBSBD, CCBEDI, PSPY) VALUES (41101000002, (SELECT COALESCE(MAX(CCIELE)+1,41101000002)  FROM CTELEMEN WHERE CCIDOC = 41101000002), 200, 2, '', '2', '2', '2', '20210201120000globaz');
--
-- INSERT INTO CTTEXTES (CDIELE, CDITXT, CDLCIL, CDLDES, PSPY) VALUES ((SELECT COALESCE(MAX(CCIELE)+1,41101000002)  FROM CTELEMEN WHERE CCIDOC = 41101000002), (SELECT COALESCE(MAX(CDITXT)+1,41101000002) FROM CTTEXTES WHERE CDIELE = ((SELECT COALESCE(MAX(CCIELE),41101000002)  FROM CTELEMEN WHERE CCIDOC = 41101000002))), 'de', 'Suite aux nouveaux éléments communiqués, nous avons procédé à un nouveau calcul des allocations de paternité dont le détail vous est présenté ci-dessous.', '20210201120000globaz');
-- INSERT INTO CTTEXTES (CDIELE, CDITXT, CDLCIL, CDLDES, PSPY) VALUES ((SELECT COALESCE(MAX(CCIELE)+1,41101000002)  FROM CTELEMEN WHERE CCIDOC = 41101000002), (SELECT MAX(CDITXT)+1 FROM CTTEXTES WHERE CDIELE = ((SELECT COALESCE(MAX(CCIELE)+1,41101000002)  FROM CTELEMEN WHERE CCIDOC = 41101000002))), 'fr', 'Suite aux nouveaux éléments communiqués, nous avons procédé à un nouveau calcul des allocations de paternité dont le détail vous est présenté ci-dessous.', '20210201120000globaz');
-- INSERT INTO CTTEXTES (CDIELE, CDITXT, CDLCIL, CDLDES, PSPY) VALUES ((SELECT COALESCE(MAX(CCIELE)+1,41101000002)  FROM CTELEMEN WHERE CCIDOC = 41101000002), (SELECT MAX(CDITXT)+1 FROM CTTEXTES WHERE CDIELE = ((SELECT COALESCE(MAX(CCIELE)+1,41101000002)  FROM CTELEMEN WHERE CCIDOC = 41101000002))), 'it', 'Suite aux nouveaux éléments communiqués, nous avons procédé à un nouveau calcul des allocations de paternité dont le détail vous est présenté ci-dessous.', '20210201120000globaz');
-- INSERT INTO CTELEMEN (CCIDOC, CCIELE, CCNPOS, CCNNIV, CCBDES, CCBSEL, CCBSBD, CCBEDI, PSPY) VALUES (41101000002, (SELECT COALESCE(MAX(CCIELE)+1,41101000002)  FROM CTELEMEN WHERE CCIDOC = 41101000002), 201, 2, '', '2', '2', '2', '20210201120000globaz');
--
-- INSERT INTO CTTEXTES (CDIELE, CDITXT, CDLCIL, CDLDES, PSPY) VALUES ((SELECT COALESCE(MAX(CCIELE)+1,41101000002)  FROM CTELEMEN WHERE CCIDOC = 41101000002), (SELECT COALESCE(MAX(CDITXT)+1,41101000002) FROM CTTEXTES WHERE CDIELE = ((SELECT COALESCE(MAX(CCIELE),41101000002)  FROM CTELEMEN WHERE CCIDOC = 41101000002))), 'de', 'Versicherte', '20210201120000globaz');
-- INSERT INTO CTTEXTES (CDIELE, CDITXT, CDLCIL, CDLDES, PSPY) VALUES ((SELECT COALESCE(MAX(CCIELE)+1,41101000002)  FROM CTELEMEN WHERE CCIDOC = 41101000002), (SELECT MAX(CDITXT)+1 FROM CTTEXTES WHERE CDIELE = ((SELECT COALESCE(MAX(CCIELE)+1,41101000002)  FROM CTELEMEN WHERE CCIDOC = 41101000002))), 'fr', 'Assuré', '20210201120000globaz');
-- INSERT INTO CTTEXTES (CDIELE, CDITXT, CDLCIL, CDLDES, PSPY) VALUES ((SELECT COALESCE(MAX(CCIELE)+1,41101000002)  FROM CTELEMEN WHERE CCIDOC = 41101000002),(SELECT MAX(CDITXT)+1 FROM CTTEXTES WHERE CDIELE = ((SELECT COALESCE(MAX(CCIELE)+1,41101000002)  FROM CTELEMEN WHERE CCIDOC = 41101000002))), 'it', 'Assuré', '20210201120000globaz');
-- INSERT INTO CTELEMEN (CCIDOC, CCIELE, CCNPOS, CCNNIV, CCBDES, CCBSEL, CCBSBD, CCBEDI, PSPY) VALUES (41101000002, (SELECT COALESCE(MAX(CCIELE)+1,41101000002)  FROM CTELEMEN WHERE CCIDOC = 41101000002), 1, 3, '', '2', '2', '2', '20210201120000globaz');
--
-- INSERT INTO CTTEXTES (CDIELE, CDITXT, CDLCIL, CDLDES, PSPY) VALUES ((SELECT COALESCE(MAX(CCIELE)+1,41101000002)  FROM CTELEMEN WHERE CCIDOC = 41101000002), (SELECT COALESCE(MAX(CDITXT)+1,41101000002) FROM CTTEXTES WHERE CDIELE = ((SELECT COALESCE(MAX(CCIELE),41101000002)  FROM CTELEMEN WHERE CCIDOC = 41101000002))), 'de', 'Detail', '20210201120000globaz');
-- INSERT INTO CTTEXTES (CDIELE, CDITXT, CDLCIL, CDLDES, PSPY) VALUES ((SELECT COALESCE(MAX(CCIELE)+1,41101000002)  FROM CTELEMEN WHERE CCIDOC = 41101000002), (SELECT MAX(CDITXT)+1 FROM CTTEXTES WHERE CDIELE = ((SELECT COALESCE(MAX(CCIELE)+1,41101000002)  FROM CTELEMEN WHERE CCIDOC = 41101000002))), 'fr', 'Détail', '20210201120000globaz');
-- INSERT INTO CTTEXTES (CDIELE, CDITXT, CDLCIL, CDLDES, PSPY) VALUES ((SELECT COALESCE(MAX(CCIELE)+1,41101000002)  FROM CTELEMEN WHERE CCIDOC = 41101000002), (SELECT MAX(CDITXT)+1 FROM CTTEXTES WHERE CDIELE = ((SELECT COALESCE(MAX(CCIELE)+1,41101000002)  FROM CTELEMEN WHERE CCIDOC = 41101000002))), 'it', 'Détail', '20210201120000globaz');
-- INSERT INTO CTELEMEN (CCIDOC, CCIELE, CCNPOS, CCNNIV, CCBDES, CCBSEL, CCBSBD, CCBEDI, PSPY) VALUES (41101000002, (SELECT COALESCE(MAX(CCIELE)+1,41101000002)  FROM CTELEMEN WHERE CCIDOC = 41101000002), 2, 3, '', '2', '2', '2', '20210201120000globaz');
--
-- INSERT INTO CTTEXTES (CDIELE, CDITXT, CDLCIL, CDLDES, PSPY) VALUES ((SELECT COALESCE(MAX(CCIELE)+1,41101000002)  FROM CTELEMEN WHERE CCIDOC = 41101000002), (SELECT COALESCE(MAX(CDITXT)+1,41101000002) FROM CTTEXTES WHERE CDIELE = ((SELECT COALESCE(MAX(CCIELE),41101000002)  FROM CTELEMEN WHERE CCIDOC = 41101000002))), 'de', 'Betrag', '20210201120000globaz');
-- INSERT INTO CTTEXTES (CDIELE, CDITXT, CDLCIL, CDLDES, PSPY) VALUES ((SELECT COALESCE(MAX(CCIELE)+1,41101000002)  FROM CTELEMEN WHERE CCIDOC = 41101000002), (SELECT MAX(CDITXT)+1 FROM CTTEXTES WHERE CDIELE = ((SELECT COALESCE(MAX(CCIELE)+1,41101000002)  FROM CTELEMEN WHERE CCIDOC = 41101000002))), 'fr', 'Montant', '20210201120000globaz');
-- INSERT INTO CTTEXTES (CDIELE, CDITXT, CDLCIL, CDLDES, PSPY) VALUES ((SELECT COALESCE(MAX(CCIELE)+1,41101000002)  FROM CTELEMEN WHERE CCIDOC = 41101000002), (SELECT MAX(CDITXT)+1 FROM CTTEXTES WHERE CDIELE = ((SELECT COALESCE(MAX(CCIELE)+1,41101000002)  FROM CTELEMEN WHERE CCIDOC = 41101000002))), 'it', 'Montant', '20210201120000globaz');
-- INSERT INTO CTELEMEN (CCIDOC, CCIELE, CCNPOS, CCNNIV, CCBDES, CCBSEL, CCBSBD, CCBEDI, PSPY) VALUES (41101000002, (SELECT COALESCE(MAX(CCIELE)+1,41101000002)  FROM CTELEMEN WHERE CCIDOC = 41101000002), 3, 3, '', '2', '2', '2', '20210201120000globaz');
--
-- INSERT INTO CTTEXTES (CDIELE, CDITXT, CDLCIL, CDLDES, PSPY) VALUES ((SELECT COALESCE(MAX(CCIELE)+1,41101000002)  FROM CTELEMEN WHERE CCIDOC = 41101000002), (SELECT COALESCE(MAX(CDITXT)+1,41101000002) FROM CTTEXTES WHERE CDIELE = ((SELECT COALESCE(MAX(CCIELE),41101000002)  FROM CTELEMEN WHERE CCIDOC = 41101000002))), 'de', '<p>CHF</p>', '20210201120000globaz');
-- INSERT INTO CTTEXTES (CDIELE, CDITXT, CDLCIL, CDLDES, PSPY) VALUES ((SELECT COALESCE(MAX(CCIELE)+1,41101000002)  FROM CTELEMEN WHERE CCIDOC = 41101000002), (SELECT MAX(CDITXT)+1 FROM CTTEXTES WHERE CDIELE = ((SELECT COALESCE(MAX(CCIELE)+1,41101000002)  FROM CTELEMEN WHERE CCIDOC = 41101000002))), 'fr', '<p>CHF</p>', '20210201120000globaz');
-- INSERT INTO CTTEXTES (CDIELE, CDITXT, CDLCIL, CDLDES, PSPY) VALUES ((SELECT COALESCE(MAX(CCIELE)+1,41101000002)  FROM CTELEMEN WHERE CCIDOC = 41101000002), (SELECT MAX(CDITXT)+1 FROM CTTEXTES WHERE CDIELE = ((SELECT COALESCE(MAX(CCIELE)+1,41101000002)  FROM CTELEMEN WHERE CCIDOC = 41101000002))), 'it', '<p>CHF</p>', '20210201120000globaz');
-- INSERT INTO CTELEMEN (CCIDOC, CCIELE, CCNPOS, CCNNIV, CCBDES, CCBSEL, CCBSBD, CCBEDI, PSPY) VALUES (41101000002, (SELECT COALESCE(MAX(CCIELE)+1,41101000002)  FROM CTELEMEN WHERE CCIDOC = 41101000002), 4, 3, '', '2', '2', '2', '20210201120000globaz');
--
-- INSERT INTO CTTEXTES (CDIELE, CDITXT, CDLCIL, CDLDES, PSPY) VALUES ((SELECT COALESCE(MAX(CCIELE)+1,41101000002)  FROM CTELEMEN WHERE CCIDOC = 41101000002), (SELECT COALESCE(MAX(CDITXT)+1,41101000002) FROM CTTEXTES WHERE CDIELE = ((SELECT COALESCE(MAX(CCIELE),41101000002)  FROM CTELEMEN WHERE CCIDOC = 41101000002))), 'de', 'Aufgeteilter Betrag, Begünstigter: {ventilation}', '20210201120000globaz');
-- INSERT INTO CTTEXTES (CDIELE, CDITXT, CDLCIL, CDLDES, PSPY) VALUES ((SELECT COALESCE(MAX(CCIELE)+1,41101000002)  FROM CTELEMEN WHERE CCIDOC = 41101000002), (SELECT MAX(CDITXT)+1 FROM CTTEXTES WHERE CDIELE = ((SELECT COALESCE(MAX(CCIELE)+1,41101000002)  FROM CTELEMEN WHERE CCIDOC = 41101000002))), 'fr', 'Montant ventilé, bénéficiaire: {ventilation}', '20210201120000globaz');
-- INSERT INTO CTTEXTES (CDIELE, CDITXT, CDLCIL, CDLDES, PSPY) VALUES ((SELECT COALESCE(MAX(CCIELE)+1,41101000002)  FROM CTELEMEN WHERE CCIDOC = 41101000002), (SELECT MAX(CDITXT)+1 FROM CTTEXTES WHERE CDIELE = ((SELECT COALESCE(MAX(CCIELE)+1,41101000002)  FROM CTELEMEN WHERE CCIDOC = 41101000002))), 'it', 'Montant ventilé, bénéficiaire: {ventilation}', '20210201120000globaz');
-- INSERT INTO CTELEMEN (CCIDOC, CCIELE, CCNPOS, CCNNIV, CCBDES, CCBSEL, CCBSBD, CCBEDI, PSPY) VALUES (41101000002, (SELECT COALESCE(MAX(CCIELE)+1,41101000002)  FROM CTELEMEN WHERE CCIDOC = 41101000002), 6, 3, '', '2', '2', '2', '20210201120000globaz');
--
-- INSERT INTO CTTEXTES (CDIELE, CDITXT, CDLCIL, CDLDES, PSPY) VALUES ((SELECT COALESCE(MAX(CCIELE)+1,41101000002)  FROM CTELEMEN WHERE CCIDOC = 41101000002), (SELECT COALESCE(MAX(CDITXT)+1,41101000002) FROM CTTEXTES WHERE CDIELE = ((SELECT COALESCE(MAX(CCIELE),41101000002)  FROM CTELEMEN WHERE CCIDOC = 41101000002))), 'de', 'Total', '20210201120000globaz');
-- INSERT INTO CTTEXTES (CDIELE, CDITXT, CDLCIL, CDLDES, PSPY) VALUES ((SELECT COALESCE(MAX(CCIELE)+1,41101000002)  FROM CTELEMEN WHERE CCIDOC = 41101000002), (SELECT MAX(CDITXT)+1 FROM CTTEXTES WHERE CDIELE = ((SELECT COALESCE(MAX(CCIELE)+1,41101000002)  FROM CTELEMEN WHERE CCIDOC = 41101000002))), 'fr', 'Total', '20210201120000globaz');
-- INSERT INTO CTTEXTES (CDIELE, CDITXT, CDLCIL, CDLDES, PSPY) VALUES ((SELECT COALESCE(MAX(CCIELE)+1,41101000002)  FROM CTELEMEN WHERE CCIDOC = 41101000002), (SELECT MAX(CDITXT)+1 FROM CTTEXTES WHERE CDIELE = ((SELECT COALESCE(MAX(CCIELE)+1,41101000002)  FROM CTELEMEN WHERE CCIDOC = 41101000002))), 'it', 'Total', '20210201120000globaz');
-- INSERT INTO CTELEMEN (CCIDOC, CCIELE, CCNPOS, CCNNIV, CCBDES, CCBSEL, CCBSBD, CCBEDI, PSPY) VALUES (41101000002, (SELECT COALESCE(MAX(CCIELE)+1,41101000002)  FROM CTELEMEN WHERE CCIDOC = 41101000002), 7, 3, '', '2', '2', '2', '20210201120000globaz');
--
-- INSERT INTO CTTEXTES (CDIELE, CDITXT, CDLCIL, CDLDES, PSPY) VALUES ((SELECT COALESCE(MAX(CCIELE)+1,41101000002)  FROM CTELEMEN WHERE CCIDOC = 41101000002), (SELECT COALESCE(MAX(CDITXT)+1,41101000002) FROM CTTEXTES WHERE CDIELE = ((SELECT COALESCE(MAX(CCIELE),41101000002)  FROM CTELEMEN WHERE CCIDOC = 41101000002))), 'de', 'Abzug auf der nächsten Rechnung', '20210201120000globaz');
-- INSERT INTO CTTEXTES (CDIELE, CDITXT, CDLCIL, CDLDES, PSPY) VALUES ((SELECT COALESCE(MAX(CCIELE)+1,41101000002)  FROM CTELEMEN WHERE CCIDOC = 41101000002), (SELECT MAX(CDITXT)+1 FROM CTTEXTES WHERE CDIELE = ((SELECT COALESCE(MAX(CCIELE)+1,41101000002)  FROM CTELEMEN WHERE CCIDOC = 41101000002))), 'fr', 'Déduction sur la prochaine facture', '20210201120000globaz');
-- INSERT INTO CTTEXTES (CDIELE, CDITXT, CDLCIL, CDLDES, PSPY) VALUES ((SELECT COALESCE(MAX(CCIELE)+1,41101000002)  FROM CTELEMEN WHERE CCIDOC = 41101000002), (SELECT MAX(CDITXT)+1 FROM CTTEXTES WHERE CDIELE = ((SELECT COALESCE(MAX(CCIELE)+1,41101000002)  FROM CTELEMEN WHERE CCIDOC = 41101000002))), 'it', 'Déduction sur la prochaine facture', '20210201120000globaz');
-- INSERT INTO CTELEMEN (CCIDOC, CCIELE, CCNPOS, CCNNIV, CCBDES, CCBSEL, CCBSBD, CCBEDI, PSPY) VALUES (41101000002, (SELECT COALESCE(MAX(CCIELE)+1,41101000002)  FROM CTELEMEN WHERE CCIDOC = 41101000002), 8, 3, '', '2', '2', '2', '20210201120000globaz');
--
-- INSERT INTO CTTEXTES (CDIELE, CDITXT, CDLCIL, CDLDES, PSPY) VALUES ((SELECT COALESCE(MAX(CCIELE)+1,41101000002)  FROM CTELEMEN WHERE CCIDOC = 41101000002), (SELECT COALESCE(MAX(CDITXT)+1,41101000002) FROM CTTEXTES WHERE CDIELE = ((SELECT COALESCE(MAX(CCIELE),41101000002)  FROM CTELEMEN WHERE CCIDOC = 41101000002))), 'de', 'Zahlung', '20210201120000globaz');
-- INSERT INTO CTTEXTES (CDIELE, CDITXT, CDLCIL, CDLDES, PSPY) VALUES ((SELECT COALESCE(MAX(CCIELE)+1,41101000002)  FROM CTELEMEN WHERE CCIDOC = 41101000002), (SELECT MAX(CDITXT)+1 FROM CTTEXTES WHERE CDIELE = ((SELECT COALESCE(MAX(CCIELE)+1,41101000002)  FROM CTELEMEN WHERE CCIDOC = 41101000002))), 'fr', 'Versement', '20210201120000globaz');
-- INSERT INTO CTTEXTES (CDIELE, CDITXT, CDLCIL, CDLDES, PSPY) VALUES ((SELECT COALESCE(MAX(CCIELE)+1,41101000002)  FROM CTELEMEN WHERE CCIDOC = 41101000002), (SELECT MAX(CDITXT)+1 FROM CTTEXTES WHERE CDIELE = ((SELECT COALESCE(MAX(CCIELE)+1,41101000002)  FROM CTELEMEN WHERE CCIDOC = 41101000002))), 'it', 'Versement', '20210201120000globaz');
-- INSERT INTO CTELEMEN (CCIDOC, CCIELE, CCNPOS, CCNNIV, CCBDES, CCBSEL, CCBSBD, CCBEDI, PSPY) VALUES (41101000002, (SELECT COALESCE(MAX(CCIELE)+1,41101000002)  FROM CTELEMEN WHERE CCIDOC = 41101000002), 9, 3, '', '2', '2', '2', '20210201120000globaz');
--
-- INSERT INTO CTTEXTES (CDIELE, CDITXT, CDLCIL, CDLDES, PSPY) VALUES ((SELECT COALESCE(MAX(CCIELE)+1,41101000002)  FROM CTELEMEN WHERE CCIDOC = 41101000002), (SELECT COALESCE(MAX(CDITXT)+1,41101000002) FROM CTTEXTES WHERE CDIELE = ((SELECT COALESCE(MAX(CCIELE),41101000002)  FROM CTELEMEN WHERE CCIDOC = 41101000002))), 'de', 'Endsumme', '20210201120000globaz');
-- INSERT INTO CTTEXTES (CDIELE, CDITXT, CDLCIL, CDLDES, PSPY) VALUES ((SELECT COALESCE(MAX(CCIELE)+1,41101000002)  FROM CTELEMEN WHERE CCIDOC = 41101000002), (SELECT MAX(CDITXT)+1 FROM CTTEXTES WHERE CDIELE = ((SELECT COALESCE(MAX(CCIELE)+1,41101000002)  FROM CTELEMEN WHERE CCIDOC = 41101000002))), 'fr', 'Total final', '20210201120000globaz');
-- INSERT INTO CTTEXTES (CDIELE, CDITXT, CDLCIL, CDLDES, PSPY) VALUES ((SELECT COALESCE(MAX(CCIELE)+1,41101000002)  FROM CTELEMEN WHERE CCIDOC = 41101000002), (SELECT MAX(CDITXT)+1 FROM CTTEXTES WHERE CDIELE = ((SELECT COALESCE(MAX(CCIELE)+1,41101000002)  FROM CTELEMEN WHERE CCIDOC = 41101000002))), 'it', 'Total final', '20210201120000globaz');
-- INSERT INTO CTELEMEN (CCIDOC, CCIELE, CCNPOS, CCNNIV, CCBDES, CCBSEL, CCBSBD, CCBEDI, PSPY) VALUES (41101000002, (SELECT COALESCE(MAX(CCIELE)+1,41101000002)  FROM CTELEMEN WHERE CCIDOC = 41101000002), 11, 3, '', '2', '2', '2', '20210201120000globaz');
--
-- INSERT INTO CTTEXTES (CDIELE, CDITXT, CDLCIL, CDLDES, PSPY) VALUES ((SELECT COALESCE(MAX(CCIELE)+1,41101000002)  FROM CTELEMEN WHERE CCIDOC = 41101000002), (SELECT COALESCE(MAX(CDITXT)+1,41101000002) FROM CTTEXTES WHERE CDIELE = ((SELECT COALESCE(MAX(CCIELE),41101000002)  FROM CTELEMEN WHERE CCIDOC = 41101000002))), 'de', 'Quellensteuer {tauxImposition}', '20210201120000globaz');
-- INSERT INTO CTTEXTES (CDIELE, CDITXT, CDLCIL, CDLDES, PSPY) VALUES ((SELECT COALESCE(MAX(CCIELE)+1,41101000002)  FROM CTELEMEN WHERE CCIDOC = 41101000002), (SELECT MAX(CDITXT)+1 FROM CTTEXTES WHERE CDIELE = ((SELECT COALESCE(MAX(CCIELE)+1,41101000002)  FROM CTELEMEN WHERE CCIDOC = 41101000002))), 'fr', 'Impôt à la source {tauxImposition}', '20210201120000globaz');
-- INSERT INTO CTTEXTES (CDIELE, CDITXT, CDLCIL, CDLDES, PSPY) VALUES ((SELECT COALESCE(MAX(CCIELE)+1,41101000002)  FROM CTELEMEN WHERE CCIDOC = 41101000002), (SELECT MAX(CDITXT)+1 FROM CTTEXTES WHERE CDIELE = ((SELECT COALESCE(MAX(CCIELE)+1,41101000002)  FROM CTELEMEN WHERE CCIDOC = 41101000002))), 'it', 'Impôt à la source {tauxImposition}', '20210201120000globaz');
-- INSERT INTO CTELEMEN (CCIDOC, CCIELE, CCNPOS, CCNNIV, CCBDES, CCBSEL, CCBSBD, CCBEDI, PSPY) VALUES (41101000002, (SELECT COALESCE(MAX(CCIELE)+1,41101000002)  FROM CTELEMEN WHERE CCIDOC = 41101000002), 12, 3, '', '2', '2', '2', '20210201120000globaz');
--
-- INSERT INTO CTTEXTES (CDIELE, CDITXT, CDLCIL, CDLDES, PSPY) VALUES ((SELECT COALESCE(MAX(CCIELE)+1,41101000002)  FROM CTELEMEN WHERE CCIDOC = 41101000002), (SELECT COALESCE(MAX(CDITXT)+1,41101000002) FROM CTTEXTES WHERE CDIELE = ((SELECT COALESCE(MAX(CCIELE),41101000002)  FROM CTELEMEN WHERE CCIDOC = 41101000002))), 'de', '{nomAVS}', '20210201120000globaz');
-- INSERT INTO CTTEXTES (CDIELE, CDITXT, CDLCIL, CDLDES, PSPY) VALUES ((SELECT COALESCE(MAX(CCIELE)+1,41101000002)  FROM CTELEMEN WHERE CCIDOC = 41101000002), (SELECT MAX(CDITXT)+1 FROM CTTEXTES WHERE CDIELE = ((SELECT COALESCE(MAX(CCIELE)+1,41101000002)  FROM CTELEMEN WHERE CCIDOC = 41101000002))), 'fr', '{nomAVS}', '20210201120000globaz');
-- INSERT INTO CTTEXTES (CDIELE, CDITXT, CDLCIL, CDLDES, PSPY) VALUES ((SELECT COALESCE(MAX(CCIELE)+1,41101000002)  FROM CTELEMEN WHERE CCIDOC = 41101000002), (SELECT MAX(CDITXT)+1 FROM CTTEXTES WHERE CDIELE = ((SELECT COALESCE(MAX(CCIELE)+1,41101000002)  FROM CTELEMEN WHERE CCIDOC = 41101000002))), 'it', '{nomAVS}', '20210201120000globaz');
-- INSERT INTO CTELEMEN (CCIDOC, CCIELE, CCNPOS, CCNNIV, CCBDES, CCBSEL, CCBSBD, CCBEDI, PSPY) VALUES (41101000002, (SELECT COALESCE(MAX(CCIELE)+1,41101000002)  FROM CTELEMEN WHERE CCIDOC = 41101000002), 13, 3, '', '2', '2', '2', '20210201120000globaz');
--
-- INSERT INTO CTTEXTES (CDIELE, CDITXT, CDLCIL, CDLDES, PSPY) VALUES ((SELECT COALESCE(MAX(CCIELE)+1,41101000002)  FROM CTELEMEN WHERE CCIDOC = 41101000002), (SELECT COALESCE(MAX(CDITXT)+1,41101000002) FROM CTTEXTES WHERE CDIELE = ((SELECT COALESCE(MAX(CCIELE),41101000002)  FROM CTELEMEN WHERE CCIDOC = 41101000002))), 'de', '{periode}', '20210201120000globaz');
-- INSERT INTO CTTEXTES (CDIELE, CDITXT, CDLCIL, CDLDES, PSPY) VALUES ((SELECT COALESCE(MAX(CCIELE)+1,41101000002)  FROM CTELEMEN WHERE CCIDOC = 41101000002), (SELECT MAX(CDITXT)+1 FROM CTTEXTES WHERE CDIELE = ((SELECT COALESCE(MAX(CCIELE)+1,41101000002)  FROM CTELEMEN WHERE CCIDOC = 41101000002))), 'fr', '{periode}', '20210201120000globaz');
-- INSERT INTO CTTEXTES (CDIELE, CDITXT, CDLCIL, CDLDES, PSPY) VALUES ((SELECT COALESCE(MAX(CCIELE)+1,41101000002)  FROM CTELEMEN WHERE CCIDOC = 41101000002), (SELECT MAX(CDITXT)+1 FROM CTTEXTES WHERE CDIELE = ((SELECT COALESCE(MAX(CCIELE)+1,41101000002)  FROM CTELEMEN WHERE CCIDOC = 41101000002))), 'it', '{periode}', '20210201120000globaz');
-- INSERT INTO CTELEMEN (CCIDOC, CCIELE, CCNPOS, CCNNIV, CCBDES, CCBSEL, CCBSBD, CCBEDI, PSPY) VALUES (41101000002, (SELECT COALESCE(MAX(CCIELE)+1,41101000002)  FROM CTELEMEN WHERE CCIDOC = 41101000002), 14, 3, '', '2', '2', '2', '20210201120000globaz');
--
-- INSERT INTO CTTEXTES (CDIELE, CDITXT, CDLCIL, CDLDES, PSPY) VALUES ((SELECT COALESCE(MAX(CCIELE)+1,41101000002)  FROM CTELEMEN WHERE CCIDOC = 41101000002), (SELECT COALESCE(MAX(CDITXT)+1,41101000002) FROM CTTEXTES WHERE CDIELE = ((SELECT COALESCE(MAX(CCIELE),41101000002)  FROM CTELEMEN WHERE CCIDOC = 41101000002))), 'de', '<p>Beiträge</p>', '20210201120000globaz');
-- INSERT INTO CTTEXTES (CDIELE, CDITXT, CDLCIL, CDLDES, PSPY) VALUES ((SELECT COALESCE(MAX(CCIELE)+1,41101000002)  FROM CTELEMEN WHERE CCIDOC = 41101000002), (SELECT MAX(CDITXT)+1 FROM CTTEXTES WHERE CDIELE = ((SELECT COALESCE(MAX(CCIELE)+1,41101000002)  FROM CTELEMEN WHERE CCIDOC = 41101000002))), 'fr', '<p>Cotisations</p>', '20210201120000globaz');
-- INSERT INTO CTTEXTES (CDIELE, CDITXT, CDLCIL, CDLDES, PSPY) VALUES ((SELECT COALESCE(MAX(CCIELE)+1,41101000002)  FROM CTELEMEN WHERE CCIDOC = 41101000002), (SELECT MAX(CDITXT)+1 FROM CTTEXTES WHERE CDIELE = ((SELECT COALESCE(MAX(CCIELE)+1,41101000002)  FROM CTELEMEN WHERE CCIDOC = 41101000002))), 'it', '<p>Cotisations</p>', '20210201120000globaz');
-- INSERT INTO CTELEMEN (CCIDOC, CCIELE, CCNPOS, CCNNIV, CCBDES, CCBSEL, CCBSBD, CCBEDI, PSPY) VALUES (41101000002, (SELECT COALESCE(MAX(CCIELE)+1,41101000002)  FROM CTELEMEN WHERE CCIDOC = 41101000002), 15, 3, '', '2', '2', '2', '20210201120000globaz');
--
-- INSERT INTO CTTEXTES (CDIELE, CDITXT, CDLCIL, CDLDES, PSPY) VALUES ((SELECT COALESCE(MAX(CCIELE)+1,41101000002)  FROM CTELEMEN WHERE CCIDOC = 41101000002), (SELECT COALESCE(MAX(CDITXT)+1,41101000002) FROM CTTEXTES WHERE CDIELE = ((SELECT COALESCE(MAX(CCIELE),41101000002)  FROM CTELEMEN WHERE CCIDOC = 41101000002))), 'de', '{montantPeriode}', '20210201120000globaz');
-- INSERT INTO CTTEXTES (CDIELE, CDITXT, CDLCIL, CDLDES, PSPY) VALUES ((SELECT COALESCE(MAX(CCIELE)+1,41101000002)  FROM CTELEMEN WHERE CCIDOC = 41101000002), (SELECT MAX(CDITXT)+1 FROM CTTEXTES WHERE CDIELE = ((SELECT COALESCE(MAX(CCIELE)+1,41101000002)  FROM CTELEMEN WHERE CCIDOC = 41101000002))), 'fr', '{montantPeriode}', '20210201120000globaz');
-- INSERT INTO CTTEXTES (CDIELE, CDITXT, CDLCIL, CDLDES, PSPY) VALUES ((SELECT COALESCE(MAX(CCIELE)+1,41101000002)  FROM CTELEMEN WHERE CCIDOC = 41101000002), (SELECT MAX(CDITXT)+1 FROM CTTEXTES WHERE CDIELE = ((SELECT COALESCE(MAX(CCIELE)+1,41101000002)  FROM CTELEMEN WHERE CCIDOC = 41101000002))), 'it', '{montantPeriode}', '20210201120000globaz');
-- INSERT INTO CTELEMEN (CCIDOC, CCIELE, CCNPOS, CCNNIV, CCBDES, CCBSEL, CCBSBD, CCBEDI, PSPY) VALUES (41101000002, (SELECT COALESCE(MAX(CCIELE)+1,41101000002)  FROM CTELEMEN WHERE CCIDOC = 41101000002), 16, 3, '', '2', '2', '2', '20210201120000globaz');
--
-- INSERT INTO CTTEXTES (CDIELE, CDITXT, CDLCIL, CDLDES, PSPY) VALUES ((SELECT COALESCE(MAX(CCIELE)+1,41101000002)  FROM CTELEMEN WHERE CCIDOC = 41101000002), (SELECT COALESCE(MAX(CDITXT)+1,41101000002) FROM CTTEXTES WHERE CDIELE = ((SELECT COALESCE(MAX(CCIELE),41101000002)  FROM CTELEMEN WHERE CCIDOC = 41101000002))), 'de', '{montantCoti}', '20210201120000globaz');
-- INSERT INTO CTTEXTES (CDIELE, CDITXT, CDLCIL, CDLDES, PSPY) VALUES ((SELECT COALESCE(MAX(CCIELE)+1,41101000002)  FROM CTELEMEN WHERE CCIDOC = 41101000002), (SELECT MAX(CDITXT)+1 FROM CTTEXTES WHERE CDIELE = ((SELECT COALESCE(MAX(CCIELE)+1,41101000002)  FROM CTELEMEN WHERE CCIDOC = 41101000002))), 'fr', '{montantCoti}', '20210201120000globaz');
-- INSERT INTO CTTEXTES (CDIELE, CDITXT, CDLCIL, CDLDES, PSPY) VALUES ((SELECT COALESCE(MAX(CCIELE)+1,41101000002)  FROM CTELEMEN WHERE CCIDOC = 41101000002), (SELECT MAX(CDITXT)+1 FROM CTTEXTES WHERE CDIELE = ((SELECT COALESCE(MAX(CCIELE)+1,41101000002)  FROM CTELEMEN WHERE CCIDOC = 41101000002))), 'it', '{montantCoti}', '20210201120000globaz');
-- INSERT INTO CTELEMEN (CCIDOC, CCIELE, CCNPOS, CCNNIV, CCBDES, CCBSEL, CCBSBD, CCBEDI, PSPY) VALUES (41101000002, (SELECT COALESCE(MAX(CCIELE)+1,41101000002)  FROM CTELEMEN WHERE CCIDOC = 41101000002), 17, 3, '', '2', '2', '2', '20210201120000globaz');
--
-- INSERT INTO CTTEXTES (CDIELE, CDITXT, CDLCIL, CDLDES, PSPY) VALUES ((SELECT COALESCE(MAX(CCIELE)+1,41101000002)  FROM CTELEMEN WHERE CCIDOC = 41101000002), (SELECT COALESCE(MAX(CDITXT)+1,41101000002) FROM CTTEXTES WHERE CDIELE = ((SELECT COALESCE(MAX(CCIELE),41101000002)  FROM CTELEMEN WHERE CCIDOC = 41101000002))), 'de', '{montantTotal}', '20210201120000globaz');
-- INSERT INTO CTTEXTES (CDIELE, CDITXT, CDLCIL, CDLDES, PSPY) VALUES ((SELECT COALESCE(MAX(CCIELE)+1,41101000002)  FROM CTELEMEN WHERE CCIDOC = 41101000002), (SELECT MAX(CDITXT)+1 FROM CTTEXTES WHERE CDIELE = ((SELECT COALESCE(MAX(CCIELE)+1,41101000002)  FROM CTELEMEN WHERE CCIDOC = 41101000002))), 'fr', '{montantTotal}', '20210201120000globaz');
-- INSERT INTO CTTEXTES (CDIELE, CDITXT, CDLCIL, CDLDES, PSPY) VALUES ((SELECT COALESCE(MAX(CCIELE)+1,41101000002)  FROM CTELEMEN WHERE CCIDOC = 41101000002), (SELECT MAX(CDITXT)+1 FROM CTTEXTES WHERE CDIELE = ((SELECT COALESCE(MAX(CCIELE)+1,41101000002)  FROM CTELEMEN WHERE CCIDOC = 41101000002))), 'it', '{montantTotal}', '20210201120000globaz');
-- INSERT INTO CTELEMEN (CCIDOC, CCIELE, CCNPOS, CCNNIV, CCBDES, CCBSEL, CCBSBD, CCBEDI, PSPY) VALUES (41101000002, (SELECT COALESCE(MAX(CCIELE)+1,41101000002)  FROM CTELEMEN WHERE CCIDOC = 41101000002), 18, 3, '', '2', '2', '2', '20210201120000globaz');
--
-- INSERT INTO CTTEXTES (CDIELE, CDITXT, CDLCIL, CDLDES, PSPY) VALUES ((SELECT COALESCE(MAX(CCIELE)+1,41101000002)  FROM CTELEMEN WHERE CCIDOC = 41101000002), (SELECT COALESCE(MAX(CDITXT)+1,41101000002) FROM CTTEXTES WHERE CDIELE = ((SELECT COALESCE(MAX(CCIELE),41101000002)  FROM CTELEMEN WHERE CCIDOC = 41101000002))), 'de', '{remarque}', '20210201120000globaz');
-- INSERT INTO CTTEXTES (CDIELE, CDITXT, CDLCIL, CDLDES, PSPY) VALUES ((SELECT COALESCE(MAX(CCIELE)+1,41101000002)  FROM CTELEMEN WHERE CCIDOC = 41101000002), (SELECT MAX(CDITXT)+1 FROM CTTEXTES WHERE CDIELE = ((SELECT COALESCE(MAX(CCIELE)+1,41101000002)  FROM CTELEMEN WHERE CCIDOC = 41101000002))), 'fr', '{remarque}', '20210201120000globaz');
-- INSERT INTO CTTEXTES (CDIELE, CDITXT, CDLCIL, CDLDES, PSPY) VALUES ((SELECT COALESCE(MAX(CCIELE)+1,41101000002)  FROM CTELEMEN WHERE CCIDOC = 41101000002), (SELECT MAX(CDITXT)+1 FROM CTTEXTES WHERE CDIELE = ((SELECT COALESCE(MAX(CCIELE)+1,41101000002)  FROM CTELEMEN WHERE CCIDOC = 41101000002))), 'it', '{remarque}', '20210201120000globaz');
-- INSERT INTO CTELEMEN (CCIDOC, CCIELE, CCNPOS, CCNNIV, CCBDES, CCBSEL, CCBSBD, CCBEDI, PSPY) VALUES (41101000002, (SELECT COALESCE(MAX(CCIELE)+1,41101000002)  FROM CTELEMEN WHERE CCIDOC = 41101000002), 18, 3, '', '2', '2', '2', '20210201120000globaz');
--
-- INSERT INTO CTTEXTES (CDIELE, CDITXT, CDLCIL, CDLDES, PSPY) VALUES ((SELECT COALESCE(MAX(CCIELE)+1,41101000002)  FROM CTELEMEN WHERE CCIDOC = 41101000002), (SELECT COALESCE(MAX(CDITXT)+1,41101000002) FROM CTTEXTES WHERE CDIELE = ((SELECT COALESCE(MAX(CCIELE),41101000002)  FROM CTELEMEN WHERE CCIDOC = 41101000002))), 'de', '<p>Zurückerstattungen</p>', '20210201120000globaz');
-- INSERT INTO CTTEXTES (CDIELE, CDITXT, CDLCIL, CDLDES, PSPY) VALUES ((SELECT COALESCE(MAX(CCIELE)+1,41101000002)  FROM CTELEMEN WHERE CCIDOC = 41101000002), (SELECT MAX(CDITXT)+1 FROM CTTEXTES WHERE CDIELE = ((SELECT COALESCE(MAX(CCIELE)+1,41101000002)  FROM CTELEMEN WHERE CCIDOC = 41101000002))), 'fr', '<p>Restitution</p>', '20210201120000globaz');
-- INSERT INTO CTTEXTES (CDIELE, CDITXT, CDLCIL, CDLDES, PSPY) VALUES ((SELECT COALESCE(MAX(CCIELE)+1,41101000002)  FROM CTELEMEN WHERE CCIDOC = 41101000002),(SELECT MAX(CDITXT)+1 FROM CTTEXTES WHERE CDIELE = ((SELECT COALESCE(MAX(CCIELE)+1,41101000002)  FROM CTELEMEN WHERE CCIDOC = 41101000002))), 'it', '<p>Restitution</p>', '20210201120000globaz');
-- INSERT INTO CTELEMEN (CCIDOC, CCIELE, CCNPOS, CCNNIV, CCBDES, CCBSEL, CCBSBD, CCBEDI, PSPY) VALUES (41101000002, (SELECT COALESCE(MAX(CCIELE)+1,41101000002)  FROM CTELEMEN WHERE CCIDOC = 41101000002), 20, 3, '', '2', '2', '2', '20210201120000globaz');
--
-- INSERT INTO CTTEXTES (CDIELE, CDITXT, CDLCIL, CDLDES, PSPY) VALUES ((SELECT COALESCE(MAX(CCIELE)+1,41101000002)  FROM CTELEMEN WHERE CCIDOC = 41101000002), (SELECT COALESCE(MAX(CDITXT)+1,41101000002) FROM CTTEXTES WHERE CDIELE = ((SELECT COALESCE(MAX(CCIELE),41101000002)  FROM CTELEMEN WHERE CCIDOC = 41101000002))), 'de', '{montantImpot}', '20210201120000globaz');
-- INSERT INTO CTTEXTES (CDIELE, CDITXT, CDLCIL, CDLDES, PSPY) VALUES ((SELECT COALESCE(MAX(CCIELE)+1,41101000002)  FROM CTELEMEN WHERE CCIDOC = 41101000002), (SELECT MAX(CDITXT)+1 FROM CTTEXTES WHERE CDIELE = ((SELECT COALESCE(MAX(CCIELE)+1,41101000002)  FROM CTELEMEN WHERE CCIDOC = 41101000002))), 'fr', '{montantImpot}', '20210201120000globaz');
-- INSERT INTO CTTEXTES (CDIELE, CDITXT, CDLCIL, CDLDES, PSPY) VALUES ((SELECT COALESCE(MAX(CCIELE)+1,41101000002)  FROM CTELEMEN WHERE CCIDOC = 41101000002), (SELECT MAX(CDITXT)+1 FROM CTTEXTES WHERE CDIELE = ((SELECT COALESCE(MAX(CCIELE)+1,41101000002)  FROM CTELEMEN WHERE CCIDOC = 41101000002))), 'it', '{montantImpot}', '20210201120000globaz');
-- INSERT INTO CTELEMEN (CCIDOC, CCIELE, CCNPOS, CCNNIV, CCBDES, CCBSEL, CCBSBD, CCBEDI, PSPY) VALUES (41101000002, (SELECT COALESCE(MAX(CCIELE)+1,41101000002)  FROM CTELEMEN WHERE CCIDOC = 41101000002), 22, 3, '', '2', '2', '2', '20210201120000globaz');
--
-- INSERT INTO CTTEXTES (CDIELE, CDITXT, CDLCIL, CDLDES, PSPY) VALUES ((SELECT COALESCE(MAX(CCIELE)+1,41101000002)  FROM CTELEMEN WHERE CCIDOC = 41101000002), (SELECT COALESCE(MAX(CDITXT)+1,41101000002) FROM CTTEXTES WHERE CDIELE = ((SELECT COALESCE(MAX(CCIELE),41101000002)  FROM CTELEMEN WHERE CCIDOC = 41101000002))), 'de', '{montantVentilation}', '20210201120000globaz');
-- INSERT INTO CTTEXTES (CDIELE, CDITXT, CDLCIL, CDLDES, PSPY) VALUES ((SELECT COALESCE(MAX(CCIELE)+1,41101000002)  FROM CTELEMEN WHERE CCIDOC = 41101000002), (SELECT MAX(CDITXT)+1 FROM CTTEXTES WHERE CDIELE = ((SELECT COALESCE(MAX(CCIELE)+1,41101000002)  FROM CTELEMEN WHERE CCIDOC = 41101000002))), 'fr', '{montantVentilation}', '20210201120000globaz');
-- INSERT INTO CTTEXTES (CDIELE, CDITXT, CDLCIL, CDLDES, PSPY) VALUES ((SELECT COALESCE(MAX(CCIELE)+1,41101000002)  FROM CTELEMEN WHERE CCIDOC = 41101000002), (SELECT MAX(CDITXT)+1 FROM CTTEXTES WHERE CDIELE = ((SELECT COALESCE(MAX(CCIELE)+1,41101000002)  FROM CTELEMEN WHERE CCIDOC = 41101000002))), 'it', '{montantVentilation}', '20210201120000globaz');
-- INSERT INTO CTELEMEN (CCIDOC, CCIELE, CCNPOS, CCNNIV, CCBDES, CCBSEL, CCBSBD, CCBEDI, PSPY) VALUES (41101000002, (SELECT COALESCE(MAX(CCIELE)+1,41101000002)  FROM CTELEMEN WHERE CCIDOC = 41101000002), 24, 3, '', '2', '2', '2', '20210201120000globaz');
--
-- INSERT INTO CTTEXTES (CDIELE, CDITXT, CDLCIL, CDLDES, PSPY) VALUES ((SELECT COALESCE(MAX(CCIELE)+1,41101000002)  FROM CTELEMEN WHERE CCIDOC = 41101000002), (SELECT COALESCE(MAX(CDITXT)+1,41101000002) FROM CTTEXTES WHERE CDIELE = ((SELECT COALESCE(MAX(CCIELE),41101000002)  FROM CTELEMEN WHERE CCIDOC = 41101000002))), 'de', 'Verrechnung mit Rechnung Nr. {compSurFacture}', '20210201120000globaz');
-- INSERT INTO CTTEXTES (CDIELE, CDITXT, CDLCIL, CDLDES, PSPY) VALUES ((SELECT COALESCE(MAX(CCIELE)+1,41101000002)  FROM CTELEMEN WHERE CCIDOC = 41101000002), (SELECT MAX(CDITXT)+1 FROM CTTEXTES WHERE CDIELE = ((SELECT COALESCE(MAX(CCIELE)+1,41101000002)  FROM CTELEMEN WHERE CCIDOC = 41101000002))), 'fr', 'Compensation sur facture n° {compSurFacture}', '20210201120000globaz');
-- INSERT INTO CTTEXTES (CDIELE, CDITXT, CDLCIL, CDLDES, PSPY) VALUES ((SELECT COALESCE(MAX(CCIELE)+1,41101000002)  FROM CTELEMEN WHERE CCIDOC = 41101000002), (SELECT MAX(CDITXT)+1 FROM CTTEXTES WHERE CDIELE = ((SELECT COALESCE(MAX(CCIELE)+1,41101000002)  FROM CTELEMEN WHERE CCIDOC = 41101000002))), 'it', 'Compensation sur facture n° {compSurFacture}', '20210201120000globaz');
-- INSERT INTO CTELEMEN (CCIDOC, CCIELE, CCNPOS, CCNNIV, CCBDES, CCBSEL, CCBSBD, CCBEDI, PSPY) VALUES (41101000002, (SELECT COALESCE(MAX(CCIELE)+1,41101000002)  FROM CTELEMEN WHERE CCIDOC = 41101000002), 25, 3, '', '2', '2', '2', '20210201120000globaz');
--
-- INSERT INTO CTTEXTES (CDIELE, CDITXT, CDLCIL, CDLDES, PSPY) VALUES ((SELECT COALESCE(MAX(CCIELE)+1,41101000002)  FROM CTELEMEN WHERE CCIDOC = 41101000002), (SELECT COALESCE(MAX(CDITXT)+1,41101000002) FROM CTTEXTES WHERE CDIELE = ((SELECT COALESCE(MAX(CCIELE),41101000002)  FROM CTELEMEN WHERE CCIDOC = 41101000002))), 'de', '{montantCompensation}', '20210201120000globaz');
-- INSERT INTO CTTEXTES (CDIELE, CDITXT, CDLCIL, CDLDES, PSPY) VALUES ((SELECT COALESCE(MAX(CCIELE)+1,41101000002)  FROM CTELEMEN WHERE CCIDOC = 41101000002), (SELECT MAX(CDITXT)+1 FROM CTTEXTES WHERE CDIELE = ((SELECT COALESCE(MAX(CCIELE)+1,41101000002)  FROM CTELEMEN WHERE CCIDOC = 41101000002))), 'fr', '{montantCompensation}', '20210201120000globaz');
-- INSERT INTO CTTEXTES (CDIELE, CDITXT, CDLCIL, CDLDES, PSPY) VALUES ((SELECT COALESCE(MAX(CCIELE)+1,41101000002)  FROM CTELEMEN WHERE CCIDOC = 41101000002), (SELECT MAX(CDITXT)+1 FROM CTTEXTES WHERE CDIELE = ((SELECT COALESCE(MAX(CCIELE)+1,41101000002)  FROM CTELEMEN WHERE CCIDOC = 41101000002))), 'it', '{montantCompensation}', '20210201120000globaz');
-- INSERT INTO CTELEMEN (CCIDOC, CCIELE, CCNPOS, CCNNIV, CCBDES, CCBSEL, CCBSBD, CCBEDI, PSPY) VALUES (41101000002, (SELECT COALESCE(MAX(CCIELE)+1,41101000002)  FROM CTELEMEN WHERE CCIDOC = 41101000002), 26, 3, '', '2', '2', '2', '20210201120000globaz');
--
-- INSERT INTO CTTEXTES (CDIELE, CDITXT, CDLCIL, CDLDES, PSPY) VALUES ((SELECT COALESCE(MAX(CCIELE)+1,41101000002)  FROM CTELEMEN WHERE CCIDOC = 41101000002), (SELECT COALESCE(MAX(CDITXT)+1,41101000002) FROM CTTEXTES WHERE CDIELE = ((SELECT COALESCE(MAX(CCIELE),41101000002)  FROM CTELEMEN WHERE CCIDOC = 41101000002))), 'de', '{montantFinal}', '20210201120000globaz');
-- INSERT INTO CTTEXTES (CDIELE, CDITXT, CDLCIL, CDLDES, PSPY) VALUES ((SELECT COALESCE(MAX(CCIELE)+1,41101000002)  FROM CTELEMEN WHERE CCIDOC = 41101000002), (SELECT MAX(CDITXT)+1 FROM CTTEXTES WHERE CDIELE = ((SELECT COALESCE(MAX(CCIELE)+1,41101000002)  FROM CTELEMEN WHERE CCIDOC = 41101000002))), 'fr', '{montantFinal}', '20210201120000globaz');
-- INSERT INTO CTTEXTES (CDIELE, CDITXT, CDLCIL, CDLDES, PSPY) VALUES ((SELECT COALESCE(MAX(CCIELE)+1,41101000002)  FROM CTELEMEN WHERE CCIDOC = 41101000002), (SELECT MAX(CDITXT)+1 FROM CTTEXTES WHERE CDIELE = ((SELECT COALESCE(MAX(CCIELE)+1,41101000002)  FROM CTELEMEN WHERE CCIDOC = 41101000002))), 'it', '{montantFinal}', '20210201120000globaz');
-- INSERT INTO CTELEMEN (CCIDOC, CCIELE, CCNPOS, CCNNIV, CCBDES, CCBSEL, CCBSBD, CCBEDI, PSPY) VALUES (41101000002, (SELECT COALESCE(MAX(CCIELE)+1,41101000002)  FROM CTELEMEN WHERE CCIDOC = 41101000002), 27, 3, '', '2', '2', '2', '20210201120000globaz');
--
-- INSERT INTO CTTEXTES (CDIELE, CDITXT, CDLCIL, CDLDES, PSPY) VALUES ((SELECT COALESCE(MAX(CCIELE)+1,41101000002)  FROM CTELEMEN WHERE CCIDOC = 41101000002), (SELECT COALESCE(MAX(CDITXT)+1,41101000002) FROM CTTEXTES WHERE CDIELE = ((SELECT COALESCE(MAX(CCIELE),41101000002)  FROM CTELEMEN WHERE CCIDOC = 41101000002))), 'de', 'AHV/IV/EO', '20210201120000globaz');
-- INSERT INTO CTTEXTES (CDIELE, CDITXT, CDLCIL, CDLDES, PSPY) VALUES ((SELECT COALESCE(MAX(CCIELE)+1,41101000002)  FROM CTELEMEN WHERE CCIDOC = 41101000002), (SELECT MAX(CDITXT)+1 FROM CTTEXTES WHERE CDIELE = ((SELECT COALESCE(MAX(CCIELE)+1,41101000002)  FROM CTELEMEN WHERE CCIDOC = 41101000002))), 'fr', 'AVS/AI/APG', '20210201120000globaz');
-- INSERT INTO CTTEXTES (CDIELE, CDITXT, CDLCIL, CDLDES, PSPY) VALUES ((SELECT COALESCE(MAX(CCIELE)+1,41101000002)  FROM CTELEMEN WHERE CCIDOC = 41101000002), (SELECT MAX(CDITXT)+1 FROM CTTEXTES WHERE CDIELE = ((SELECT COALESCE(MAX(CCIELE)+1,41101000002)  FROM CTELEMEN WHERE CCIDOC = 41101000002))), 'it', 'AVS/AI/APG', '20210201120000globaz');
-- INSERT INTO CTELEMEN (CCIDOC, CCIELE, CCNPOS, CCNNIV, CCBDES, CCBSEL, CCBSBD, CCBEDI, PSPY) VALUES (41101000002, (SELECT COALESCE(MAX(CCIELE)+1,41101000002)  FROM CTELEMEN WHERE CCIDOC = 41101000002), 40, 3, '', '2', '2', '2', '20210201120000globaz');
--
-- INSERT INTO CTTEXTES (CDIELE, CDITXT, CDLCIL, CDLDES, PSPY) VALUES ((SELECT COALESCE(MAX(CCIELE)+1,41101000002)  FROM CTELEMEN WHERE CCIDOC = 41101000002),  (SELECT COALESCE(MAX(CDITXT)+1,41101000002) FROM CTTEXTES WHERE CDIELE = ((SELECT COALESCE(MAX(CCIELE),41101000002)  FROM CTELEMEN WHERE CCIDOC = 41101000002))), 'de', '/ALV', '20210201120000globaz');
-- INSERT INTO CTTEXTES (CDIELE, CDITXT, CDLCIL, CDLDES, PSPY) VALUES ((SELECT COALESCE(MAX(CCIELE)+1,41101000002)  FROM CTELEMEN WHERE CCIDOC = 41101000002),(SELECT MAX(CDITXT)+1 FROM CTTEXTES WHERE CDIELE = ((SELECT COALESCE(MAX(CCIELE)+1,41101000002)  FROM CTELEMEN WHERE CCIDOC = 41101000002))), 'fr', '/AC', '20210201120000globaz');
-- INSERT INTO CTTEXTES (CDIELE, CDITXT, CDLCIL, CDLDES, PSPY) VALUES ((SELECT COALESCE(MAX(CCIELE)+1,41101000002)  FROM CTELEMEN WHERE CCIDOC = 41101000002), (SELECT MAX(CDITXT)+1 FROM CTTEXTES WHERE CDIELE = ((SELECT COALESCE(MAX(CCIELE)+1,41101000002)  FROM CTELEMEN WHERE CCIDOC = 41101000002))), 'it', '/AC', '20210201120000globaz');
-- INSERT INTO CTELEMEN (CCIDOC, CCIELE, CCNPOS, CCNNIV, CCBDES, CCBSEL, CCBSBD, CCBEDI, PSPY) VALUES (41101000002, (SELECT COALESCE(MAX(CCIELE)+1,41101000002)  FROM CTELEMEN WHERE CCIDOC = 41101000002), 41, 3, '', '2', '2', '2', '20210201120000globaz');
--
-- INSERT INTO CTTEXTES (CDIELE, CDITXT, CDLCIL, CDLDES, PSPY) VALUES ((SELECT COALESCE(MAX(CCIELE)+1,41101000002)  FROM CTELEMEN WHERE CCIDOC = 41101000002),  (SELECT COALESCE(MAX(CDITXT)+1,41101000002) FROM CTTEXTES WHERE CDIELE = ((SELECT COALESCE(MAX(CCIELE),41101000002)  FROM CTELEMEN WHERE CCIDOC = 41101000002))), 'de', '/FLG', '20210201120000globaz');
-- INSERT INTO CTTEXTES (CDIELE, CDITXT, CDLCIL, CDLDES, PSPY) VALUES ((SELECT COALESCE(MAX(CCIELE)+1,41101000002)  FROM CTELEMEN WHERE CCIDOC = 41101000002), (SELECT MAX(CDITXT)+1 FROM CTTEXTES WHERE CDIELE = ((SELECT COALESCE(MAX(CCIELE)+1,41101000002)  FROM CTELEMEN WHERE CCIDOC = 41101000002))), 'fr', '/LFA', '20210201120000globaz');
-- INSERT INTO CTTEXTES (CDIELE, CDITXT, CDLCIL, CDLDES, PSPY) VALUES ((SELECT COALESCE(MAX(CCIELE)+1,41101000002)  FROM CTELEMEN WHERE CCIDOC = 41101000002), (SELECT MAX(CDITXT)+1 FROM CTTEXTES WHERE CDIELE = ((SELECT COALESCE(MAX(CCIELE)+1,41101000002)  FROM CTELEMEN WHERE CCIDOC = 41101000002))), 'it', '/LFA', '20210201120000globaz');
-- INSERT INTO CTELEMEN (CCIDOC, CCIELE, CCNPOS, CCNNIV, CCBDES, CCBSEL, CCBSBD, CCBEDI, PSPY) VALUES (41101000002, (SELECT COALESCE(MAX(CCIELE)+1,41101000002)  FROM CTELEMEN WHERE CCIDOC = 41101000002), 42, 3, '', '2', '2', '2', '20210201120000globaz');
--
-- INSERT INTO CTTEXTES (CDIELE, CDITXT, CDLCIL, CDLDES, PSPY) VALUES ((SELECT COALESCE(MAX(CCIELE)+1,41101000002)  FROM CTELEMEN WHERE CCIDOC = 41101000002),  (SELECT COALESCE(MAX(CDITXT)+1,41101000002) FROM CTTEXTES WHERE CDIELE = ((SELECT COALESCE(MAX(CCIELE),41101000002)  FROM CTELEMEN WHERE CCIDOC = 41101000002))), 'de', '<span style=¢font-size: 9pt; font-family: ''Verdana'',''sans-serif''; color: black; line-height: 115%¢>Verrechnungen mit Rechnungen Nr. {compSurFacture}</span>', '20210201120000globaz');
-- INSERT INTO CTTEXTES (CDIELE, CDITXT, CDLCIL, CDLDES, PSPY) VALUES ((SELECT COALESCE(MAX(CCIELE)+1,41101000002)  FROM CTELEMEN WHERE CCIDOC = 41101000002), (SELECT MAX(CDITXT)+1 FROM CTTEXTES WHERE CDIELE = ((SELECT COALESCE(MAX(CCIELE)+1,41101000002)  FROM CTELEMEN WHERE CCIDOC = 41101000002))), 'fr', '<span style=¢font-size: 9pt; font-family: ''Verdana'',''sans-serif''; color: black; line-height: 115%¢>Compensations sur factures n° {compSurFacture}</span>', '20210201120000globaz');
-- INSERT INTO CTTEXTES (CDIELE, CDITXT, CDLCIL, CDLDES, PSPY) VALUES ((SELECT COALESCE(MAX(CCIELE)+1,41101000002)  FROM CTELEMEN WHERE CCIDOC = 41101000002), (SELECT MAX(CDITXT)+1 FROM CTTEXTES WHERE CDIELE = ((SELECT COALESCE(MAX(CCIELE)+1,41101000002)  FROM CTELEMEN WHERE CCIDOC = 41101000002))), 'it', '<span style=¢font-size: 9pt; font-family: ''Verdana'',''sans-serif''; color: black; line-height: 115%¢>Compensations sur factures n° {compSurFacture}</span>', '20210201120000globaz');
-- INSERT INTO CTELEMEN (CCIDOC, CCIELE, CCNPOS, CCNNIV, CCBDES, CCBSEL, CCBSBD, CCBEDI, PSPY) VALUES (41101000002, (SELECT COALESCE(MAX(CCIELE)+1,41101000002)  FROM CTELEMEN WHERE CCIDOC = 41101000002), 43, 3, '', '2', '2', '2', '20210201120000globaz');
--
-- INSERT INTO CTTEXTES (CDIELE, CDITXT, CDLCIL, CDLDES, PSPY) VALUES ((SELECT COALESCE(MAX(CCIELE)+1,41101000002)  FROM CTELEMEN WHERE CCIDOC = 41101000002),  (SELECT COALESCE(MAX(CDITXT)+1,41101000002) FROM CTTEXTES WHERE CDIELE = ((SELECT COALESCE(MAX(CCIELE),41101000002)  FROM CTELEMEN WHERE CCIDOC = 41101000002))), 'de', '{nbJours} Tag(e) zu CHF {mntJournalier}', '20210201120000globaz');
-- INSERT INTO CTTEXTES (CDIELE, CDITXT, CDLCIL, CDLDES, PSPY) VALUES ((SELECT COALESCE(MAX(CCIELE)+1,41101000002)  FROM CTELEMEN WHERE CCIDOC = 41101000002), (SELECT MAX(CDITXT)+1 FROM CTTEXTES WHERE CDIELE = ((SELECT COALESCE(MAX(CCIELE)+1,41101000002)  FROM CTELEMEN WHERE CCIDOC = 41101000002))), 'fr', '{nbJours} jour(s) à CHF {mntJournalier}', '20210201120000globaz');
-- INSERT INTO CTTEXTES (CDIELE, CDITXT, CDLCIL, CDLDES, PSPY) VALUES ((SELECT COALESCE(MAX(CCIELE)+1,41101000002)  FROM CTELEMEN WHERE CCIDOC = 41101000002), (SELECT MAX(CDITXT)+1 FROM CTTEXTES WHERE CDIELE = ((SELECT COALESCE(MAX(CCIELE)+1,41101000002)  FROM CTELEMEN WHERE CCIDOC = 41101000002))), 'it', '{nbJours} jour(s) à CHF {mntJournalier}', '20210201120000globaz');
-- INSERT INTO CTELEMEN (CCIDOC, CCIELE, CCNPOS, CCNNIV, CCBDES, CCBSEL, CCBSBD, CCBEDI, PSPY) VALUES (41101000002, (SELECT COALESCE(MAX(CCIELE)+1,41101000002)  FROM CTELEMEN WHERE CCIDOC = 41101000002), 44, 3, '', '2', '2', '2', '20210201120000globaz');
--
-- INSERT INTO CTTEXTES (CDIELE, CDITXT, CDLCIL, CDLDES, PSPY) VALUES ((SELECT COALESCE(MAX(CCIELE)+1,41101000002)  FROM CTELEMEN WHERE CCIDOC = 41101000002),  (SELECT COALESCE(MAX(CDITXT)+1,41101000002) FROM CTTEXTES WHERE CDIELE = ((SELECT COALESCE(MAX(CCIELE),41101000002)  FROM CTELEMEN WHERE CCIDOC = 41101000002))), 'de', 'Die Zahlung erfolgt an die folgende Adresse:', '20210201120000globaz');
-- INSERT INTO CTTEXTES (CDIELE, CDITXT, CDLCIL, CDLDES, PSPY) VALUES ((SELECT COALESCE(MAX(CCIELE)+1,41101000002)  FROM CTELEMEN WHERE CCIDOC = 41101000002),(SELECT MAX(CDITXT)+1 FROM CTTEXTES WHERE CDIELE = ((SELECT COALESCE(MAX(CCIELE)+1,41101000002)  FROM CTELEMEN WHERE CCIDOC = 41101000002))), 'fr', 'Le paiement sera effectué à l''adresse suivante :', '20210201120000globaz');
-- INSERT INTO CTTEXTES (CDIELE, CDITXT, CDLCIL, CDLDES, PSPY) VALUES ((SELECT COALESCE(MAX(CCIELE)+1,41101000002)  FROM CTELEMEN WHERE CCIDOC = 41101000002), (SELECT MAX(CDITXT)+1 FROM CTTEXTES WHERE CDIELE = ((SELECT COALESCE(MAX(CCIELE)+1,41101000002)  FROM CTELEMEN WHERE CCIDOC = 41101000002))), 'it', 'Le paiement sera effectué à l''adresse suivante :', '20210201120000globaz');
-- INSERT INTO CTELEMEN (CCIDOC, CCIELE, CCNPOS, CCNNIV, CCBDES, CCBSEL, CCBSBD, CCBEDI, PSPY) VALUES (41101000002, (SELECT COALESCE(MAX(CCIELE)+1,41101000002)  FROM CTELEMEN WHERE CCIDOC = 41101000002), 45, 3, '', '2', '2', '2', '20210201120000globaz');
--
-- INSERT INTO CTTEXTES (CDIELE, CDITXT, CDLCIL, CDLDES, PSPY) VALUES ((SELECT COALESCE(MAX(CCIELE)+1,41101000002)  FROM CTELEMEN WHERE CCIDOC = 41101000002),  (SELECT COALESCE(MAX(CDITXT)+1,41101000002) FROM CTTEXTES WHERE CDIELE = ((SELECT COALESCE(MAX(CCIELE),41101000002)  FROM CTELEMEN WHERE CCIDOC = 41101000002))), 'de', 'Die Zahlung erfolgt auf das Konto', '20210201120000globaz');
-- INSERT INTO CTTEXTES (CDIELE, CDITXT, CDLCIL, CDLDES, PSPY) VALUES ((SELECT COALESCE(MAX(CCIELE)+1,41101000002)  FROM CTELEMEN WHERE CCIDOC = 41101000002),(SELECT MAX(CDITXT)+1 FROM CTTEXTES WHERE CDIELE = ((SELECT COALESCE(MAX(CCIELE)+1,41101000002)  FROM CTELEMEN WHERE CCIDOC = 41101000002))), 'fr', 'Le paiement sera effectué sur le compte', '20210201120000globaz');
-- INSERT INTO CTTEXTES (CDIELE, CDITXT, CDLCIL, CDLDES, PSPY) VALUES ((SELECT COALESCE(MAX(CCIELE)+1,41101000002)  FROM CTELEMEN WHERE CCIDOC = 41101000002), (SELECT MAX(CDITXT)+1 FROM CTTEXTES WHERE CDIELE = ((SELECT COALESCE(MAX(CCIELE)+1,41101000002)  FROM CTELEMEN WHERE CCIDOC = 41101000002))), 'it', 'Le paiement sera effectué sur le compte', '20210201120000globaz');
-- INSERT INTO CTELEMEN (CCIDOC, CCIELE, CCNPOS, CCNNIV, CCBDES, CCBSEL, CCBSBD, CCBEDI, PSPY) VALUES (41101000002, (SELECT COALESCE(MAX(CCIELE)+1,41101000002)  FROM CTELEMEN WHERE CCIDOC = 41101000002), 46, 3, '', '2', '2', '2', '20210201120000globaz');
--
-- INSERT INTO CTTEXTES (CDIELE, CDITXT, CDLCIL, CDLDES, PSPY) VALUES ((SELECT COALESCE(MAX(CCIELE)+1,41101000002)  FROM CTELEMEN WHERE CCIDOC = 41101000002),  (SELECT COALESCE(MAX(CDITXT)+1,41101000002) FROM CTTEXTES WHERE CDIELE = ((SELECT COALESCE(MAX(CCIELE),41101000002)  FROM CTELEMEN WHERE CCIDOC = 41101000002))), 'de', 'Die Zahlung erfolgt per Postanweisung an die folgende Adresse :', '20210201120000globaz');
-- INSERT INTO CTTEXTES (CDIELE, CDITXT, CDLCIL, CDLDES, PSPY) VALUES ((SELECT COALESCE(MAX(CCIELE)+1,41101000002)  FROM CTELEMEN WHERE CCIDOC = 41101000002), (SELECT MAX(CDITXT)+1 FROM CTTEXTES WHERE CDIELE = ((SELECT COALESCE(MAX(CCIELE)+1,41101000002)  FROM CTELEMEN WHERE CCIDOC = 41101000002))), 'fr', 'Le paiement sera effectué par mandat postal à l''adresse suivante :', '20210201120000globaz');
-- INSERT INTO CTTEXTES (CDIELE, CDITXT, CDLCIL, CDLDES, PSPY) VALUES ((SELECT COALESCE(MAX(CCIELE)+1,41101000002)  FROM CTELEMEN WHERE CCIDOC = 41101000002), (SELECT MAX(CDITXT)+1 FROM CTTEXTES WHERE CDIELE = ((SELECT COALESCE(MAX(CCIELE)+1,41101000002)  FROM CTELEMEN WHERE CCIDOC = 41101000002))), 'it', 'Le paiement sera effectué par mandat postal à l''adresse suivante :', '20210201120000globaz');
-- INSERT INTO CTELEMEN (CCIDOC, CCIELE, CCNPOS, CCNNIV, CCBDES, CCBSEL, CCBSBD, CCBEDI, PSPY) VALUES (41101000002, (SELECT COALESCE(MAX(CCIELE)+1,41101000002)  FROM CTELEMEN WHERE CCIDOC = 41101000002), 47, 3, '', '2', '2', '2', '20210201120000globaz');
--
-- INSERT INTO CTTEXTES (CDIELE, CDITXT, CDLCIL, CDLDES, PSPY) VALUES ((SELECT COALESCE(MAX(CCIELE)+1,41101000002)  FROM CTELEMEN WHERE CCIDOC = 41101000002),  (SELECT COALESCE(MAX(CDITXT)+1,41101000002) FROM CTTEXTES WHERE CDIELE = ((SELECT COALESCE(MAX(CCIELE),41101000002)  FROM CTELEMEN WHERE CCIDOC = 41101000002))), 'de', '{adressePaiement}', '20210201120000globaz');
-- INSERT INTO CTTEXTES (CDIELE, CDITXT, CDLCIL, CDLDES, PSPY) VALUES ((SELECT COALESCE(MAX(CCIELE)+1,41101000002)  FROM CTELEMEN WHERE CCIDOC = 41101000002),(SELECT MAX(CDITXT)+1 FROM CTTEXTES WHERE CDIELE = ((SELECT COALESCE(MAX(CCIELE)+1,41101000002)  FROM CTELEMEN WHERE CCIDOC = 41101000002))), 'fr', '{adressePaiement}', '20210201120000globaz');
-- INSERT INTO CTTEXTES (CDIELE, CDITXT, CDLCIL, CDLDES, PSPY) VALUES ((SELECT COALESCE(MAX(CCIELE)+1,41101000002)  FROM CTELEMEN WHERE CCIDOC = 41101000002), (SELECT MAX(CDITXT)+1 FROM CTTEXTES WHERE CDIELE = ((SELECT COALESCE(MAX(CCIELE)+1,41101000002)  FROM CTELEMEN WHERE CCIDOC = 41101000002))), 'it', '{adressePaiement}', '20210201120000globaz');
-- INSERT INTO CTELEMEN (CCIDOC, CCIELE, CCNPOS, CCNNIV, CCBDES, CCBSEL, CCBSBD, CCBEDI, PSPY) VALUES (41101000002, (SELECT COALESCE(MAX(CCIELE)+1,41101000002)  FROM CTELEMEN WHERE CCIDOC = 41101000002), 48, 3, '', '2', '2', '2', '20210201120000globaz');
--
-- INSERT INTO CTTEXTES (CDIELE, CDITXT, CDLCIL, CDLDES, PSPY) VALUES ((SELECT COALESCE(MAX(CCIELE)+1,41101000002)  FROM CTELEMEN WHERE CCIDOC = 41101000002),  (SELECT COALESCE(MAX(CDITXT)+1,41101000002) FROM CTTEXTES WHERE CDIELE = ((SELECT COALESCE(MAX(CCIELE),41101000002)  FROM CTELEMEN WHERE CCIDOC = 41101000002))), 'de', 'Gegen diese Verfügung können Sie innerhalb von 30 Tagen nach deren Bekanntgabe bei unserer Ausgleichskasse Einspruch erheben. Der Einspruch kann schriftlich oder mündlich in einem persönlichen Gespräch erfolgen. Der Einspruch muss begründet sein und Schlussfolgerungen enthalten.', '20210201120000globaz');
-- INSERT INTO CTTEXTES (CDIELE, CDITXT, CDLCIL, CDLDES, PSPY) VALUES ((SELECT COALESCE(MAX(CCIELE)+1,41101000002)  FROM CTELEMEN WHERE CCIDOC = 41101000002), (SELECT MAX(CDITXT)+1 FROM CTTEXTES WHERE CDIELE = ((SELECT COALESCE(MAX(CCIELE)+1,41101000002)  FROM CTELEMEN WHERE CCIDOC = 41101000002))), 'fr', 'Vous pouvez former opposition contre la présente décision auprès de notre caisse de compensation dans le délai de 30 jours à compter de sa notification. L''opposition peut étre formée par écrit ou oralement lors d''un entretien personnel. L''opposition doit étre motivée et contenir des conclusions.', '20210201120000globaz');
-- INSERT INTO CTTEXTES (CDIELE, CDITXT, CDLCIL, CDLDES, PSPY) VALUES ((SELECT COALESCE(MAX(CCIELE)+1,41101000002)  FROM CTELEMEN WHERE CCIDOC = 41101000002), (SELECT MAX(CDITXT)+1 FROM CTTEXTES WHERE CDIELE = ((SELECT COALESCE(MAX(CCIELE)+1,41101000002)  FROM CTELEMEN WHERE CCIDOC = 41101000002))), 'it', 'Vous pouvez former opposition contre la présente décision auprès de notre caisse de compensation dans le délai de 30 jours à compter de sa notification. L''opposition peut étre formée par écrit ou oralement lors d''un entretien personnel. L''opposition doit étre motivée et contenir des conclusions.', '20210201120000globaz');
-- INSERT INTO CTELEMEN (CCIDOC, CCIELE, CCNPOS, CCNNIV, CCBDES, CCBSEL, CCBSBD, CCBEDI, PSPY) VALUES (41101000002, (SELECT COALESCE(MAX(CCIELE)+1,41101000002)  FROM CTELEMEN WHERE CCIDOC = 41101000002), 1, 4, '', '2', '2', '2', '20210201120000globaz');
--
-- INSERT INTO CTTEXTES (CDIELE, CDITXT, CDLCIL, CDLDES, PSPY) VALUES ((SELECT COALESCE(MAX(CCIELE)+1,41101000002)  FROM CTELEMEN WHERE CCIDOC = 41101000002),  (SELECT COALESCE(MAX(CDITXT)+1,41101000002) FROM CTTEXTES WHERE CDIELE = ((SELECT COALESCE(MAX(CCIELE),41101000002)  FROM CTELEMEN WHERE CCIDOC = 41101000002))), 'de', 'Ce montant fait partie intégrante du salaire soumis à l''AVS/AI/APG/AC et doit être, de ce fait, reporté sur votre déclaration de salaire annuelle.', '20210201120000globaz');
-- INSERT INTO CTTEXTES (CDIELE, CDITXT, CDLCIL, CDLDES, PSPY) VALUES ((SELECT COALESCE(MAX(CCIELE)+1,41101000002)  FROM CTELEMEN WHERE CCIDOC = 41101000002), (SELECT MAX(CDITXT)+1 FROM CTTEXTES WHERE CDIELE = ((SELECT COALESCE(MAX(CCIELE)+1,41101000002)  FROM CTELEMEN WHERE CCIDOC = 41101000002))), 'fr', 'Ce montant fait partie intégrante du salaire soumis à l''AVS/AI/APG/AC et doit être, de ce fait, reporté sur votre déclaration de salaire annuelle.  ', '20210201120000globaz');
-- INSERT INTO CTTEXTES (CDIELE, CDITXT, CDLCIL, CDLDES, PSPY) VALUES ((SELECT COALESCE(MAX(CCIELE)+1,41101000002)  FROM CTELEMEN WHERE CCIDOC = 41101000002), (SELECT MAX(CDITXT)+1 FROM CTTEXTES WHERE CDIELE = ((SELECT COALESCE(MAX(CCIELE)+1,41101000002)  FROM CTELEMEN WHERE CCIDOC = 41101000002))), 'it', 'Ce montant fait partie intégrante du salaire soumis à l''AVS/AI/APG/AC et doit être, de ce fait, reporté sur votre déclaration de salaire annuelle.  ', '20210201120000globaz');
-- INSERT INTO CTELEMEN (CCIDOC, CCIELE, CCNPOS, CCNNIV, CCBDES, CCBSEL, CCBSBD, CCBEDI, PSPY) VALUES (41101000002, (SELECT COALESCE(MAX(CCIELE)+1,41101000002)  FROM CTELEMEN WHERE CCIDOC = 41101000002), 2, 4, '', '2', '2', '2', '20210201120000globaz');
--
-- INSERT INTO CTTEXTES (CDIELE, CDITXT, CDLCIL, CDLDES, PSPY) VALUES ((SELECT COALESCE(MAX(CCIELE)+1,41101000002)  FROM CTELEMEN WHERE CCIDOC = 41101000002),  (SELECT COALESCE(MAX(CDITXT)+1,41101000002) FROM CTTEXTES WHERE CDIELE = ((SELECT COALESCE(MAX(CCIELE),41101000002)  FROM CTELEMEN WHERE CCIDOC = 41101000002))), 'de', 'Verfügung der Vaterschaftsenschädigung vom {dateDec}', '20210201120000globaz');
-- INSERT INTO CTTEXTES (CDIELE, CDITXT, CDLCIL, CDLDES, PSPY) VALUES ((SELECT COALESCE(MAX(CCIELE)+1,41101000002)  FROM CTELEMEN WHERE CCIDOC = 41101000002), (SELECT MAX(CDITXT)+1 FROM CTTEXTES WHERE CDIELE = ((SELECT COALESCE(MAX(CCIELE)+1,41101000002)  FROM CTELEMEN WHERE CCIDOC = 41101000002))), 'fr', 'Décision d''allocation de paternité du {dateDec}', '20210201120000globaz');
-- INSERT INTO CTTEXTES (CDIELE, CDITXT, CDLCIL, CDLDES, PSPY) VALUES ((SELECT COALESCE(MAX(CCIELE)+1,41101000002)  FROM CTELEMEN WHERE CCIDOC = 41101000002),(SELECT MAX(CDITXT)+1 FROM CTTEXTES WHERE CDIELE = ((SELECT COALESCE(MAX(CCIELE)+1,41101000002)  FROM CTELEMEN WHERE CCIDOC = 41101000002))), 'it', 'Décision d''allocation de paternité du {dateDec}', '20210201120000globaz');
-- INSERT INTO CTELEMEN (CCIDOC, CCIELE, CCNPOS, CCNNIV, CCBDES, CCBSEL, CCBSBD, CCBEDI, PSPY) VALUES (41101000002, (SELECT COALESCE(MAX(CCIELE)+1,41101000002)  FROM CTELEMEN WHERE CCIDOC = 41101000002), 1, 5, '', '2', '2', '2', '20210201120000globaz');
--
-- INSERT INTO CTTEXTES (CDIELE, CDITXT, CDLCIL, CDLDES, PSPY) VALUES ((SELECT COALESCE(MAX(CCIELE)+1,41101000002)  FROM CTELEMEN WHERE CCIDOC = 41101000002),  (SELECT COALESCE(MAX(CDITXT)+1,41101000002) FROM CTTEXTES WHERE CDIELE = ((SELECT COALESCE(MAX(CCIELE),41101000002)  FROM CTELEMEN WHERE CCIDOC = 41101000002))),'de', '<p>{noAffilie}</p>', '20210201120000globaz');
-- INSERT INTO CTTEXTES (CDIELE, CDITXT, CDLCIL, CDLDES, PSPY) VALUES ((SELECT COALESCE(MAX(CCIELE)+1,41101000002)  FROM CTELEMEN WHERE CCIDOC = 41101000002), (SELECT MAX(CDITXT)+1 FROM CTTEXTES WHERE CDIELE = ((SELECT COALESCE(MAX(CCIELE)+1,41101000002)  FROM CTELEMEN WHERE CCIDOC = 41101000002))),'fr', '<p>{noAffilie}</p>', '20210201120000globaz');
-- INSERT INTO CTTEXTES (CDIELE, CDITXT, CDLCIL, CDLDES, PSPY) VALUES ((SELECT COALESCE(MAX(CCIELE)+1,41101000002)  FROM CTELEMEN WHERE CCIDOC = 41101000002), (SELECT MAX(CDITXT)+1 FROM CTTEXTES WHERE CDIELE = ((SELECT COALESCE(MAX(CCIELE)+1,41101000002)  FROM CTELEMEN WHERE CCIDOC = 41101000002))),'it', '<p>{noAffilie}</p>', '20210201120000globaz');
-- INSERT INTO CTELEMEN (CCIDOC, CCIELE, CCNPOS, CCNNIV, CCBDES, CCBSEL, CCBSBD, CCBEDI, PSPY) VALUES (41101000002, (SELECT COALESCE(MAX(CCIELE)+1,41101000002)  FROM CTELEMEN WHERE CCIDOC = 41101000002), 2, 5, '', '2', '2', '2', '20210201120000globaz');
--
-- INSERT INTO CTTEXTES (CDIELE, CDITXT, CDLCIL, CDLDES, PSPY) VALUES ((SELECT COALESCE(MAX(CCIELE)+1,41101000002)  FROM CTELEMEN WHERE CCIDOC = 41101000002),  (SELECT COALESCE(MAX(CDITXT)+1,41101000002) FROM CTTEXTES WHERE CDIELE = ((SELECT COALESCE(MAX(CCIELE),41101000002)  FROM CTELEMEN WHERE CCIDOC = 41101000002))), 'de', '<p>{noAVS}</p>', '20210201120000globaz');
-- INSERT INTO CTTEXTES (CDIELE, CDITXT, CDLCIL, CDLDES, PSPY) VALUES ((SELECT COALESCE(MAX(CCIELE)+1,41101000002)  FROM CTELEMEN WHERE CCIDOC = 41101000002),(SELECT MAX(CDITXT)+1 FROM CTTEXTES WHERE CDIELE = ((SELECT COALESCE(MAX(CCIELE)+1,41101000002)  FROM CTELEMEN WHERE CCIDOC = 41101000002))), 'fr', '<p>{noAVS}</p>', '20210201120000globaz');
-- INSERT INTO CTTEXTES (CDIELE, CDITXT, CDLCIL, CDLDES, PSPY) VALUES ((SELECT COALESCE(MAX(CCIELE)+1,41101000002)  FROM CTELEMEN WHERE CCIDOC = 41101000002), (SELECT MAX(CDITXT)+1 FROM CTTEXTES WHERE CDIELE = ((SELECT COALESCE(MAX(CCIELE)+1,41101000002)  FROM CTELEMEN WHERE CCIDOC = 41101000002))), 'it', '<p>{noAVS}</p>', '20210201120000globaz');
-- INSERT INTO CTELEMEN (CCIDOC, CCIELE, CCNPOS, CCNNIV, CCBDES, CCBSEL, CCBSBD, CCBEDI, PSPY) VALUES (41101000002, (SELECT COALESCE(MAX(CCIELE)+1,41101000002)  FROM CTELEMEN WHERE CCIDOC = 41101000002), 3, 5, '', '2', '2', '2', '20210201120000globaz');
--
-- INSERT INTO CTTEXTES (CDIELE, CDITXT, CDLCIL, CDLDES, PSPY) VALUES ((SELECT COALESCE(MAX(CCIELE)+1,41101000002)  FROM CTELEMEN WHERE CCIDOC = 41101000002),  (SELECT COALESCE(MAX(CDITXT)+1,41101000002) FROM CTTEXTES WHERE CDIELE = ((SELECT COALESCE(MAX(CCIELE),41101000002)  FROM CTELEMEN WHERE CCIDOC = 41101000002))), 'de', '<p>{nomPrenom}</p>', '20210201120000globaz');
-- INSERT INTO CTTEXTES (CDIELE, CDITXT, CDLCIL, CDLDES, PSPY) VALUES ((SELECT COALESCE(MAX(CCIELE)+1,41101000002)  FROM CTELEMEN WHERE CCIDOC = 41101000002), (SELECT MAX(CDITXT)+1 FROM CTTEXTES WHERE CDIELE = ((SELECT COALESCE(MAX(CCIELE)+1,41101000002)  FROM CTELEMEN WHERE CCIDOC = 41101000002))), 'fr', '<p>{nomPrenom}</p>', '20210201120000globaz');
-- INSERT INTO CTTEXTES (CDIELE, CDITXT, CDLCIL, CDLDES, PSPY) VALUES ((SELECT COALESCE(MAX(CCIELE)+1,41101000002)  FROM CTELEMEN WHERE CCIDOC = 41101000002), (SELECT MAX(CDITXT)+1 FROM CTTEXTES WHERE CDIELE = ((SELECT COALESCE(MAX(CCIELE)+1,41101000002)  FROM CTELEMEN WHERE CCIDOC = 41101000002))), 'it', '<p>{nomPrenom}</p>', '20210201120000globaz');
-- INSERT INTO CTELEMEN (CCIDOC, CCIELE, CCNPOS, CCNNIV, CCBDES, CCBSEL, CCBSBD, CCBEDI, PSPY) VALUES (41101000002, (SELECT COALESCE(MAX(CCIELE)+1,41101000002)  FROM CTELEMEN WHERE CCIDOC = 41101000002), 4, 5, '', '2', '2', '2', '20210201120000globaz');
--
-- INSERT INTO CTTEXTES (CDIELE, CDITXT, CDLCIL, CDLDES, PSPY) VALUES ((SELECT COALESCE(MAX(CCIELE)+1,41101000002)  FROM CTELEMEN WHERE CCIDOC = 41101000002),  (SELECT COALESCE(MAX(CDITXT)+1,41101000002) FROM CTTEXTES WHERE CDIELE = ((SELECT COALESCE(MAX(CCIELE),41101000002)  FROM CTELEMEN WHERE CCIDOC = 41101000002))), 'de', '<p>Seite</p>', '20210201120000globaz');
-- INSERT INTO CTTEXTES (CDIELE, CDITXT, CDLCIL, CDLDES, PSPY) VALUES ((SELECT COALESCE(MAX(CCIELE)+1,41101000002)  FROM CTELEMEN WHERE CCIDOC = 41101000002), (SELECT MAX(CDITXT)+1 FROM CTTEXTES WHERE CDIELE = ((SELECT COALESCE(MAX(CCIELE)+1,41101000002)  FROM CTELEMEN WHERE CCIDOC = 41101000002))), 'fr', '<p>Page</p>', '20210201120000globaz');
-- INSERT INTO CTTEXTES (CDIELE, CDITXT, CDLCIL, CDLDES, PSPY) VALUES ((SELECT COALESCE(MAX(CCIELE)+1,41101000002)  FROM CTELEMEN WHERE CCIDOC = 41101000002), (SELECT MAX(CDITXT)+1 FROM CTTEXTES WHERE CDIELE = ((SELECT COALESCE(MAX(CCIELE)+1,41101000002)  FROM CTELEMEN WHERE CCIDOC = 41101000002))), 'it', '<p>Page</p>', '20210201120000globaz');
-- INSERT INTO CTELEMEN (CCIDOC, CCIELE, CCNPOS, CCNNIV, CCBDES, CCBSEL, CCBSBD, CCBEDI, PSPY) VALUES (41101000002, (SELECT COALESCE(MAX(CCIELE)+1,41101000002)  FROM CTELEMEN WHERE CCIDOC = 41101000002), 5, 5, '', '2', '2', '2', '20210201120000globaz');
--
-- INSERT INTO CTTEXTES (CDIELE, CDITXT, CDLCIL, CDLDES, PSPY) VALUES ((SELECT COALESCE(MAX(CCIELE)+1,41101000002)  FROM CTELEMEN WHERE CCIDOC = 41101000002),  (SELECT COALESCE(MAX(CDITXT)+1,41101000002) FROM CTTEXTES WHERE CDIELE = ((SELECT COALESCE(MAX(CCIELE),41101000002)  FROM CTELEMEN WHERE CCIDOC = 41101000002))), 'de', '<p>Vaterschaft</p>', '20210201120000globaz');
-- INSERT INTO CTTEXTES (CDIELE, CDITXT, CDLCIL, CDLDES, PSPY) VALUES ((SELECT COALESCE(MAX(CCIELE)+1,41101000002)  FROM CTELEMEN WHERE CCIDOC = 41101000002), (SELECT MAX(CDITXT)+1 FROM CTTEXTES WHERE CDIELE = ((SELECT COALESCE(MAX(CCIELE)+1,41101000002)  FROM CTELEMEN WHERE CCIDOC = 41101000002))), 'fr', '<p>Paternité</p>', '20210201120000globaz');
-- INSERT INTO CTTEXTES (CDIELE, CDITXT, CDLCIL, CDLDES, PSPY) VALUES ((SELECT COALESCE(MAX(CCIELE)+1,41101000002)  FROM CTELEMEN WHERE CCIDOC = 41101000002), (SELECT MAX(CDITXT)+1 FROM CTTEXTES WHERE CDIELE = ((SELECT COALESCE(MAX(CCIELE)+1,41101000002)  FROM CTELEMEN WHERE CCIDOC = 41101000002))), 'it', '<p>Paternité</p>', '20210201120000globaz');
-- INSERT INTO CTELEMEN (CCIDOC, CCIELE, CCNPOS, CCNNIV, CCBDES, CCBSEL, CCBSBD, CCBEDI, PSPY) VALUES (41101000002, (SELECT COALESCE(MAX(CCIELE)+1,41101000002)  FROM CTELEMEN WHERE CCIDOC = 41101000002), 6, 5, '', '2', '2', '2', '20210201120000globaz');
--
-- INSERT INTO CTTEXTES (CDIELE, CDITXT, CDLCIL, CDLDES, PSPY) VALUES ((SELECT COALESCE(MAX(CCIELE)+1,41101000002)  FROM CTELEMEN WHERE CCIDOC = 41101000002),  (SELECT COALESCE(MAX(CDITXT)+1,41101000002) FROM CTTEXTES WHERE CDIELE = ((SELECT COALESCE(MAX(CCIELE),41101000002)  FROM CTELEMEN WHERE CCIDOC = 41101000002))), 'de', 'Nous vous prions d''agréer, {0}, nos salutations distinguées.', '20210201120000globaz');
-- INSERT INTO CTTEXTES (CDIELE, CDITXT, CDLCIL, CDLDES, PSPY) VALUES ((SELECT COALESCE(MAX(CCIELE)+1,41101000002)  FROM CTELEMEN WHERE CCIDOC = 41101000002), (SELECT MAX(CDITXT)+1 FROM CTTEXTES WHERE CDIELE = ((SELECT COALESCE(MAX(CCIELE)+1,41101000002)  FROM CTELEMEN WHERE CCIDOC = 41101000002))), 'fr', 'Nous vous prions d''agréer, {0}, nos salutations distinguées.', '20210201120000globaz');
-- INSERT INTO CTTEXTES (CDIELE, CDITXT, CDLCIL, CDLDES, PSPY) VALUES ((SELECT COALESCE(MAX(CCIELE)+1,41101000002)  FROM CTELEMEN WHERE CCIDOC = 41101000002),(SELECT MAX(CDITXT)+1 FROM CTTEXTES WHERE CDIELE = ((SELECT COALESCE(MAX(CCIELE)+1,41101000002)  FROM CTELEMEN WHERE CCIDOC = 41101000002))), 'it', 'Nous vous prions d''agréer, {0}, nos salutations distinguées.', '20210201120000globaz');
-- INSERT INTO CTELEMEN (CCIDOC, CCIELE, CCNPOS, CCNNIV, CCBDES, CCBSEL, CCBSBD, CCBEDI, PSPY) VALUES (41101000002, (SELECT COALESCE(MAX(CCIELE)+1,41101000002)  FROM CTELEMEN WHERE CCIDOC = 41101000002), 1, 6, '', '2', '2', '2', '20210201120000globaz');
--
-- INSERT INTO CTTEXTES (CDIELE, CDITXT, CDLCIL, CDLDES, PSPY) VALUES ((SELECT COALESCE(MAX(CCIELE)+1,41101000002)  FROM CTELEMEN WHERE CCIDOC = 41101000002),  (SELECT COALESCE(MAX(CDITXT)+1,41101000002) FROM CTTEXTES WHERE CDIELE = ((SELECT COALESCE(MAX(CCIELE),41101000002)  FROM CTELEMEN WHERE CCIDOC = 41101000002))), 'de', 'Guten Tag,', '20210201120000globaz');
-- INSERT INTO CTTEXTES (CDIELE, CDITXT, CDLCIL, CDLDES, PSPY) VALUES ((SELECT COALESCE(MAX(CCIELE)+1,41101000002)  FROM CTELEMEN WHERE CCIDOC = 41101000002), (SELECT MAX(CDITXT)+1 FROM CTTEXTES WHERE CDIELE = ((SELECT COALESCE(MAX(CCIELE)+1,41101000002)  FROM CTELEMEN WHERE CCIDOC = 41101000002))), 'fr', 'Madame, Monsieur,', '20210201120000globaz');
-- INSERT INTO CTTEXTES (CDIELE, CDITXT, CDLCIL, CDLDES, PSPY) VALUES ((SELECT COALESCE(MAX(CCIELE)+1,41101000002)  FROM CTELEMEN WHERE CCIDOC = 41101000002),(SELECT MAX(CDITXT)+1 FROM CTTEXTES WHERE CDIELE = ((SELECT COALESCE(MAX(CCIELE)+1,41101000002)  FROM CTELEMEN WHERE CCIDOC = 41101000002))), 'it', 'Madame, Monsieur,', '20210201120000globaz');
-- INSERT INTO CTELEMEN (CCIDOC, CCIELE, CCNPOS, CCNNIV, CCBDES, CCBSEL, CCBSBD, CCBEDI, PSPY) VALUES (41101000002, (SELECT COALESCE(MAX(CCIELE)+1,41101000002)  FROM CTELEMEN WHERE CCIDOC = 41101000002), 1, 7, '', '2', '2', '2', '20210201120000globaz');
--
-- INSERT INTO CTTEXTES (CDIELE, CDITXT, CDLCIL, CDLDES, PSPY) VALUES ((SELECT COALESCE(MAX(CCIELE)+1,41101000002)  FROM CTELEMEN WHERE CCIDOC = 41101000002),  (SELECT COALESCE(MAX(CDITXT)+1,41101000002) FROM CTTEXTES WHERE CDIELE = ((SELECT COALESCE(MAX(CCIELE),41101000002)  FROM CTELEMEN WHERE CCIDOC = 41101000002))), 'de', 'Im Anhang finden Sie eine Kopie des Schreibens, welches wir heute senden.', '20210201120000globaz');
-- INSERT INTO CTTEXTES (CDIELE, CDITXT, CDLCIL, CDLDES, PSPY) VALUES ((SELECT COALESCE(MAX(CCIELE)+1,41101000002)  FROM CTELEMEN WHERE CCIDOC = 41101000002), (SELECT MAX(CDITXT)+1 FROM CTTEXTES WHERE CDIELE = ((SELECT COALESCE(MAX(CCIELE)+1,41101000002)  FROM CTELEMEN WHERE CCIDOC = 41101000002))), 'fr', 'Vous trouverez en annexe une copie du courrier que nous envoyons ce jour.', '20210201120000globaz');
-- INSERT INTO CTTEXTES (CDIELE, CDITXT, CDLCIL, CDLDES, PSPY) VALUES ((SELECT COALESCE(MAX(CCIELE)+1,41101000002)  FROM CTELEMEN WHERE CCIDOC = 41101000002),(SELECT MAX(CDITXT)+1 FROM CTTEXTES WHERE CDIELE = ((SELECT COALESCE(MAX(CCIELE)+1,41101000002)  FROM CTELEMEN WHERE CCIDOC = 41101000002))), 'it', 'Vous trouverez en annexe une copie du courrier que nous envoyons ce jour.', '20210201120000globaz');
-- INSERT INTO CTELEMEN (CCIDOC, CCIELE, CCNPOS, CCNNIV, CCBDES, CCBSEL, CCBSBD, CCBEDI, PSPY) VALUES (41101000002, (SELECT COALESCE(MAX(CCIELE)+1,41101000002)  FROM CTELEMEN WHERE CCIDOC = 41101000002), 2, 7, '', '2', '2', '2', '20210201120000globaz');
--
-- INSERT INTO CTTEXTES (CDIELE, CDITXT, CDLCIL, CDLDES, PSPY) VALUES ((SELECT COALESCE(MAX(CCIELE)+1,41101000002)  FROM CTELEMEN WHERE CCIDOC = 41101000002),  (SELECT COALESCE(MAX(CDITXT)+1,41101000002) FROM CTTEXTES WHERE CDIELE = ((SELECT COALESCE(MAX(CCIELE),41101000002)  FROM CTELEMEN WHERE CCIDOC = 41101000002))), 'de', 'Freundliche Grüsse.', '20210201120000globaz');
-- INSERT INTO CTTEXTES (CDIELE, CDITXT, CDLCIL, CDLDES, PSPY) VALUES ((SELECT COALESCE(MAX(CCIELE)+1,41101000002)  FROM CTELEMEN WHERE CCIDOC = 41101000002), (SELECT MAX(CDITXT)+1 FROM CTTEXTES WHERE CDIELE = ((SELECT COALESCE(MAX(CCIELE)+1,41101000002)  FROM CTELEMEN WHERE CCIDOC = 41101000002))), 'fr', 'Nous vous prions d''agréer, Madame, Monsieur, nos salutations distinguées.', '20210201120000globaz');
-- INSERT INTO CTTEXTES (CDIELE, CDITXT, CDLCIL, CDLDES, PSPY) VALUES ((SELECT COALESCE(MAX(CCIELE)+1,41101000002)  FROM CTELEMEN WHERE CCIDOC = 41101000002),(SELECT MAX(CDITXT)+1 FROM CTTEXTES WHERE CDIELE = ((SELECT COALESCE(MAX(CCIELE)+1,41101000002)  FROM CTELEMEN WHERE CCIDOC = 41101000002))), 'it', 'Nous vous prions d''agréer, Madame, Monsieur, nos salutations distinguées.', '20210201120000globaz');
-- INSERT INTO CTELEMEN (CCIDOC, CCIELE, CCNPOS, CCNNIV, CCBDES, CCBSEL, CCBSBD, CCBEDI, PSPY) VALUES (41101000002, (SELECT COALESCE(MAX(CCIELE)+1,41101000002)  FROM CTELEMEN WHERE CCIDOC = 41101000002), 3, 7, '', '2', '2', '2', '20210201120000globaz');
--
--
-- INSERT INTO CTTEXTES (CDIELE, CDITXT, CDLCIL, CDLDES, PSPY) VALUES ((SELECT COALESCE(MAX(CCIELE)+1,41101000002)  FROM CTELEMEN WHERE CCIDOC = 41101000002),  (SELECT COALESCE(MAX(CDITXT)+1,41101000002) FROM CTTEXTES WHERE CDIELE = ((SELECT COALESCE(MAX(CCIELE),41101000002)  FROM CTELEMEN WHERE CCIDOC = 41101000002))), 'de', '<p>Caisse de compensation</p>', '20210201120000globaz');
-- INSERT INTO CTTEXTES (CDIELE, CDITXT, CDLCIL, CDLDES, PSPY) VALUES ((SELECT COALESCE(MAX(CCIELE)+1,41101000002)  FROM CTELEMEN WHERE CCIDOC = 41101000002),(SELECT MAX(CDITXT)+1 FROM CTTEXTES WHERE CDIELE = ((SELECT COALESCE(MAX(CCIELE)+1,41101000002)  FROM CTELEMEN WHERE CCIDOC = 41101000002))), 'fr', '<p>Caisse de compensation</p>', '20210201120000globaz');
-- INSERT INTO CTTEXTES (CDIELE, CDITXT, CDLCIL, CDLDES, PSPY) VALUES ((SELECT COALESCE(MAX(CCIELE)+1,41101000002)  FROM CTELEMEN WHERE CCIDOC = 41101000002), (SELECT MAX(CDITXT)+1 FROM CTTEXTES WHERE CDIELE = ((SELECT COALESCE(MAX(CCIELE)+1,41101000002)  FROM CTELEMEN WHERE CCIDOC = 41101000002))), 'it', '<p>Caisse de compensation</p>', '20210201120000globaz');
-- INSERT INTO CTELEMEN (CCIDOC, CCIELE, CCNPOS, CCNNIV, CCBDES, CCBSEL, CCBSBD, CCBEDI, PSPY) VALUES (41101000002, (SELECT COALESCE(MAX(CCIELE)+1,41101000002)  FROM CTELEMEN WHERE CCIDOC = 41101000002), 1, 20, '', '2', '2', '2', '20210201120000globaz');
--
-- INSERT INTO CTTEXTES (CDIELE, CDITXT, CDLCIL, CDLDES, PSPY) VALUES ((SELECT COALESCE(MAX(CCIELE)+1,41101000002)  FROM CTELEMEN WHERE CCIDOC = 41101000002),  (SELECT COALESCE(MAX(CDITXT)+1,41101000002) FROM CTTEXTES WHERE CDIELE = ((SELECT COALESCE(MAX(CCIELE),41101000002)  FROM CTELEMEN WHERE CCIDOC = 41101000002))), 'de', '<p>Service des prestations</p>', '20210201120000globaz');
-- INSERT INTO CTTEXTES (CDIELE, CDITXT, CDLCIL, CDLDES, PSPY) VALUES ((SELECT COALESCE(MAX(CCIELE)+1,41101000002)  FROM CTELEMEN WHERE CCIDOC = 41101000002), (SELECT MAX(CDITXT)+1 FROM CTTEXTES WHERE CDIELE = ((SELECT COALESCE(MAX(CCIELE)+1,41101000002)  FROM CTELEMEN WHERE CCIDOC = 41101000002))), 'fr', '<p>Service des prestations</p>', '20210201120000globaz');
-- INSERT INTO CTTEXTES (CDIELE, CDITXT, CDLCIL, CDLDES, PSPY) VALUES ((SELECT COALESCE(MAX(CCIELE)+1,41101000002)  FROM CTELEMEN WHERE CCIDOC = 41101000002), (SELECT MAX(CDITXT)+1 FROM CTTEXTES WHERE CDIELE = ((SELECT COALESCE(MAX(CCIELE)+1,41101000002)  FROM CTELEMEN WHERE CCIDOC = 41101000002))), 'it', '<p>Service des prestations</p>', '20210201120000globaz');
-- INSERT INTO CTELEMEN (CCIDOC, CCIELE, CCNPOS, CCNNIV, CCBDES, CCBSEL, CCBSBD, CCBEDI, PSPY) VALUES (41101000002, (SELECT COALESCE(MAX(CCIELE)+1,41101000002)  FROM CTELEMEN WHERE CCIDOC = 41101000002), 2, 20, '', '2', '2', '2', '20210201120000globaz');
--
-- --UPDATE INDEX
-- --DECISIONS
-- DELETE FROM FWINCP WHERE PINCID = 'CTDOCUME' AND PCOSID = 52042001;
-- INSERT INTO FWINCP (PINCID,PCOSID,PINCAN,PINCLI,PINCVA,PSPY) VALUES ('CTDOCUME',52042001,0,'',0,'');
-- UPDATE FWINCP SET PINCVA= ((SELECT MAX(CBIDOC) FROM CTDOCUME WHERE CBITYD = 41101) - (SELECT DISTINCT min(CANBIN) FROM CTTYPDOC WHERE CATTYP = 52042001 and  CATDOM = 52041001)) WHERE PCOSID= 52042001 AND PINCID= 'CTDOCUME';
-- DELETE FROM FWINCP WHERE PINCID = 'CTELEMEN' AND PCOSID = 52042001;
-- INSERT INTO FWINCP (PINCID,PCOSID,PINCAN,PINCLI,PINCVA,PSPY) VALUES ('CTELEMEN',52042001,0,'',0,'');
-- UPDATE FWINCP SET PINCVA= ((SELECT MAX(CCIELE) FROM CTELEMEN WHERE CCIDOC IN (SELECT CBIDOC FROM CTDOCUME WHERE CBITYD = 41101)) - (SELECT DISTINCT min(CANBIN) FROM CTTYPDOC WHERE CATTYP = 52042001 and  CATDOM = 52041001)) WHERE PCOSID= 52042001 AND PINCID= 'CTELEMEN';
-- DELETE FROM FWINCP WHERE PINCID = 'CTTEXTES' AND PCOSID = 52042001;
-- INSERT INTO FWINCP (PINCID,PCOSID,PINCAN,PINCLI,PINCVA,PSPY) VALUES ('CTTEXTES',52042001,0,'',0,'');
-- UPDATE FWINCP SET PINCVA= ((SELECT MAX (CDITXT) FROM CTTEXTES WHERE CDIELE IN (SELECT CCIELE FROM CTELEMEN WHERE CCIDOC IN (SELECT CBIDOC FROM CTDOCUME WHERE CBITYD = 41101))) - (SELECT DISTINCT min(CANBIN) FROM CTTYPDOC WHERE CATTYP = 52042001 and  CATDOM = 52041001)) WHERE PCOSID= 52042001 AND PINCID= 'CTTEXTES';
-- --ATTESTATION
-- DELETE FROM FWINCP WHERE PINCID = 'CTDOCUME' AND PCOSID = 52042007;
-- INSERT INTO FWINCP (PINCID,PCOSID,PINCAN,PINCLI,PINCVA,PSPY) VALUES ('CTDOCUME',52042007,0,'',0,'');
-- UPDATE FWINCP SET PINCVA= ((SELECT MAX(CBIDOC) FROM CTDOCUME WHERE CBITYD = 41500) - (SELECT DISTINCT min(CANBIN) FROM CTTYPDOC WHERE CATTYP = 52042007 and  CATDOM = 52041001)) WHERE PCOSID= 52042007 AND PINCID= 'CTDOCUME';
-- DELETE FROM FWINCP WHERE PINCID = 'CTELEMEN' AND PCOSID = 52042007;
-- INSERT INTO FWINCP (PINCID,PCOSID,PINCAN,PINCLI,PINCVA,PSPY) VALUES ('CTELEMEN',52042007,0,'',0,'');
-- UPDATE FWINCP SET PINCVA= ((SELECT MAX(CCIELE) FROM CTELEMEN WHERE CCIDOC IN (SELECT CBIDOC FROM CTDOCUME WHERE CBITYD = 41500)) - (SELECT DISTINCT min(CANBIN) FROM CTTYPDOC WHERE CATTYP = 52042007 and  CATDOM = 52041001)) WHERE PCOSID= 52042007 AND PINCID= 'CTELEMEN';
-- DELETE FROM FWINCP WHERE PINCID = 'CTTEXTES' AND PCOSID = 52042007;
-- INSERT INTO FWINCP (PINCID,PCOSID,PINCAN,PINCLI,PINCVA,PSPY) VALUES ('CTTEXTES',52042007,0,'',0,'');
-- UPDATE FWINCP SET PINCVA= ((SELECT MAX (CDITXT) FROM CTTEXTES WHERE CDIELE IN (SELECT CCIELE FROM CTELEMEN WHERE CCIDOC IN (SELECT CBIDOC FROM CTDOCUME WHERE CBITYD = 41500))) - (SELECT DISTINCT min(CANBIN) FROM CTTYPDOC WHERE CATTYP = 52042007 and  CATDOM = 52041001)) WHERE PCOSID= 52042007 AND PINCID= 'CTTEXTES';
--
-- DELETE FROM CTTEXTES WHERE CDIELE IN (SELECT CCIELE FROM CTELEMEN WHERE CCIDOC IN (SELECT CBIDOC FROM CTDOCUME WHERE CBITYD IN (SELECT CAITYD FROM CTTYPDOC WHERE CATTYP=52042007 AND CATDOM=52041001)));
-- DELETE FROM CTELEMEN WHERE CCIDOC IN (SELECT CBIDOC FROM CTDOCUME WHERE CBITYD IN (SELECT CAITYD FROM CTTYPDOC WHERE CATTYP=52042007 AND CATDOM=52041001));
-- DELETE FROM CTDOCUME WHERE CBITYD IN (SELECT CAITYD FROM CTTYPDOC WHERE CATTYP=52042007 AND CATDOM=52041001);
--
-- INSERT INTO CTDOCUME (CBIDOC, CBLNOM, CBBACT, CBBDEF, CBDDES, CBTEDI, CBTDES, CBITYD, PSPY, CBBSTY) VALUES (84144000001, 'normal', '1', '1', 0, 34000001, 34005001, 41500, '20201001120000globaz    ', '1');
--
-- INSERT INTO CTTEXTES (CDIELE, CDITXT, CDLCIL, CDLDES, PSPY) VALUES ((SELECT COALESCE(MAX(CCIELE)+1,84144000001)  FROM CTELEMEN WHERE CCIDOC = 84144000001) ,(SELECT COALESCE(MAX(CDITXT),84144000001) FROM CTTEXTES WHERE CDIELE = ((SELECT COALESCE(MAX(CCIELE)+1,84144000001)  FROM CTELEMEN WHERE CCIDOC = 84144000001))), 'de', '', '20210128102840ccjuglo   ');
-- INSERT INTO CTTEXTES (CDIELE, CDITXT, CDLCIL, CDLDES, PSPY) VALUES ((SELECT COALESCE(MAX(CCIELE)+1,84144000001)  FROM CTELEMEN WHERE CCIDOC = 84144000001) ,(SELECT MAX(CDITXT)+1 FROM CTTEXTES WHERE CDIELE = ((SELECT COALESCE(MAX(CCIELE)+1,84144000001)  FROM CTELEMEN WHERE CCIDOC = 84144000001))), 'fr', '<p><font face=¢Gill Sans MT¢>Attestation Paternit&eacute; en faveur de<br />{NSS} {nomPrenom}</font></p>', '20210128102840ccjuglo   ');
-- INSERT INTO CTTEXTES (CDIELE, CDITXT, CDLCIL, CDLDES, PSPY) VALUES ((SELECT COALESCE(MAX(CCIELE)+1,84144000001)  FROM CTELEMEN WHERE CCIDOC = 84144000001) ,(SELECT MAX(CDITXT)+1 FROM CTTEXTES WHERE CDIELE = ((SELECT COALESCE(MAX(CCIELE)+1,84144000001)  FROM CTELEMEN WHERE CCIDOC = 84144000001))), 'it', '', '20210128102840ccjuglo   ');
-- INSERT INTO CTELEMEN (CCIDOC, CCIELE, CCNPOS, CCNNIV, CCBDES, CCBSBD, CCBSEL, CCBEDI, PSPY) VALUES (84144000001, (SELECT COALESCE(MAX(CCIELE)+1,84144000001)  FROM CTELEMEN WHERE CCIDOC = 84144000001) , 1, 1, '                    ', '2', '2', '2', '20210128102840ccjuglo   ');
--
-- INSERT INTO CTTEXTES (CDIELE, CDITXT, CDLCIL, CDLDES, PSPY) VALUES ((SELECT COALESCE(MAX(CCIELE)+1,84144000001)  FROM CTELEMEN WHERE CCIDOC = 84144000001) , (SELECT COALESCE(MAX(CDITXT)+1,84144000001) FROM CTTEXTES WHERE CDIELE = ((SELECT COALESCE(MAX(CCIELE),84144000001)  FROM CTELEMEN WHERE CCIDOC = 84144000001))) , 'de', '', '20210120143718ccjuglo   ');
-- INSERT INTO CTTEXTES (CDIELE, CDITXT, CDLCIL, CDLDES, PSPY) VALUES ((SELECT COALESCE(MAX(CCIELE)+1,84144000001)  FROM CTELEMEN WHERE CCIDOC = 84144000001) , (SELECT COALESCE(MAX(CDITXT)+1,84144000001) FROM CTTEXTES WHERE CDIELE = ((SELECT COALESCE(MAX(CCIELE)+1,84144000001)  FROM CTELEMEN WHERE CCIDOC = 84144000001))), 'fr', '', '20210120143718ccjuglo   ');
-- INSERT INTO CTTEXTES (CDIELE, CDITXT, CDLCIL, CDLDES, PSPY) VALUES ((SELECT COALESCE(MAX(CCIELE)+1,84144000001)  FROM CTELEMEN WHERE CCIDOC = 84144000001) , (SELECT COALESCE(MAX(CDITXT)+1,84144000001) FROM CTTEXTES WHERE CDIELE = ((SELECT COALESCE(MAX(CCIELE)+1,84144000001)  FROM CTELEMEN WHERE CCIDOC = 84144000001))) , 'it', '', '20210120143718ccjuglo   ');
-- INSERT INTO CTELEMEN (CCIDOC, CCIELE, CCNPOS, CCNNIV, CCBDES, CCBSBD, CCBSEL, CCBEDI, PSPY) VALUES (84144000001, (SELECT COALESCE(MAX(CCIELE)+1,84144000001)  FROM CTELEMEN WHERE CCIDOC = 84144000001) , 1, 2, '                    ', '2', '2', '2', '20210120143743ccjuglo   ');
--
-- INSERT INTO CTTEXTES (CDIELE, CDITXT, CDLCIL, CDLDES, PSPY) VALUES ((SELECT COALESCE(MAX(CCIELE)+1,84144000001)  FROM CTELEMEN WHERE CCIDOC = 84144000001), (SELECT COALESCE(MAX(CDITXT)+1,84144000001) FROM CTTEXTES WHERE CDIELE = ((SELECT COALESCE(MAX(CCIELE),84144000001)  FROM CTELEMEN WHERE CCIDOC = 84144000001))) , 'de', '<font face=¢Gill Sans MT¢>Nous attestons par la pr&eacute;sente que la personne susmentionn&eacute;e&nbsp;a re&ccedil;u les allocations pour perte de gain&nbsp;suivantes en {1} :</font>', '20210120143743ccjuglo   ');
-- INSERT INTO CTTEXTES (CDIELE, CDITXT, CDLCIL, CDLDES, PSPY) VALUES ((SELECT COALESCE(MAX(CCIELE)+1,84144000001)  FROM CTELEMEN WHERE CCIDOC = 84144000001), (SELECT COALESCE(MAX(CDITXT)+1,84144000001) FROM CTTEXTES WHERE CDIELE = ((SELECT COALESCE(MAX(CCIELE)+1,84144000001)  FROM CTELEMEN WHERE CCIDOC = 84144000001))), 'fr', '<font face=¢Gill Sans MT¢>Nous attestons par la pr&eacute;sente que la personne susmentionn&eacute;e&nbsp;a re&ccedil;u les allocations pour perte de gain&nbsp;suivantes en {1} :</font>', '20210120143743ccjuglo   ');
-- INSERT INTO CTTEXTES (CDIELE, CDITXT, CDLCIL, CDLDES, PSPY) VALUES ((SELECT COALESCE(MAX(CCIELE)+1,84144000001)  FROM CTELEMEN WHERE CCIDOC = 84144000001), (SELECT COALESCE(MAX(CDITXT)+1,84144000001) FROM CTTEXTES WHERE CDIELE = ((SELECT COALESCE(MAX(CCIELE)+1,84144000001)  FROM CTELEMEN WHERE CCIDOC = 84144000001))), 'it', '<font face=¢Gill Sans MT¢>Nous attestons par la pr&eacute;sente que la personne susmentionn&eacute;e&nbsp;a re&ccedil;u les allocations pour perte de gain&nbsp;suivantes en {1} :</font>', '20210120143743ccjuglo   ');
-- INSERT INTO CTELEMEN (CCIDOC, CCIELE, CCNPOS, CCNNIV, CCBDES, CCBSBD, CCBSEL, CCBEDI, PSPY) VALUES (84144000001, (SELECT COALESCE(MAX(CCIELE)+1,84144000001)  FROM CTELEMEN WHERE CCIDOC = 84144000001), 2, 2, '                    ', '2', '2', '2', '20210120143743ccjuglo   ');
--
-- INSERT INTO CTTEXTES (CDIELE, CDITXT, CDLCIL, CDLDES, PSPY) VALUES ((SELECT COALESCE(MAX(CCIELE)+1,84144000001)  FROM CTELEMEN WHERE CCIDOC = 84144000001),  (SELECT COALESCE(MAX(CDITXT)+1,84144000001) FROM CTTEXTES WHERE CDIELE = ((SELECT COALESCE(MAX(CCIELE),84144000001)  FROM CTELEMEN WHERE CCIDOC = 84144000001))), 'de', '<font face=¢Gill Sans MT¢>du {0} au {1}</font>', '20210120143802ccjuglo   ');
-- INSERT INTO CTTEXTES (CDIELE, CDITXT, CDLCIL, CDLDES, PSPY) VALUES ((SELECT COALESCE(MAX(CCIELE)+1,84144000001)  FROM CTELEMEN WHERE CCIDOC = 84144000001),  (SELECT COALESCE(MAX(CDITXT)+1,84144000001) FROM CTTEXTES WHERE CDIELE = ((SELECT COALESCE(MAX(CCIELE)+1,84144000001)  FROM CTELEMEN WHERE CCIDOC = 84144000001))), 'fr', '<font face=¢Gill Sans MT¢>du {0} au {1}</font>', '20210120143802ccjuglo   ');
-- INSERT INTO CTTEXTES (CDIELE, CDITXT, CDLCIL, CDLDES, PSPY) VALUES ((SELECT COALESCE(MAX(CCIELE)+1,84144000001)  FROM CTELEMEN WHERE CCIDOC = 84144000001),  (SELECT COALESCE(MAX(CDITXT)+1,84144000001) FROM CTTEXTES WHERE CDIELE = ((SELECT COALESCE(MAX(CCIELE)+1,84144000001)  FROM CTELEMEN WHERE CCIDOC = 84144000001))), 'it', '<font face=¢Gill Sans MT¢>du {0} au {1}</font>', '20210120143803ccjuglo   ');
-- INSERT INTO CTELEMEN (CCIDOC, CCIELE, CCNPOS, CCNNIV, CCBDES, CCBSBD, CCBSEL, CCBEDI, PSPY) VALUES (84144000001, (SELECT COALESCE(MAX(CCIELE)+1,84144000001)  FROM CTELEMEN WHERE CCIDOC = 84144000001), 1, 3, '                    ', '2', '2', '2', '20210120144139ccjuglo   ');
--
-- INSERT INTO CTTEXTES (CDIELE, CDITXT, CDLCIL, CDLDES, PSPY) VALUES ((SELECT COALESCE(MAX(CCIELE)+1,84144000001)  FROM CTELEMEN WHERE CCIDOC = 84144000001),  (SELECT COALESCE(MAX(CDITXT)+1,84144000001) FROM CTTEXTES WHERE CDIELE = ((SELECT COALESCE(MAX(CCIELE),84144000001)  FROM CTELEMEN WHERE CCIDOC = 84144000001))), 'de', '<font face=¢Gill Sans MT¢>./. cotisations AVS/AI/APG/AC et frais administratifs</font>', '20210120143821ccjuglo   ');
-- INSERT INTO CTTEXTES (CDIELE, CDITXT, CDLCIL, CDLDES, PSPY) VALUES ((SELECT COALESCE(MAX(CCIELE)+1,84144000001)  FROM CTELEMEN WHERE CCIDOC = 84144000001),  (SELECT COALESCE(MAX(CDITXT)+1,84144000001) FROM CTTEXTES WHERE CDIELE = ((SELECT COALESCE(MAX(CCIELE)+1,84144000001)  FROM CTELEMEN WHERE CCIDOC = 84144000001))), 'fr', '<font face=¢Gill Sans MT¢>./. cotisations AVS/AI/APG/AC et frais administratifs</font>', '20210120143821ccjuglo   ');
-- INSERT INTO CTTEXTES (CDIELE, CDITXT, CDLCIL, CDLDES, PSPY) VALUES ((SELECT COALESCE(MAX(CCIELE)+1,84144000001)  FROM CTELEMEN WHERE CCIDOC = 84144000001),  (SELECT COALESCE(MAX(CDITXT)+1,84144000001) FROM CTTEXTES WHERE CDIELE = ((SELECT COALESCE(MAX(CCIELE)+1,84144000001)  FROM CTELEMEN WHERE CCIDOC = 84144000001))), 'it', '<font face=¢Gill Sans MT¢>./. cotisations AVS/AI/APG/AC et frais administratifs</font>', '20210120143821ccjuglo   ');
-- INSERT INTO CTELEMEN (CCIDOC, CCIELE, CCNPOS, CCNNIV, CCBDES, CCBSBD, CCBSEL, CCBEDI, PSPY) VALUES (84144000001, (SELECT COALESCE(MAX(CCIELE)+1,84144000001)  FROM CTELEMEN WHERE CCIDOC = 84144000001), 2, 3, '                    ', '2', '2', '2', '20210120144139ccjuglo   ');
--
-- INSERT INTO CTTEXTES (CDIELE, CDITXT, CDLCIL, CDLDES, PSPY) VALUES ((SELECT COALESCE(MAX(CCIELE)+1,84144000001)  FROM CTELEMEN WHERE CCIDOC = 84144000001),  (SELECT COALESCE(MAX(CDITXT)+1,84144000001) FROM CTTEXTES WHERE CDIELE = ((SELECT COALESCE(MAX(CCIELE),84144000001)  FROM CTELEMEN WHERE CCIDOC = 84144000001))), 'de', '<font face=¢Gill Sans MT¢>Total net</font>', '20210120143844ccjuglo   ');
-- INSERT INTO CTTEXTES (CDIELE, CDITXT, CDLCIL, CDLDES, PSPY) VALUES ((SELECT COALESCE(MAX(CCIELE)+1,84144000001)  FROM CTELEMEN WHERE CCIDOC = 84144000001),  (SELECT COALESCE(MAX(CDITXT)+1,84144000001) FROM CTTEXTES WHERE CDIELE = ((SELECT COALESCE(MAX(CCIELE)+1,84144000001)  FROM CTELEMEN WHERE CCIDOC = 84144000001))), 'fr', '<font face=¢Gill Sans MT¢>Total net</font>', '20210120143844ccjuglo   ');
-- INSERT INTO CTTEXTES (CDIELE, CDITXT, CDLCIL, CDLDES, PSPY) VALUES ((SELECT COALESCE(MAX(CCIELE)+1,84144000001)  FROM CTELEMEN WHERE CCIDOC = 84144000001),  (SELECT COALESCE(MAX(CDITXT)+1,84144000001) FROM CTTEXTES WHERE CDIELE = ((SELECT COALESCE(MAX(CCIELE)+1,84144000001)  FROM CTELEMEN WHERE CCIDOC = 84144000001))), 'it', '<font face=¢Gill Sans MT¢>Total net</font>', '20210120143844ccjuglo   ');
-- INSERT INTO CTELEMEN (CCIDOC, CCIELE, CCNPOS, CCNNIV, CCBDES, CCBSBD, CCBSEL, CCBEDI, PSPY) VALUES (84144000001, (SELECT COALESCE(MAX(CCIELE)+1,84144000001)  FROM CTELEMEN WHERE CCIDOC = 84144000001), 3, 3, '                    ', '2', '2', '2', '20210120144139ccjuglo   ');
--
-- INSERT INTO CTTEXTES (CDIELE, CDITXT, CDLCIL, CDLDES, PSPY) VALUES ((SELECT COALESCE(MAX(CCIELE)+1,84144000001)  FROM CTELEMEN WHERE CCIDOC = 84144000001),  (SELECT COALESCE(MAX(CDITXT)+1,84144000001) FROM CTTEXTES WHERE CDIELE = ((SELECT COALESCE(MAX(CCIELE),84144000001)  FROM CTELEMEN WHERE CCIDOC = 84144000001))), 'de', '<font face=¢Gill Sans MT¢>CHF</font>', '20210120143856ccjuglo   ');
-- INSERT INTO CTTEXTES (CDIELE, CDITXT, CDLCIL, CDLDES, PSPY) VALUES ((SELECT COALESCE(MAX(CCIELE)+1,84144000001)  FROM CTELEMEN WHERE CCIDOC = 84144000001),  (SELECT COALESCE(MAX(CDITXT)+1,84144000001) FROM CTTEXTES WHERE CDIELE = ((SELECT COALESCE(MAX(CCIELE)+1,84144000001)  FROM CTELEMEN WHERE CCIDOC = 84144000001))), 'fr', '<font face=¢Gill Sans MT¢>CHF</font>', '20210120143856ccjuglo   ');
-- INSERT INTO CTTEXTES (CDIELE, CDITXT, CDLCIL, CDLDES, PSPY) VALUES ((SELECT COALESCE(MAX(CCIELE)+1,84144000001)  FROM CTELEMEN WHERE CCIDOC = 84144000001),  (SELECT COALESCE(MAX(CDITXT)+1,84144000001) FROM CTTEXTES WHERE CDIELE = ((SELECT COALESCE(MAX(CCIELE)+1,84144000001)  FROM CTELEMEN WHERE CCIDOC = 84144000001))), 'it', '<font face=¢Gill Sans MT¢>CHF</font>', '20210120143856ccjuglo   ');
-- INSERT INTO CTELEMEN (CCIDOC, CCIELE, CCNPOS, CCNNIV, CCBDES, CCBSBD, CCBSEL, CCBEDI, PSPY) VALUES (84144000001, (SELECT COALESCE(MAX(CCIELE)+1,84144000001)  FROM CTELEMEN WHERE CCIDOC = 84144000001), 4, 3, '                    ', '2', '2', '2', '20210120144139ccjuglo   ');
--
-- INSERT INTO CTTEXTES (CDIELE, CDITXT, CDLCIL, CDLDES, PSPY) VALUES ((SELECT COALESCE(MAX(CCIELE)+1,84144000001)  FROM CTELEMEN WHERE CCIDOC = 84144000001),  (SELECT COALESCE(MAX(CDITXT)+1,84144000001) FROM CTTEXTES WHERE CDIELE = ((SELECT COALESCE(MAX(CCIELE),84144000001)  FROM CTELEMEN WHERE CCIDOC = 84144000001))), 'de', '<font face=¢Gill Sans MT¢>{0}</font>', '20210120143937ccjuglo   ');
-- INSERT INTO CTTEXTES (CDIELE, CDITXT, CDLCIL, CDLDES, PSPY) VALUES ((SELECT COALESCE(MAX(CCIELE)+1,84144000001)  FROM CTELEMEN WHERE CCIDOC = 84144000001),  (SELECT COALESCE(MAX(CDITXT)+1,84144000001) FROM CTTEXTES WHERE CDIELE = ((SELECT COALESCE(MAX(CCIELE)+1,84144000001)  FROM CTELEMEN WHERE CCIDOC = 84144000001))), 'fr', '<font face=¢Gill Sans MT¢>{0}</font>', '20210120143938ccjuglo   ');
-- INSERT INTO CTTEXTES (CDIELE, CDITXT, CDLCIL, CDLDES, PSPY) VALUES ((SELECT COALESCE(MAX(CCIELE)+1,84144000001)  FROM CTELEMEN WHERE CCIDOC = 84144000001),  (SELECT COALESCE(MAX(CDITXT)+1,84144000001) FROM CTTEXTES WHERE CDIELE = ((SELECT COALESCE(MAX(CCIELE)+1,84144000001)  FROM CTELEMEN WHERE CCIDOC = 84144000001))), 'it', '<font face=¢Gill Sans MT¢>{0}</font>', '20210120143938ccjuglo   ');
-- INSERT INTO CTELEMEN (CCIDOC, CCIELE, CCNPOS, CCNNIV, CCBDES, CCBSBD, CCBSEL, CCBEDI, PSPY) VALUES (84144000001, (SELECT COALESCE(MAX(CCIELE)+1,84144000001)  FROM CTELEMEN WHERE CCIDOC = 84144000001), 5, 3, '                    ', '2', '2', '2', '20210120144139ccjuglo   ');
--
-- INSERT INTO CTTEXTES (CDIELE, CDITXT, CDLCIL, CDLDES, PSPY) VALUES ((SELECT COALESCE(MAX(CCIELE)+1,84144000001)  FROM CTELEMEN WHERE CCIDOC = 84144000001),  (SELECT COALESCE(MAX(CDITXT)+1,84144000001) FROM CTTEXTES WHERE CDIELE = ((SELECT COALESCE(MAX(CCIELE),84144000001)  FROM CTELEMEN WHERE CCIDOC = 84144000001))), 'de', '<font face=¢Gill Sans MT¢>{0}</font>', '20210120143947ccjuglo   ');
-- INSERT INTO CTTEXTES (CDIELE, CDITXT, CDLCIL, CDLDES, PSPY) VALUES ((SELECT COALESCE(MAX(CCIELE)+1,84144000001)  FROM CTELEMEN WHERE CCIDOC = 84144000001),  (SELECT COALESCE(MAX(CDITXT)+1,84144000001) FROM CTTEXTES WHERE CDIELE = ((SELECT COALESCE(MAX(CCIELE)+1,84144000001)  FROM CTELEMEN WHERE CCIDOC = 84144000001))), 'fr', '<font face=¢Gill Sans MT¢>{0}</font>', '20210120143947ccjuglo   ');
-- INSERT INTO CTTEXTES (CDIELE, CDITXT, CDLCIL, CDLDES, PSPY) VALUES ((SELECT COALESCE(MAX(CCIELE)+1,84144000001)  FROM CTELEMEN WHERE CCIDOC = 84144000001),  (SELECT COALESCE(MAX(CDITXT)+1,84144000001) FROM CTTEXTES WHERE CDIELE = ((SELECT COALESCE(MAX(CCIELE)+1,84144000001)  FROM CTELEMEN WHERE CCIDOC = 84144000001))), 'it', '<font face=¢Gill Sans MT¢>{0}</font>', '20210120143948ccjuglo   ');
-- INSERT INTO CTELEMEN (CCIDOC, CCIELE, CCNPOS, CCNNIV, CCBDES, CCBSBD, CCBSEL, CCBEDI, PSPY) VALUES (84144000001, (SELECT COALESCE(MAX(CCIELE)+1,84144000001)  FROM CTELEMEN WHERE CCIDOC = 84144000001), 6, 3, '                    ', '2', '2', '2', '20210120144139ccjuglo   ');
--
-- INSERT INTO CTTEXTES (CDIELE, CDITXT, CDLCIL, CDLDES, PSPY) VALUES ((SELECT COALESCE(MAX(CCIELE)+1,84144000001)  FROM CTELEMEN WHERE CCIDOC = 84144000001),  (SELECT COALESCE(MAX(CDITXT)+1,84144000001) FROM CTTEXTES WHERE CDIELE = ((SELECT COALESCE(MAX(CCIELE),84144000001)  FROM CTELEMEN WHERE CCIDOC = 84144000001))), 'de', '<font face=¢Gill Sans MT¢>{0}</font>', '20210120144001ccjuglo   ');
-- INSERT INTO CTTEXTES (CDIELE, CDITXT, CDLCIL, CDLDES, PSPY) VALUES ((SELECT COALESCE(MAX(CCIELE)+1,84144000001)  FROM CTELEMEN WHERE CCIDOC = 84144000001),  (SELECT COALESCE(MAX(CDITXT)+1,84144000001) FROM CTTEXTES WHERE CDIELE = ((SELECT COALESCE(MAX(CCIELE)+1,84144000001)  FROM CTELEMEN WHERE CCIDOC = 84144000001))), 'fr', '<font face=¢Gill Sans MT¢>{0}</font>', '20210120144001ccjuglo   ');
-- INSERT INTO CTTEXTES (CDIELE, CDITXT, CDLCIL, CDLDES, PSPY) VALUES ((SELECT COALESCE(MAX(CCIELE)+1,84144000001)  FROM CTELEMEN WHERE CCIDOC = 84144000001),  (SELECT COALESCE(MAX(CDITXT)+1,84144000001) FROM CTTEXTES WHERE CDIELE = ((SELECT COALESCE(MAX(CCIELE)+1,84144000001)  FROM CTELEMEN WHERE CCIDOC = 84144000001))), 'it', '<font face=¢Gill Sans MT¢>{0}</font>', '20210120144002ccjuglo   ');
-- INSERT INTO CTELEMEN (CCIDOC, CCIELE, CCNPOS, CCNNIV, CCBDES, CCBSBD, CCBSEL, CCBEDI, PSPY) VALUES (84144000001, (SELECT COALESCE(MAX(CCIELE)+1,84144000001)  FROM CTELEMEN WHERE CCIDOC = 84144000001), 7, 3, '                    ', '2', '2', '2', '20210120144139ccjuglo   ');
--
-- INSERT INTO CTTEXTES (CDIELE, CDITXT, CDLCIL, CDLDES, PSPY) VALUES ((SELECT COALESCE(MAX(CCIELE)+1,84144000001)  FROM CTELEMEN WHERE CCIDOC = 84144000001),  (SELECT COALESCE(MAX(CDITXT)+1,84144000001) FROM CTTEXTES WHERE CDIELE = ((SELECT COALESCE(MAX(CCIELE),84144000001)  FROM CTELEMEN WHERE CCIDOC = 84144000001))), 'de', '<font face=¢Gill Sans MT¢>{0}</font>', '20210120144014ccjuglo   ');
-- INSERT INTO CTTEXTES (CDIELE, CDITXT, CDLCIL, CDLDES, PSPY) VALUES ((SELECT COALESCE(MAX(CCIELE)+1,84144000001)  FROM CTELEMEN WHERE CCIDOC = 84144000001),  (SELECT COALESCE(MAX(CDITXT)+1,84144000001) FROM CTTEXTES WHERE CDIELE = ((SELECT COALESCE(MAX(CCIELE)+1,84144000001)  FROM CTELEMEN WHERE CCIDOC = 84144000001))), 'fr', '<font face=¢Gill Sans MT¢>{0}</font>', '20210120144014ccjuglo   ');
-- INSERT INTO CTTEXTES (CDIELE, CDITXT, CDLCIL, CDLDES, PSPY) VALUES ((SELECT COALESCE(MAX(CCIELE)+1,84144000001)  FROM CTELEMEN WHERE CCIDOC = 84144000001),  (SELECT COALESCE(MAX(CDITXT)+1,84144000001) FROM CTTEXTES WHERE CDIELE = ((SELECT COALESCE(MAX(CCIELE)+1,84144000001)  FROM CTELEMEN WHERE CCIDOC = 84144000001))), 'it', '<font face=¢Gill Sans MT¢>{0}</font>', '20210120144014ccjuglo   ');
-- INSERT INTO CTELEMEN (CCIDOC, CCIELE, CCNPOS, CCNNIV, CCBDES, CCBSBD, CCBSEL, CCBEDI, PSPY) VALUES (84144000001, (SELECT COALESCE(MAX(CCIELE)+1,84144000001)  FROM CTELEMEN WHERE CCIDOC = 84144000001), 8, 3, '                    ', '2', '2', '2', '20210120144139ccjuglo   ');
--
-- INSERT INTO CTTEXTES (CDIELE, CDITXT, CDLCIL, CDLDES, PSPY) VALUES ((SELECT COALESCE(MAX(CCIELE)+1,84144000001)  FROM CTELEMEN WHERE CCIDOC = 84144000001),  (SELECT COALESCE(MAX(CDITXT)+1,84144000001) FROM CTTEXTES WHERE CDIELE = ((SELECT COALESCE(MAX(CCIELE),84144000001)  FROM CTELEMEN WHERE CCIDOC = 84144000001))), 'de', '<font face=¢Gill Sans MT¢>./. versement &agrave; {0}</font>', '20210120144030ccjuglo   ');
-- INSERT INTO CTTEXTES (CDIELE, CDITXT, CDLCIL, CDLDES, PSPY) VALUES ((SELECT COALESCE(MAX(CCIELE)+1,84144000001)  FROM CTELEMEN WHERE CCIDOC = 84144000001),  (SELECT COALESCE(MAX(CDITXT)+1,84144000001) FROM CTTEXTES WHERE CDIELE = ((SELECT COALESCE(MAX(CCIELE)+1,84144000001)  FROM CTELEMEN WHERE CCIDOC = 84144000001))), 'fr', '<font face=¢Gill Sans MT¢>./. versement &agrave; {0}</font>', '20210120144030ccjuglo   ');
-- INSERT INTO CTTEXTES (CDIELE, CDITXT, CDLCIL, CDLDES, PSPY) VALUES ((SELECT COALESCE(MAX(CCIELE)+1,84144000001)  FROM CTELEMEN WHERE CCIDOC = 84144000001),  (SELECT COALESCE(MAX(CDITXT)+1,84144000001) FROM CTTEXTES WHERE CDIELE = ((SELECT COALESCE(MAX(CCIELE)+1,84144000001)  FROM CTELEMEN WHERE CCIDOC = 84144000001))), 'it', '<font face=¢Gill Sans MT¢>./. versement &agrave; {0}</font>', '20210120144031ccjuglo   ');
-- INSERT INTO CTELEMEN (CCIDOC, CCIELE, CCNPOS, CCNNIV, CCBDES, CCBSBD, CCBSEL, CCBEDI, PSPY) VALUES (84144000001, (SELECT COALESCE(MAX(CCIELE)+1,84144000001)  FROM CTELEMEN WHERE CCIDOC = 84144000001), 9, 3, '                    ', '2', '2', '2', '20210120144139ccjuglo   ');
--
-- INSERT INTO CTTEXTES (CDIELE, CDITXT, CDLCIL, CDLDES, PSPY) VALUES ((SELECT COALESCE(MAX(CCIELE)+1,84144000001)  FROM CTELEMEN WHERE CCIDOC = 84144000001),  (SELECT COALESCE(MAX(CDITXT)+1,84144000001) FROM CTTEXTES WHERE CDIELE = ((SELECT COALESCE(MAX(CCIELE),84144000001)  FROM CTELEMEN WHERE CCIDOC = 84144000001))), 'de', '<font face=¢Gill Sans MT¢>Solde en faveur de l&#39;assur&eacute;</font>', '20210120144054ccjuglo   ');
-- INSERT INTO CTTEXTES (CDIELE, CDITXT, CDLCIL, CDLDES, PSPY) VALUES ((SELECT COALESCE(MAX(CCIELE)+1,84144000001)  FROM CTELEMEN WHERE CCIDOC = 84144000001),  (SELECT COALESCE(MAX(CDITXT)+1,84144000001) FROM CTTEXTES WHERE CDIELE = ((SELECT COALESCE(MAX(CCIELE)+1,84144000001)  FROM CTELEMEN WHERE CCIDOC = 84144000001))), 'fr', '<font face=¢Gill Sans MT¢>Solde en faveur de l&#39;assur&eacute;</font>', '20210120144054ccjuglo   ');
-- INSERT INTO CTTEXTES (CDIELE, CDITXT, CDLCIL, CDLDES, PSPY) VALUES ((SELECT COALESCE(MAX(CCIELE)+1,84144000001)  FROM CTELEMEN WHERE CCIDOC = 84144000001),  (SELECT COALESCE(MAX(CDITXT)+1,84144000001) FROM CTTEXTES WHERE CDIELE = ((SELECT COALESCE(MAX(CCIELE)+1,84144000001)  FROM CTELEMEN WHERE CCIDOC = 84144000001))), 'it', '<font face=¢Gill Sans MT¢>Solde en faveur de l&#39;assur&eacute;</font>', '20210120144055ccjuglo   ');
-- INSERT INTO CTELEMEN (CCIDOC, CCIELE, CCNPOS, CCNNIV, CCBDES, CCBSBD, CCBSEL, CCBEDI, PSPY) VALUES (84144000001, (SELECT COALESCE(MAX(CCIELE)+1,84144000001)  FROM CTELEMEN WHERE CCIDOC = 84144000001), 10, 3, '                    ', '2', '2', '2', '20210120144139ccjuglo   ');
--
--
-- INSERT INTO CTTEXTES (CDIELE, CDITXT, CDLCIL, CDLDES, PSPY) VALUES ((SELECT COALESCE(MAX(CCIELE)+1,84144000001)  FROM CTELEMEN WHERE CCIDOC = 84144000001), (SELECT COALESCE(MAX(CDITXT)+1,84144000001) FROM CTTEXTES WHERE CDIELE = ((SELECT COALESCE(MAX(CCIELE),84144000001)  FROM CTELEMEN WHERE CCIDOC = 84144000001))), 'de', '{0}', '20210120144113ccjuglo   ');
-- INSERT INTO CTTEXTES (CDIELE, CDITXT, CDLCIL, CDLDES, PSPY) VALUES ((SELECT COALESCE(MAX(CCIELE)+1,84144000001)  FROM CTELEMEN WHERE CCIDOC = 84144000001),  (SELECT COALESCE(MAX(CDITXT)+1,84144000001) FROM CTTEXTES WHERE CDIELE = ((SELECT COALESCE(MAX(CCIELE)+1,84144000001)  FROM CTELEMEN WHERE CCIDOC = 84144000001))), 'fr', '{0}', '20210120144113ccjuglo   ');
-- INSERT INTO CTTEXTES (CDIELE, CDITXT, CDLCIL, CDLDES, PSPY) VALUES ((SELECT COALESCE(MAX(CCIELE)+1,84144000001)  FROM CTELEMEN WHERE CCIDOC = 84144000001),  (SELECT COALESCE(MAX(CDITXT)+1,84144000001) FROM CTTEXTES WHERE CDIELE = ((SELECT COALESCE(MAX(CCIELE)+1,84144000001)  FROM CTELEMEN WHERE CCIDOC = 84144000001))), 'it', '{0}', '20210120144114ccjuglo   ');
-- INSERT INTO CTELEMEN (CCIDOC, CCIELE, CCNPOS, CCNNIV, CCBDES, CCBSBD, CCBSEL, CCBEDI, PSPY) VALUES (84144000001, (SELECT COALESCE(MAX(CCIELE)+1,84144000001)  FROM CTELEMEN WHERE CCIDOC = 84144000001), 11, 3, '                    ', '2', '2', '2', '20210120144139ccjuglo   ');
--
-- INSERT INTO CTTEXTES (CDIELE, CDITXT, CDLCIL, CDLDES, PSPY) VALUES ((SELECT COALESCE(MAX(CCIELE)+1,84144000001)  FROM CTELEMEN WHERE CCIDOC = 84144000001), (SELECT COALESCE(MAX(CDITXT)+1,84144000001) FROM CTTEXTES WHERE CDIELE = ((SELECT COALESCE(MAX(CCIELE),84144000001)  FROM CTELEMEN WHERE CCIDOC = 84144000001))), 'de', '<font face=¢Gill Sans MT¢>./. Imp&ocirc;ts &agrave; la source</font>', '20210120144138ccjuglo   ');
-- INSERT INTO CTTEXTES (CDIELE, CDITXT, CDLCIL, CDLDES, PSPY) VALUES ((SELECT COALESCE(MAX(CCIELE)+1,84144000001)  FROM CTELEMEN WHERE CCIDOC = 84144000001),  (SELECT COALESCE(MAX(CDITXT)+1,84144000001) FROM CTTEXTES WHERE CDIELE = ((SELECT COALESCE(MAX(CCIELE)+1,84144000001)  FROM CTELEMEN WHERE CCIDOC = 84144000001))), 'fr', '<font face=¢Gill Sans MT¢>./. Imp&ocirc;ts &agrave; la source</font>', '20210120144138ccjuglo   ');
-- INSERT INTO CTTEXTES (CDIELE, CDITXT, CDLCIL, CDLDES, PSPY) VALUES ((SELECT COALESCE(MAX(CCIELE)+1,84144000001)  FROM CTELEMEN WHERE CCIDOC = 84144000001),  (SELECT COALESCE(MAX(CDITXT)+1,84144000001) FROM CTTEXTES WHERE CDIELE = ((SELECT COALESCE(MAX(CCIELE)+1,84144000001)  FROM CTELEMEN WHERE CCIDOC = 84144000001))), 'it', '<font face=¢Gill Sans MT¢>./. Imp&ocirc;ts &agrave; la source</font>', '20210120144139ccjuglo   ');
-- INSERT INTO CTELEMEN (CCIDOC, CCIELE, CCNPOS, CCNNIV, CCBDES, CCBSBD, CCBSEL, CCBEDI, PSPY) VALUES (84144000001, (SELECT COALESCE(MAX(CCIELE)+1,84144000001)  FROM CTELEMEN WHERE CCIDOC = 84144000001), 12, 3, '                    ', '2', '2', '2', '20210120144139ccjuglo   ');
--
-- INSERT INTO CTTEXTES (CDIELE, CDITXT, CDLCIL, CDLDES, PSPY) VALUES ((SELECT COALESCE(MAX(CCIELE)+1,84144000001)  FROM CTELEMEN WHERE CCIDOC = 84144000001), (SELECT COALESCE(MAX(CDITXT)+1,84144000001) FROM CTTEXTES WHERE CDIELE = ((SELECT COALESCE(MAX(CCIELE),84144000001)  FROM CTELEMEN WHERE CCIDOC = 84144000001))), 'de', '<p><font face=¢Gill Sans MT¢>Ce document est &agrave; joindre &agrave; votre d&eacute;claration d&#39;imp&ocirc;ts et atteste des prestations que nous vous avons vers&eacute;es.</font><font face=¢Gill Sans MT¢><br /><br />Avec nos meilleures salutations.</font></p>', '20210120144156ccjuglo   ');
-- INSERT INTO CTTEXTES (CDIELE, CDITXT, CDLCIL, CDLDES, PSPY) VALUES ((SELECT COALESCE(MAX(CCIELE)+1,84144000001)  FROM CTELEMEN WHERE CCIDOC = 84144000001),  (SELECT COALESCE(MAX(CDITXT)+1,84144000001) FROM CTTEXTES WHERE CDIELE = ((SELECT COALESCE(MAX(CCIELE)+1,84144000001)  FROM CTELEMEN WHERE CCIDOC = 84144000001))), 'fr', '<p><font face=¢Gill Sans MT¢>Ce document est &agrave; joindre &agrave; votre d&eacute;claration d&#39;imp&ocirc;ts et atteste des prestations que nous vous avons vers&eacute;es.</font><font face=¢Gill Sans MT¢><br /><br />Avec nos meilleures salutations.</font></p>', '20210120144157ccjuglo   ');
-- INSERT INTO CTTEXTES (CDIELE, CDITXT, CDLCIL, CDLDES, PSPY) VALUES ((SELECT COALESCE(MAX(CCIELE)+1,84144000001)  FROM CTELEMEN WHERE CCIDOC = 84144000001),  (SELECT COALESCE(MAX(CDITXT)+1,84144000001) FROM CTTEXTES WHERE CDIELE = ((SELECT COALESCE(MAX(CCIELE)+1,84144000001)  FROM CTELEMEN WHERE CCIDOC = 84144000001))), 'it', '<p><font face=¢Gill Sans MT¢>Ce document est &agrave; joindre &agrave; votre d&eacute;claration d&#39;imp&ocirc;ts et atteste des prestations que nous vous avons vers&eacute;es.</font><font face=¢Gill Sans MT¢><br /><br />Avec nos meilleures salutations.</font></p>', '20210120144157ccjuglo   ');
-- INSERT INTO CTELEMEN (CCIDOC, CCIELE, CCNPOS, CCNNIV, CCBDES, CCBSBD, CCBSEL, CCBEDI, PSPY) VALUES (84144000001, (SELECT COALESCE(MAX(CCIELE)+1,84144000001)  FROM CTELEMEN WHERE CCIDOC = 84144000001), 1, 4, '                    ', '2', '2', '2', '20210120144157ccjuglo   ');
--
-- DELETE FROM FWINCP WHERE PINCID = 'CTDOCUME' AND PCOSID = 52042007;
-- INSERT INTO FWINCP (PINCID,PCOSID,PINCAN,PINCLI,PINCVA,PSPY) VALUES ('CTDOCUME',52042007,0,'',0,'');
-- UPDATE FWINCP SET PINCVA= ((SELECT MAX(CBIDOC) FROM CTDOCUME WHERE CBITYD = 41500) - (SELECT DISTINCT min(CANBIN) FROM CTTYPDOC WHERE CATTYP = 52042007 and  CATDOM = 52041001)) WHERE PCOSID= 52042007 AND PINCID= 'CTDOCUME';
-- DELETE FROM FWINCP WHERE PINCID = 'CTELEMEN' AND PCOSID = 52042007;
-- INSERT INTO FWINCP (PINCID,PCOSID,PINCAN,PINCLI,PINCVA,PSPY) VALUES ('CTELEMEN',52042007,0,'',0,'');
-- UPDATE FWINCP SET PINCVA= ((SELECT MAX(CCIELE) FROM CTELEMEN WHERE CCIDOC IN (SELECT CBIDOC FROM CTDOCUME WHERE CBITYD = 41500)) - (SELECT DISTINCT min(CANBIN) FROM CTTYPDOC WHERE CATTYP = 52042007 and  CATDOM = 52041001)) WHERE PCOSID= 52042007 AND PINCID= 'CTELEMEN';
-- DELETE FROM FWINCP WHERE PINCID = 'CTTEXTES' AND PCOSID = 52042007;
-- INSERT INTO FWINCP (PINCID,PCOSID,PINCAN,PINCLI,PINCVA,PSPY) VALUES ('CTTEXTES',52042007,0,'',0,'');
-- UPDATE FWINCP SET PINCVA= ((SELECT MAX (CDITXT) FROM CTTEXTES WHERE CDIELE IN (SELECT CCIELE FROM CTELEMEN WHERE CCIDOC IN (SELECT CBIDOC FROM CTDOCUME WHERE CBITYD = 41500))) - (SELECT DISTINCT min(CANBIN) FROM CTTYPDOC WHERE CATTYP = 52042007 and  CATDOM = 52041001)) WHERE PCOSID= 52042007 AND PINCID= 'CTTEXTES';


-- TODO: FAIRE CREATION RUBRIQUE COMPTABLE POUR PROCHE AIDANT
--Creation rubriques comptable
-- INSERT INTO fwcoup (PCOSID,PLAIDE,PCOUID,PCOLUT,PSPY) VALUES (237351,'D','          ','Vaterschaft Arbeitgeber mit ALV','20210101000000globrje');
-- INSERT INTO fwcoup (PCOSID,PLAIDE,PCOUID,PCOLUT,PSPY) VALUES (237351,'F','          ','Paternité Employeur avec AC','20210101000000globrje');
-- INSERT INTO fwcoup (PCOSID,PLAIDE,PCOUID,PCOLUT,PSPY) VALUES (237352,'D','          ','Vaterschaft Arbeitgeber ohne ALV','20210101000000globrje');
-- INSERT INTO fwcoup (PCOSID,PLAIDE,PCOUID,PCOLUT,PSPY) VALUES (237352,'F','          ','Paternité Employeur sans AC','20210101000000globrje');
-- INSERT INTO fwcoup (PCOSID,PLAIDE,PCOUID,PCOLUT,PSPY) VALUES (237353,'D','          ','Vaterschaft Versicherte mit ALV','20210101000000globrje');
-- INSERT INTO fwcoup (PCOSID,PLAIDE,PCOUID,PCOLUT,PSPY) VALUES (237353,'F','          ','Paternité Assuré avec AC','20210101000000globrje');
-- INSERT INTO fwcoup (PCOSID,PLAIDE,PCOUID,PCOLUT,PSPY) VALUES (237354,'D','          ','Vaterschaft Versicherte ohne ALV','20210101000000globrje');
-- INSERT INTO fwcoup (PCOSID,PLAIDE,PCOUID,PCOLUT,PSPY) VALUES (237354,'F','          ','Paternité Assuré sans AC','20210101000000globrje');
-- INSERT INTO fwcoup (PCOSID,PLAIDE,PCOUID,PCOLUT,PSPY) VALUES (237355,'D','          ','Vaterschaft ohne Beiträge','20210101000000globrje');
-- INSERT INTO fwcoup (PCOSID,PLAIDE,PCOUID,PCOLUT,PSPY) VALUES (237355,'F','          ','Paternité Sans cotisations','20210101000000globrje');
-- INSERT INTO fwcoup (PCOSID,PLAIDE,PCOUID,PCOLUT,PSPY) VALUES (237356,'D','          ','Vaterschaft Zurückzuerstattende Leistungen Versicherte','20210101000000globrje');
-- INSERT INTO fwcoup (PCOSID,PLAIDE,PCOUID,PCOLUT,PSPY) VALUES (237356,'F','          ','Paternité Prestations à restituer Assuré','20210101000000globrje');
-- INSERT INTO fwcoup (PCOSID,PLAIDE,PCOUID,PCOLUT,PSPY) VALUES (237357,'D','          ','Vaterschaft AHV Beiträge Versicherte','20210101000000globrje');
-- INSERT INTO fwcoup (PCOSID,PLAIDE,PCOUID,PCOLUT,PSPY) VALUES (237357,'F','          ','Paternité Cotisations AVS Assuré','20210101000000globrje');
-- INSERT INTO fwcoup (PCOSID,PLAIDE,PCOUID,PCOLUT,PSPY) VALUES (237358,'D','          ','Vaterschaft ALV Beiträge Versicherte','20210101000000globrje');
-- INSERT INTO fwcoup (PCOSID,PLAIDE,PCOUID,PCOLUT,PSPY) VALUES (237358,'F','          ','Paternité Cotisations AC Assuré','20210101000000globrje');
-- INSERT INTO fwcoup (PCOSID,PLAIDE,PCOUID,PCOLUT,PSPY) VALUES (237359,'D','          ','Vaterschaft Verrechungsfonds Versicherte','20210101000000globrje');
-- INSERT INTO fwcoup (PCOSID,PLAIDE,PCOUID,PCOLUT,PSPY) VALUES (237359,'F','          ','Paternité Fonds de compensation Assuré','20210101000000globrje');
-- INSERT INTO fwcoup (PCOSID,PLAIDE,PCOUID,PCOLUT,PSPY) VALUES (237360,'D','          ','Vaterschaft Quellensteuer Versicherte','20210101000000globrje');
-- INSERT INTO fwcoup (PCOSID,PLAIDE,PCOUID,PCOLUT,PSPY) VALUES (237360,'F','          ','Paternité Impôt à la source Assuré','20210101000000globrje');
-- INSERT INTO fwcoup (PCOSID,PLAIDE,PCOUID,PCOLUT,PSPY) VALUES (237361,'D','          ','Vaterschaft FLG Beiträge','20210101000000globrje');
-- INSERT INTO fwcoup (PCOSID,PLAIDE,PCOUID,PCOLUT,PSPY) VALUES (237361,'F','          ','Paternité Cotisations LFA','20210101000000globrje');
-- INSERT INTO fwcoup (PCOSID,PLAIDE,PCOUID,PCOLUT,PSPY) VALUES (237362,'D','          ','Vaterschaft Verwaltungskosten','20210101000000globrje');
-- INSERT INTO fwcoup (PCOSID,PLAIDE,PCOUID,PCOLUT,PSPY) VALUES (237362,'F','          ','Paternité Frais d''administration','20210101000000globrje');
-- INSERT INTO fwcoup (PCOSID,PLAIDE,PCOUID,PCOLUT,PSPY) VALUES (237363,'D','          ','Vaterschaft Selbständigerwerb. mit ALV','20210101000000globrje');
-- INSERT INTO fwcoup (PCOSID,PLAIDE,PCOUID,PCOLUT,PSPY) VALUES (237363,'F','          ','Paternité Indépendant avec AC','20210101000000globrje');
-- INSERT INTO fwcoup (PCOSID,PLAIDE,PCOUID,PCOLUT,PSPY) VALUES (237364,'D','          ','Vaterschaft Selbständigerwerb. ohne ALV','20210101000000globrje');
-- INSERT INTO fwcoup (PCOSID,PLAIDE,PCOUID,PCOLUT,PSPY) VALUES (237364,'F','          ','Paternité Indépendant sans AC','20210101000000globrje');
-- INSERT INTO fwcoup (PCOSID,PLAIDE,PCOUID,PCOLUT,PSPY) VALUES (237365,'D','          ','Vaterschaft Zurückzuerstattende Leistungen Selbständigerwerb.','20210101000000globrje');
-- INSERT INTO fwcoup (PCOSID,PLAIDE,PCOUID,PCOLUT,PSPY) VALUES (237365,'F','          ','Paternité Prestations à restituer Indépendant','20210101000000globrje');
-- INSERT INTO fwcoup (PCOSID,PLAIDE,PCOUID,PCOLUT,PSPY) VALUES (237366,'D','          ','Vaterschaft Zurückzuerstattende Leistungen Arbeitgeber','20210101000000globrje');
-- INSERT INTO fwcoup (PCOSID,PLAIDE,PCOUID,PCOLUT,PSPY) VALUES (237366,'F','          ','Paternité Prestations à restituer Employeur','20210101000000globrje');
-- INSERT INTO fwcoup (PCOSID,PLAIDE,PCOUID,PCOLUT,PSPY) VALUES (237367,'D','          ','Vaterschaft AHV Beiträge Selbständigerwerb.','20210101000000globrje');
-- INSERT INTO fwcoup (PCOSID,PLAIDE,PCOUID,PCOLUT,PSPY) VALUES (237367,'F','          ','Paternité Cotisations AVS Indépendant','20210101000000globrje');
-- INSERT INTO fwcoup (PCOSID,PLAIDE,PCOUID,PCOLUT,PSPY) VALUES (237368,'D','          ','Vaterschaft ALV Beiträge Selbständigerwerb.','20210101000000globrje');
-- INSERT INTO fwcoup (PCOSID,PLAIDE,PCOUID,PCOLUT,PSPY) VALUES (237368,'F','          ','Paternité Cotisations AC Indépendant','20210101000000globrje');
-- INSERT INTO fwcoup (PCOSID,PLAIDE,PCOUID,PCOLUT,PSPY) VALUES (237369,'D','          ','Vaterschaft Verrechungsfonds Arbeitgeber','20210101000000globrje');
-- INSERT INTO fwcoup (PCOSID,PLAIDE,PCOUID,PCOLUT,PSPY) VALUES (237369,'F','          ','Paternité Fonds de compensation Employeur','20210101000000globrje');
-- INSERT INTO fwcoup (PCOSID,PLAIDE,PCOUID,PCOLUT,PSPY) VALUES (237370,'D','          ','Vaterschaft Verrechungsfonds Selbständigerwerb.','20210101000000globrje');
-- INSERT INTO fwcoup (PCOSID,PLAIDE,PCOUID,PCOLUT,PSPY) VALUES (237370,'F','          ','Paternité Fonds de compensation Indépendant','20210101000000globrje');
-- INSERT INTO fwcoup (PCOSID,PLAIDE,PCOUID,PCOLUT,PSPY) VALUES (237371,'D','          ','Vaterschaft Quellensteuer Selbständigerwerb.','20210101000000globrje');
-- INSERT INTO fwcoup (PCOSID,PLAIDE,PCOUID,PCOLUT,PSPY) VALUES (237371,'F','          ','Paternité Impôt à la source Indépendant','20210101000000globrje');
-- INSERT INTO fwcosp (PCOSID,PPTYGR,PCONCS,PPTYCN,PPTYCL,PPTYSA,PCOSLI,PCOSDF,PCOSDM,PCOSDP,PCOIAN,PCOIDE,PCODFI,PCOITC,PCOISE,PSPY) VALUES (237351,'OSIREFRUB ',1,1,0,0,'PATERNITE_EMPL_AVEC_AC',2,2,2,2,2,2,10200037,0,'20210101000000globrje');
-- INSERT INTO fwcosp (PCOSID,PPTYGR,PCONCS,PPTYCN,PPTYCL,PPTYSA,PCOSLI,PCOSDF,PCOSDM,PCOSDP,PCOIAN,PCOIDE,PCODFI,PCOITC,PCOISE,PSPY) VALUES (237352,'OSIREFRUB ',1,1,0,0,'PATERNITE_EMPL_SANS_AC',2,2,2,2,2,2,10200037,0,'20210101000000globrje');
-- INSERT INTO fwcosp (PCOSID,PPTYGR,PCONCS,PPTYCN,PPTYCL,PPTYSA,PCOSLI,PCOSDF,PCOSDM,PCOSDP,PCOIAN,PCOIDE,PCODFI,PCOITC,PCOISE,PSPY) VALUES (237353,'OSIREFRUB ',1,1,0,0,'PATERNITE_ASSURE_AVEC_AC',2,2,2,2,2,2,10200037,0,'20210101000000globrje');
-- INSERT INTO fwcosp (PCOSID,PPTYGR,PCONCS,PPTYCN,PPTYCL,PPTYSA,PCOSLI,PCOSDF,PCOSDM,PCOSDP,PCOIAN,PCOIDE,PCODFI,PCOITC,PCOISE,PSPY) VALUES (237354,'OSIREFRUB ',1,1,0,0,'PATERNITE_ASSURE_SANS_AC',2,2,2,2,2,2,10200037,0,'20210101000000globrje');
-- INSERT INTO fwcosp (PCOSID,PPTYGR,PCONCS,PPTYCN,PPTYCL,PPTYSA,PCOSLI,PCOSDF,PCOSDM,PCOSDP,PCOIAN,PCOIDE,PCODFI,PCOITC,PCOISE,PSPY) VALUES (237355,'OSIREFRUB ',1,1,0,0,'PATERNITE_SANS_COTISATIONS',2,2,2,2,2,2,10200037,0,'20210101000000globrje');
-- INSERT INTO fwcosp (PCOSID,PPTYGR,PCONCS,PPTYCN,PPTYCL,PPTYSA,PCOSLI,PCOSDF,PCOSDM,PCOSDP,PCOIAN,PCOIDE,PCODFI,PCOITC,PCOISE,PSPY) VALUES (237356,'OSIREFRUB ',1,1,0,0,'PATERNITE_PRESTATIONS_RESTITUER_ASSURE',2,2,2,2,2,2,10200037,0,'20210101000000globrje');
-- INSERT INTO fwcosp (PCOSID,PPTYGR,PCONCS,PPTYCN,PPTYCL,PPTYSA,PCOSLI,PCOSDF,PCOSDM,PCOSDP,PCOIAN,PCOIDE,PCODFI,PCOITC,PCOISE,PSPY) VALUES (237357,'OSIREFRUB ',1,1,0,0,'PATERNITE_COTISATIONS_AVS_ASSURE',2,2,2,2,2,2,10200037,0,'20210101000000globrje');
-- INSERT INTO fwcosp (PCOSID,PPTYGR,PCONCS,PPTYCN,PPTYCL,PPTYSA,PCOSLI,PCOSDF,PCOSDM,PCOSDP,PCOIAN,PCOIDE,PCODFI,PCOITC,PCOISE,PSPY) VALUES (237358,'OSIREFRUB ',1,1,0,0,'PATERNITE_COTISATIONS_AC_ASSURE',2,2,2,2,2,2,10200037,0,'20210101000000globrje');
-- INSERT INTO fwcosp (PCOSID,PPTYGR,PCONCS,PPTYCN,PPTYCL,PPTYSA,PCOSLI,PCOSDF,PCOSDM,PCOSDP,PCOIAN,PCOIDE,PCODFI,PCOITC,PCOISE,PSPY) VALUES (237359,'OSIREFRUB ',1,1,0,0,'PATERNITE_FONDS_COMPENSATIONS_ASSURE',2,2,2,2,2,2,10200037,0,'20210101000000globrje');
-- INSERT INTO fwcosp (PCOSID,PPTYGR,PCONCS,PPTYCN,PPTYCL,PPTYSA,PCOSLI,PCOSDF,PCOSDM,PCOSDP,PCOIAN,PCOIDE,PCODFI,PCOITC,PCOISE,PSPY) VALUES (237360,'OSIREFRUB ',1,1,0,0,'PATERNITE_IMPOT_SOURCE_ASSURE',2,2,2,2,2,2,10200037,0,'20210101000000globrje');
-- INSERT INTO fwcosp (PCOSID,PPTYGR,PCONCS,PPTYCN,PPTYCL,PPTYSA,PCOSLI,PCOSDF,PCOSDM,PCOSDP,PCOIAN,PCOIDE,PCODFI,PCOITC,PCOISE,PSPY) VALUES (237361,'OSIREFRUB ',1,1,0,0,'PATERNITE_COTISATIONS_LFA',2,2,2,2,2,2,10200037,0,'20210101000000globrje');
-- INSERT INTO fwcosp (PCOSID,PPTYGR,PCONCS,PPTYCN,PPTYCL,PPTYSA,PCOSLI,PCOSDF,PCOSDM,PCOSDP,PCOIAN,PCOIDE,PCODFI,PCOITC,PCOISE,PSPY) VALUES (237362,'OSIREFRUB ',1,1,0,0,'PATERNITE_FRAIS_ADMINISTRATION',2,2,2,2,2,2,10200037,0,'20210101000000globrje');
-- INSERT INTO fwcosp (PCOSID,PPTYGR,PCONCS,PPTYCN,PPTYCL,PPTYSA,PCOSLI,PCOSDF,PCOSDM,PCOSDP,PCOIAN,PCOIDE,PCODFI,PCOITC,PCOISE,PSPY) VALUES (237363,'OSIREFRUB ',1,1,0,0,'PATERNITE_INDEPENDANT_AVEC_AC',2,2,2,2,2,2,10200037,0,'20210101000000globrje');
-- INSERT INTO fwcosp (PCOSID,PPTYGR,PCONCS,PPTYCN,PPTYCL,PPTYSA,PCOSLI,PCOSDF,PCOSDM,PCOSDP,PCOIAN,PCOIDE,PCODFI,PCOITC,PCOISE,PSPY) VALUES (237364,'OSIREFRUB ',1,1,0,0,'PATERNITE_INDEPENDANT_SANS_AC',2,2,2,2,2,2,10200037,0,'20210101000000globrje');
-- INSERT INTO fwcosp (PCOSID,PPTYGR,PCONCS,PPTYCN,PPTYCL,PPTYSA,PCOSLI,PCOSDF,PCOSDM,PCOSDP,PCOIAN,PCOIDE,PCODFI,PCOITC,PCOISE,PSPY) VALUES (237365,'OSIREFRUB ',1,1,0,0,'PATERNITE_PRESTATIONS_RESTITUER_INDEPENDANT',2,2,2,2,2,2,10200037,0,'20210101000000globrje');
-- INSERT INTO fwcosp (PCOSID,PPTYGR,PCONCS,PPTYCN,PPTYCL,PPTYSA,PCOSLI,PCOSDF,PCOSDM,PCOSDP,PCOIAN,PCOIDE,PCODFI,PCOITC,PCOISE,PSPY) VALUES (237366,'OSIREFRUB ',1,1,0,0,'PATERNITE_PRESTATIONS_RESTITUER_EMPLOYEUR',2,2,2,2,2,2,10200037,0,'20210101000000globrje');
-- INSERT INTO fwcosp (PCOSID,PPTYGR,PCONCS,PPTYCN,PPTYCL,PPTYSA,PCOSLI,PCOSDF,PCOSDM,PCOSDP,PCOIAN,PCOIDE,PCODFI,PCOITC,PCOISE,PSPY) VALUES (237367,'OSIREFRUB ',1,1,0,0,'PATERNITE_COTISATIONS_AVS_INDEPENDANT',2,2,2,2,2,2,10200037,0,'20210101000000globrje');
-- INSERT INTO fwcosp (PCOSID,PPTYGR,PCONCS,PPTYCN,PPTYCL,PPTYSA,PCOSLI,PCOSDF,PCOSDM,PCOSDP,PCOIAN,PCOIDE,PCODFI,PCOITC,PCOISE,PSPY) VALUES (237368,'OSIREFRUB ',1,1,0,0,'PATERNITE_COTISATIONS_AC_INDEPENDANT',2,2,2,2,2,2,10200037,0,'20210101000000globrje');
-- INSERT INTO fwcosp (PCOSID,PPTYGR,PCONCS,PPTYCN,PPTYCL,PPTYSA,PCOSLI,PCOSDF,PCOSDM,PCOSDP,PCOIAN,PCOIDE,PCODFI,PCOITC,PCOISE,PSPY) VALUES (237369,'OSIREFRUB ',1,1,0,0,'PATERNITE_FONDS_COMPENSATIONS_EMPLOYEUR',2,2,2,2,2,2,10200037,0,'20210101000000globrje');
-- INSERT INTO fwcosp (PCOSID,PPTYGR,PCONCS,PPTYCN,PPTYCL,PPTYSA,PCOSLI,PCOSDF,PCOSDM,PCOSDP,PCOIAN,PCOIDE,PCODFI,PCOITC,PCOISE,PSPY) VALUES (237370,'OSIREFRUB ',1,1,0,0,'PATERNITE_FONDS_COMPENSATIONS_INDEPENDANT',2,2,2,2,2,2,10200037,0,'20210101000000globrje');
-- INSERT INTO fwcosp (PCOSID,PPTYGR,PCONCS,PPTYCN,PPTYCL,PPTYSA,PCOSLI,PCOSDF,PCOSDM,PCOSDP,PCOIAN,PCOIDE,PCODFI,PCOITC,PCOISE,PSPY) VALUES (237371,'OSIREFRUB ',1,1,0,0,'PATERNITE_IMPOT_SOURCE_INDEPENDANT',2,2,2,2,2,2,10200037,0,'20210101000000globrje');
--
-- INSERT INTO FWPARP (PPARAP,PPACDI,PPARIA,PPADDE,PPARPD,PCOSID,PPARPF,PPARVA,PPRAVN,PPRADE,CSTYUN,PCOITC,PSPY)
-- VALUES ('APG','PATJOURMAX',0,20210101,0.000000,1,0.000000,'',14,'Paternité - Jours maximum',0,0,'20210101000000globrje');
--
-- INSERT INTO FWPARP (PPARAP,PPACDI,PPARIA,PPADDE,PPARPD,PCOSID,PPARPF,PPARVA,PPRAVN,PPRADE,CSTYUN,PCOITC,PSPY)
-- VALUES ('APG','PATMOISMAX',0,20210101,0.000000,1,0.000000,'',6,'Paternité - Durée en mois maximum',0,0,'20210101000000globrje');

-- INSERT INTO fwcosp (PCOSID,PPTYGR,PCONCS,PPTYCN,PPTYCL,PPTYSA,PCOSLI,PCOSDF,PCOSDM,PCOSDP,PCOIAN,PCOIDE,PCODFI,PCOITC,PCOISE,PSPY)
-- VALUES (209014,'OSIORDLIV ',5,1,0,0,'APAT                                    ',2,1,2,2,2,2,10200009,0,'20210101000000globrje');
-- INSERT INTO fwcoup (PCOSID,PLAIDE,PCOUID,PCOLUT,PSPY) VALUES (209014,'D','VV        ','Vatterschaftversicherung                                    ','20210101000000globrje');
-- INSERT INTO fwcoup (PCOSID,PLAIDE,PCOUID,PCOLUT,PSPY) VALUES (209014,'F','APAT      ','Assurance paternité                                         ','20210101000000globrje');
--
-- INSERT INTO JADEPROP (PROPNAME,PROPVAL,CSPY,PSPY) VALUES ('apg.nature.versement.paternite','NATURE_VERSEMENT_PATERNITE','202102091120000Globaz    ','202102091120000Globaz    ');

-- TODO: A METTRE A JOUR POUR PROCHE AIDANT SI NECESSAIRE
-- Propriété pour afficher période sur Décision paternité
-- INSERT INTO JADEPROP (PROPNAME,PROPVAL,CSPY,PSPY) VALUES ('apg.decision.paternite.affichage.periode','true','202102151120000Globaz    ','202102151120000Globaz    ');
-- INSERT INTO JADEPROP (PROPNAME,PROPVAL,CSPY,PSPY) VALUES ('apg.domaine.adresse.paternite','','202102151120000Globaz    ','202102151120000Globaz    ');

-- TODO: A METTRE A JOUR POUR PROCHE AIDANT SI NECESSAIRE
-- ged
-- INSERT INTO FWDDOC (IDDOC,IDCONF,NUMREF,DESCFR,DESCDE,DESCIT,DOCTYP,PSPY,OUTXML,OUTPDF) VALUES ((SELECT MAX(IDDOC)+1 FROM FWDDOC),1,'5053PAP','Décision d''allocation paternité',null,null,null,null,'2','1');
-- INSERT INTO FWDDOC (IDDOC,IDCONF,NUMREF,DESCFR,DESCDE,DESCIT,DOCTYP,PSPY,OUTXML,OUTPDF) VALUES ((SELECT MAX(IDDOC)+1 FROM FWDDOC),1,'5054PAP','Attestation fiscale paternité',null,null,null,null,'2','1');